project,task_id,tier,install_t,end_t,duration_h,end_reason,n_modules,skip_count_at_install,owner_dispatched_during,reserved_mod_h,idle_reserved_mod_h,next_demand_gap_h,n_blocked_topskips_during,modules
reify,164,,2026-04-11T11:00:32.195478+00:00,2026-04-11T11:31:12.245315+00:00,0.5111,lease_expired,5,4,0,2.556,0.511,0.000,0,crates/reify-compiler/src;crates/reify-compiler/tests;crates/reify-eval/src;crates/reify-syntax/src;crates/reify-types/src
reify,164,,2026-04-11T11:31:13.742256+00:00,2026-04-11T16:05:43.703262+00:00,4.5750,lease_expired,5,4,0,22.875,8.538,0.000,0,crates/reify-compiler/src;crates/reify-compiler/tests;crates/reify-eval/src;crates/reify-syntax/src;crates/reify-types/src
reify,164,,2026-04-11T16:05:45.696828+00:00,2026-04-11T16:24:59.846888+00:00,0.3206,used,5,4,0,1.603,0.349,4.919,0,crates/reify-compiler/src;crates/reify-compiler/tests;crates/reify-eval/src;crates/reify-syntax/src;crates/reify-types/src
reify,249,,2026-04-11T21:03:59.956489+00:00,2026-04-12T06:35:30.817118+00:00,9.5252,era_death,3,4,0,28.576,27.734,0.007,20,crates/reify-compiler;crates/reify-expr;crates/reify-types
reify,165,,2026-04-11T21:16:13.934235+00:00,2026-04-12T06:35:30.817118+00:00,9.3214,era_death,3,4,0,27.964,27.557,36.042,0,crates/reify-compiler/tests;crates/reify-eval/tests;examples/m8_option_match.ri
reify,273,,2026-04-12T06:35:57.210338+00:00,2026-04-13T16:41:26.465203+00:00,34.0915,era_death,3,4,0,102.274,0.000,0.164,0,crates/reify-compiler/src;crates/reify-eval/src;crates/reify-types/src
reify,259,,2026-04-13T16:51:19.433141+00:00,2026-04-13T18:05:49.373845+00:00,1.2417,lease_expired,1,4,0,1.242,0.000,0.982,0,crates/reify-eval/src
reify,179,,2026-04-13T18:33:41.533607+00:00,2026-04-13T18:38:01.241457+00:00,0.0721,used,3,4,0,0.216,0.072,0.277,0,crates/reify-compiler/tests;crates/reify-eval/tests;examples/m8_combined.ri
reify,259,,2026-04-13T18:15:49.994672+00:00,2026-04-13T19:04:42.957304+00:00,0.8147,silent_owner_dispatch_then_release,1,4,1,0.815,0.000,0.000,0,crates/reify-eval/src
reify,251,,2026-04-13T18:38:34.398754+00:00,2026-04-13T23:02:23.371827+00:00,4.3969,lease_expired,2,4,1,8.794,0.000,0.045,10,crates/reify-compiler/tests;crates/reify-eval/tests
reify,260,,2026-04-13T18:55:24.141203+00:00,2026-04-13T23:02:23.372931+00:00,4.1165,lease_expired,2,4,0,8.233,4.116,0.984,0,crates/reify-eval/tests;examples/m10_purpose_activation.ri
reify,260,,2026-04-13T23:04:07.545943+00:00,2026-04-13T23:05:04.808508+00:00,0.0159,used,2,4,0,0.032,0.016,0.939,0,crates/reify-eval/tests;examples/m10_purpose_activation.ri
reify,273,,2026-04-13T23:11:16.449290+00:00,2026-04-13T23:18:37.048996+00:00,0.1224,used,3,4,0,0.367,0.000,0.179,0,crates/reify-compiler/src;crates/reify-eval/src;crates/reify-types/src
reify,275,,2026-04-13T23:21:52.357732+00:00,2026-04-14T00:27:24.492613+00:00,1.0923,lease_expired,9,4,0,9.830,2.862,4.637,29,crates/reify-compiler/src;crates/reify-compiler/tests;crates/reify-eval/tests;crates/reify-lsp/src;crates/reify-syntax/src;crates/reify-syntax/tests;crates/reify-test-support/src;crates/reify-types/src;tree-sitter-reify/grammar.js
reify,343,,2026-04-14T00:01:24.646677+00:00,2026-04-14T04:02:46.884700+00:00,4.0228,lease_expired,2,4,0,8.046,0.000,1.273,0,crates/reify-compiler/src;crates/reify-eval/src
reify,273,,2026-04-13T23:48:46.102810+00:00,2026-04-14T04:02:46.886859+00:00,4.2336,lease_expired,7,4,1,29.635,0.632,1.047,16,crates/reify-compiler/src;crates/reify-compiler/tests;crates/reify-eval/src;crates/reify-eval/tests;crates/reify-test-support/src;crates/reify-types/src;crates/reify-types/tests
reify,343,,2026-04-14T04:02:50.884868+00:00,2026-04-14T05:05:36.898718+00:00,1.0461,lease_expired,2,4,0,2.092,0.000,0.226,0,crates/reify-compiler/src;crates/reify-eval/src
reify,262,,2026-04-14T04:25:29.546680+00:00,2026-04-14T05:05:37.273807+00:00,0.6688,used,2,4,0,1.338,0.000,1.191,0,crates/reify-eval/tests;examples/m10_combined.ri
reify,274,,2026-04-14T05:05:39.295324+00:00,2026-04-14T06:08:43.748000+00:00,1.0512,era_death,2,4,0,2.102,0.000,0.923,0,crates/reify-compiler/tests;crates/reify-eval/tests
reify,277,,2026-04-14T06:17:08.612490+00:00,2026-04-14T06:28:57.330695+00:00,0.1969,era_death,2,4,0,0.394,0.000,0.585,0,crates/reify-compiler/tests;crates/reify-eval/tests
reify,277,,2026-04-14T07:04:06.853735+00:00,2026-04-14T07:08:27.987512+00:00,0.0725,lease_expired,4,4,0,0.290,0.145,2.733,0,crates/reify-compiler/src/annotations.rs;crates/reify-compiler/src/lib.rs;crates/reify-compiler/tests/solver_hint_tests.rs;crates/reify-eval/tests/solver_hint_eval_tests.rs
reify,315,,2026-04-14T09:52:29.947010+00:00,2026-04-14T11:36:53.919002+00:00,1.7400,lease_expired,4,4,0,6.960,0.000,0.893,0,crates/reify-compiler/src/geometry.rs;crates/reify-eval/src/lib.rs;crates/reify-kernel-occt/src/ffi.rs;crates/reify-kernel-occt/src/lib.rs
reify,315,,2026-04-14T12:30:29.265481+00:00,2026-04-14T13:37:57.302637+00:00,1.1245,lease_expired,4,4,0,4.498,0.000,2.018,0,crates/reify-compiler/src/geometry.rs;crates/reify-eval/src/lib.rs;crates/reify-kernel-occt/src/ffi.rs;crates/reify-kernel-occt/src/lib.rs
reify,275,,2026-04-14T14:18:53.364514+00:00,2026-04-14T14:41:09.310127+00:00,0.3711,era_death,13,4,0,4.824,1.978,0.967,0,crates/reify-compiler/src/annotations.rs;crates/reify-compiler/src/conformance.rs;crates/reify-compiler/src/entity.rs;crates/reify-compiler/src/guards.rs;crates/reify-compiler/src/types.rs;crates/reify-compiler/tests/solver_hint_tests.rs;crates/reify-eval/tests/guard_eval.rs;crates/reify-eval/tests/meta_eval_integration.rs;crates/reify-syntax/src/lib.rs;crates/reify-syntax/src/ts_parser.rs;crates/reify-syntax/tests/annotation_tests.rs;crates/reify-test-support/src/builders;tree-sitter-reify/grammar.js
reify,1609,,2026-04-14T15:39:04.133756+00:00,2026-04-14T19:08:13.791257+00:00,3.4860,lease_expired,2,4,0,6.972,0.000,0.306,0,crates/reify-compiler/src/geometry.rs;crates/reify-eval/src/lib.rs
reify,275,,2026-04-14T19:15:23.466349+00:00,2026-04-14T19:59:49.313449+00:00,0.7405,used,14,4,0,10.367,7.517,4.896,0,crates/reify-compiler/src/annotations.rs;crates/reify-compiler/src/conformance.rs;crates/reify-compiler/src/entity.rs;crates/reify-compiler/src/guards.rs;crates/reify-compiler/src/lib.rs;crates/reify-compiler/src/types.rs;crates/reify-compiler/tests/solver_hint_tests.rs;crates/reify-eval/tests/guard_eval.rs;crates/reify-eval/tests/meta_eval_integration.rs;crates/reify-syntax/src/lib.rs;crates/reify-syntax/src/ts_parser.rs;crates/reify-syntax/tests/annotation_tests.rs;crates/reify-test-support/src/builders;tree-sitter-reify/grammar.js
reify,320,,2026-04-14T20:01:12.747865+00:00,2026-04-15T00:07:07.488665+00:00,4.0985,lease_expired,11,4,0,45.084,24.591,0.000,0,crates/reify-compiler/src/geometry.rs;crates/reify-compiler/src/types.rs;crates/reify-compiler/src/units.rs;crates/reify-eval/src/lib.rs;crates/reify-eval/tests/curve_constructors_e2e.rs;crates/reify-kernel-occt/cpp/occt_wrapper.cpp;crates/reify-kernel-occt/cpp/occt_wrapper.h;crates/reify-kernel-occt/src/ffi.rs;crates/reify-kernel-occt/src/lib.rs;crates/reify-kernel-occt/tests/curve_constructors_integration.rs;crates/reify-types/src/geometry.rs
reify,320,,2026-04-15T00:07:33.485047+00:00,2026-04-15T00:53:34.040802+00:00,0.7668,used,11,4,0,8.435,5.037,1.206,0,crates/reify-compiler/src/geometry.rs;crates/reify-compiler/src/types.rs;crates/reify-compiler/src/units.rs;crates/reify-eval/src/lib.rs;crates/reify-eval/tests/curve_constructors_e2e.rs;crates/reify-kernel-occt/cpp/occt_wrapper.cpp;crates/reify-kernel-occt/cpp/occt_wrapper.h;crates/reify-kernel-occt/src/ffi.rs;crates/reify-kernel-occt/src/lib.rs;crates/reify-kernel-occt/tests/curve_constructors_integration.rs;crates/reify-types/src/geometry.rs
reify,1609,,2026-04-14T19:10:37.681636+00:00,2026-04-15T00:53:34.592344+00:00,5.7158,reinstall_anomaly,2,4,1,11.432,0.000,1.206,105,crates/reify-compiler/src/geometry.rs;crates/reify-eval/src/lib.rs
reify,1609,,2026-04-15T00:53:34.592344+00:00,2026-04-15T01:57:32.977815+00:00,1.0662,lease_expired,5,10,0,5.331,3.964,0.001,0,crates/reify-compiler/src/entity.rs;crates/reify-compiler/src/geometry.rs;crates/reify-compiler/src/guards.rs;crates/reify-compiler/src/lib.rs;crates/reify-compiler/tests/let_scope_tests.rs
reify,1609,,2026-04-15T01:57:45.917427+00:00,2026-04-15T02:08:50.527367+00:00,0.1846,used,5,4,0,0.923,0.233,3.502,0,crates/reify-compiler/src/entity.rs;crates/reify-compiler/src/geometry.rs;crates/reify-compiler/src/guards.rs;crates/reify-compiler/src/lib.rs;crates/reify-compiler/tests/let_scope_tests.rs
reify,296,,2026-04-15T02:24:13.762351+00:00,2026-04-15T05:03:23.629348+00:00,2.6527,lease_expired,3,4,0,7.958,0.000,0.082,0,crates/reify-compiler/src/lib.rs;crates/reify-eval/src/lib.rs;crates/reify-types/src/value.rs
reify,296,,2026-04-15T05:08:19.815575+00:00,2026-04-15T05:38:56.172598+00:00,0.5101,used,3,4,0,1.530,0.602,1.142,0,crates/reify-compiler/src/lib.rs;crates/reify-eval/src/lib.rs;crates/reify-types/src/value.rs
reify,1715,,2026-04-15T06:29:15.605157+00:00,2026-04-15T06:31:38.285389+00:00,0.0396,used,2,4,0,0.079,0.079,0.772,0,crates/reify-compiler/src/geometry.rs;crates/reify-compiler/tests/let_scope_tests.rs
reify,612,,2026-04-15T05:38:57.777310+00:00,2026-04-15T06:40:21.414409+00:00,1.0232,lease_expired,3,4,0,3.070,0.878,0.119,8,crates/reify-compiler/src/geometry.rs;crates/reify-compiler/src/lib.rs;crates/reify-eval/src/lib.rs
reify,1719,,2026-04-15T06:31:50.799955+00:00,2026-04-15T07:43:23.609003+00:00,1.1924,lease_expired,3,4,0,3.577,1.617,1.017,12,crates/reify-compiler/src/geometry.rs;crates/reify-compiler/src/units.rs;crates/reify-compiler/tests/let_scope_tests.rs
reify,612,,2026-04-15T06:47:29.533582+00:00,2026-04-15T07:58:33.476100+00:00,1.1844,lease_expired,3,4,1,3.553,0.000,2.517,30,crates/reify-compiler/src/geometry.rs;crates/reify-compiler/src/lib.rs;crates/reify-eval/src/lib.rs
reify,1719,,2026-04-15T07:43:25.064115+00:00,2026-04-15T08:44:23.742029+00:00,1.0163,lease_expired,3,4,0,3.049,2.033,0.000,11,crates/reify-compiler/src/geometry.rs;crates/reify-compiler/src/units.rs;crates/reify-compiler/tests/let_scope_tests.rs
reify,323,,2026-04-15T08:06:49.622200+00:00,2026-04-15T10:29:34.160186+00:00,2.3790,lease_expired,9,4,0,21.411,16.653,1.782,0,crates/reify-compiler/src/geometry.rs;crates/reify-compiler/src/types.rs;crates/reify-compiler/src/units.rs;crates/reify-eval/src/lib.rs;crates/reify-kernel-occt/cpp/occt_wrapper.cpp;crates/reify-kernel-occt/cpp/occt_wrapper.h;crates/reify-kernel-occt/src/ffi.rs;crates/reify-kernel-occt/src/lib.rs;crates/reify-types/src/geometry.rs
reify,1741,,2026-04-15T11:09:52.205672+00:00,2026-04-15T12:11:35.300015+00:00,1.0286,lease_expired,23,4,0,23.659,23.659,0.000,0,gui/src-tauri/src/commands.rs;gui/src-tauri/src/diff.rs;gui/src-tauri/src/engine.rs;gui/src-tauri/src/lib.rs;gui/src-tauri/src/tests;gui/src-tauri/src/types.rs;gui/src/App.module.css;gui/src/App.tsx;gui/src/__tests__/App.test.tsx;gui/src/__tests__/DesignTree.test.tsx;gui/src/__tests__/designTreeStore.test.ts;gui/src/__tests__/viewStateStore.test.ts;gui/src/__tests__/viewport;gui/src/bridge.ts;gui/src/debug.ts;gui/src/panels/DesignTree.module.css;gui/src/panels/DesignTree.tsx;gui/src/panels/index.ts;gui/src/stores/designTreeStore.ts;gui/src/stores/index.ts;gui/src/stores/viewStateStore.ts;gui/src/types.ts;gui/src/viewport/meshManager.ts
reify,1741,,2026-04-15T12:11:37.133106+00:00,2026-04-15T16:03:50.593746+00:00,3.8704,lease_expired,23,4,0,89.019,79.431,0.000,0,gui/src-tauri/src/commands.rs;gui/src-tauri/src/diff.rs;gui/src-tauri/src/engine.rs;gui/src-tauri/src/lib.rs;gui/src-tauri/src/tests;gui/src-tauri/src/types.rs;gui/src/App.module.css;gui/src/App.tsx;gui/src/__tests__/App.test.tsx;gui/src/__tests__/DesignTree.test.tsx;gui/src/__tests__/designTreeStore.test.ts;gui/src/__tests__/viewStateStore.test.ts;gui/src/__tests__/viewport;gui/src/bridge.ts;gui/src/debug.ts;gui/src/panels/DesignTree.module.css;gui/src/panels/DesignTree.tsx;gui/src/panels/index.ts;gui/src/stores/designTreeStore.ts;gui/src/stores/index.ts;gui/src/stores/viewStateStore.ts;gui/src/types.ts;gui/src/viewport/meshManager.ts
reify,1281,,2026-04-15T10:29:37.978672+00:00,2026-04-15T16:25:22.964065+00:00,5.9292,silent_owner_dispatch_then_release,2,4,1,11.858,0.001,0.206,0,crates/reify-compiler/src/expr.rs;crates/reify-compiler/src/lib.rs
reify,1741,,2026-04-15T16:03:52.219113+00:00,2026-04-15T17:05:31.216370+00:00,1.0275,lease_expired,23,4,0,23.632,18.819,0.000,0,gui/src-tauri/src/commands.rs;gui/src-tauri/src/diff.rs;gui/src-tauri/src/engine.rs;gui/src-tauri/src/lib.rs;gui/src-tauri/src/tests;gui/src-tauri/src/types.rs;gui/src/App.module.css;gui/src/App.tsx;gui/src/__tests__/App.test.tsx;gui/src/__tests__/DesignTree.test.tsx;gui/src/__tests__/designTreeStore.test.ts;gui/src/__tests__/viewStateStore.test.ts;gui/src/__tests__/viewport;gui/src/bridge.ts;gui/src/debug.ts;gui/src/panels/DesignTree.module.css;gui/src/panels/DesignTree.tsx;gui/src/panels/index.ts;gui/src/stores/designTreeStore.ts;gui/src/stores/index.ts;gui/src/stores/viewStateStore.ts;gui/src/types.ts;gui/src/viewport/meshManager.ts
reify,1741,,2026-04-15T17:05:33.302111+00:00,2026-04-15T21:08:44.555373+00:00,4.0531,lease_expired,23,4,0,93.222,60.286,0.000,0,gui/src-tauri/src/commands.rs;gui/src-tauri/src/diff.rs;gui/src-tauri/src/engine.rs;gui/src-tauri/src/lib.rs;gui/src-tauri/src/tests;gui/src-tauri/src/types.rs;gui/src/App.module.css;gui/src/App.tsx;gui/src/__tests__/App.test.tsx;gui/src/__tests__/DesignTree.test.tsx;gui/src/__tests__/designTreeStore.test.ts;gui/src/__tests__/viewStateStore.test.ts;gui/src/__tests__/viewport;gui/src/bridge.ts;gui/src/debug.ts;gui/src/panels/DesignTree.module.css;gui/src/panels/DesignTree.tsx;gui/src/panels/index.ts;gui/src/stores/designTreeStore.ts;gui/src/stores/index.ts;gui/src/stores/viewStateStore.ts;gui/src/types.ts;gui/src/viewport/meshManager.ts
reify,1741,,2026-04-15T21:08:46.190439+00:00,2026-04-15T21:32:57.042989+00:00,0.4030,used,23,4,0,9.269,5.750,23.551,0,gui/src-tauri/src/commands.rs;gui/src-tauri/src/diff.rs;gui/src-tauri/src/engine.rs;gui/src-tauri/src/lib.rs;gui/src-tauri/src/tests;gui/src-tauri/src/types.rs;gui/src/App.module.css;gui/src/App.tsx;gui/src/__tests__/App.test.tsx;gui/src/__tests__/DesignTree.test.tsx;gui/src/__tests__/designTreeStore.test.ts;gui/src/__tests__/viewStateStore.test.ts;gui/src/__tests__/viewport;gui/src/bridge.ts;gui/src/debug.ts;gui/src/panels/DesignTree.module.css;gui/src/panels/DesignTree.tsx;gui/src/panels/index.ts;gui/src/stores/designTreeStore.ts;gui/src/stores/index.ts;gui/src/stores/viewStateStore.ts;gui/src/types.ts;gui/src/viewport/meshManager.ts
reify,1764,,2026-04-15T21:32:58.825949+00:00,2026-04-16T02:04:06.380948+00:00,4.5188,lease_expired,12,4,0,54.225,0.000,4.503,0,gui/src-tauri/src/diff.rs;gui/src-tauri/src/engine.rs;gui/src-tauri/src/tests;gui/src-tauri/src/types.rs;gui/src/App.tsx;gui/src/__tests__/StatusBar.test.tsx;gui/src/__tests__/engineStore.test.ts;gui/src/bridge.ts;gui/src/panels/StatusBar.module.css;gui/src/panels/StatusBar.tsx;gui/src/stores/engineStore.ts;gui/src/types.ts
reify,1764,,2026-04-16T02:06:00.685086+00:00,2026-04-16T03:04:45.291279+00:00,0.9791,lease_expired,12,4,0,11.749,0.000,3.493,0,gui/src-tauri/src/diff.rs;gui/src-tauri/src/engine.rs;gui/src-tauri/src/tests;gui/src-tauri/src/types.rs;gui/src/App.tsx;gui/src/__tests__/StatusBar.test.tsx;gui/src/__tests__/engineStore.test.ts;gui/src/bridge.ts;gui/src/panels/StatusBar.module.css;gui/src/panels/StatusBar.tsx;gui/src/stores/engineStore.ts;gui/src/types.ts
reify,1764,,2026-04-16T03:07:28.669189+00:00,2026-04-16T06:33:23.717131+00:00,3.4320,era_death,12,4,0,41.183,0.000,0.015,0,gui/src-tauri/src/diff.rs;gui/src-tauri/src/engine.rs;gui/src-tauri/src/tests;gui/src-tauri/src/types.rs;gui/src/App.tsx;gui/src/__tests__/StatusBar.test.tsx;gui/src/__tests__/engineStore.test.ts;gui/src/bridge.ts;gui/src/panels/StatusBar.module.css;gui/src/panels/StatusBar.tsx;gui/src/stores/engineStore.ts;gui/src/types.ts
reify,1764,,2026-04-16T06:34:20.379110+00:00,2026-04-16T06:35:50.794501+00:00,0.0251,era_death,12,4,0,0.301,0.126,13.853,0,gui/src-tauri/src/diff.rs;gui/src-tauri/src/engine.rs;gui/src-tauri/src/tests;gui/src-tauri/src/types.rs;gui/src/App.tsx;gui/src/__tests__/StatusBar.test.tsx;gui/src/__tests__/engineStore.test.ts;gui/src/bridge.ts;gui/src/panels/StatusBar.module.css;gui/src/panels/StatusBar.tsx;gui/src/stores/engineStore.ts;gui/src/types.ts
reify,1764,,2026-04-16T20:27:02.891392+00:00,2026-04-16T20:57:43.122100+00:00,0.5112,lease_expired,12,4,0,6.134,2.556,0.288,0,gui/src-tauri/src/diff.rs;gui/src-tauri/src/engine.rs;gui/src-tauri/src/tests;gui/src-tauri/src/types.rs;gui/src/App.tsx;gui/src/__tests__/StatusBar.test.tsx;gui/src/__tests__/engineStore.test.ts;gui/src/bridge.ts;gui/src/panels/StatusBar.module.css;gui/src/panels/StatusBar.tsx;gui/src/stores/engineStore.ts;gui/src/types.ts
reify,1764,,2026-04-16T20:58:32.380349+00:00,2026-04-16T21:06:02.176372+00:00,0.1249,used,12,4,0,1.499,0.628,0.149,0,gui/src-tauri/src/diff.rs;gui/src-tauri/src/engine.rs;gui/src-tauri/src/tests;gui/src-tauri/src/types.rs;gui/src/App.tsx;gui/src/__tests__/StatusBar.test.tsx;gui/src/__tests__/engineStore.test.ts;gui/src/bridge.ts;gui/src/panels/StatusBar.module.css;gui/src/panels/StatusBar.tsx;gui/src/stores/engineStore.ts;gui/src/types.ts
reify,1743,,2026-04-16T21:17:26.394672+00:00,2026-04-16T21:17:36.323968+00:00,0.0028,used,11,4,0,0.030,0.022,1.931,0,gui/src/__tests__/DesignTree.test.tsx;gui/src/__tests__/DesignTreeContextMenu.test.tsx;gui/src/__tests__/viewStateStore.test.ts;gui/src/panels/DesignTree.module.css;gui/src/panels/DesignTree.tsx;gui/src/panels/DesignTreeContextMenu.module.css;gui/src/panels/DesignTreeContextMenu.tsx;gui/src/panels/index.ts;gui/src/stores/index.ts;gui/src/stores/viewStateStore.ts;gui/src/types.ts
reify,1764,,2026-04-16T21:16:07.365273+00:00,2026-04-16T22:02:01.824963+00:00,0.7651,lease_expired,15,4,0,11.477,1.785,0.082,181,gui/src-tauri/src/diff.rs;gui/src-tauri/src/engine.rs;gui/src-tauri/src/tests;gui/src-tauri/src/types.rs;gui/src/App.tsx;gui/src/__tests__/App.test.tsx;gui/src/__tests__/StatusBar.test.tsx;gui/src/__tests__/bridge.test.ts;gui/src/__tests__/engineStore.test.ts;gui/src/__tests__/types.typecheck.ts;gui/src/bridge.ts;gui/src/panels/StatusBar.module.css;gui/src/panels/StatusBar.tsx;gui/src/stores/engineStore.ts;gui/src/types.ts
reify,1768,,2026-04-16T21:06:34.295360+00:00,2026-04-16T22:06:42.231561+00:00,1.0022,lease_expired,4,4,0,4.009,2.337,0.854,208,gui/src/App.tsx;gui/src/__tests__/Editor.test.tsx;gui/src/__tests__/useKeyboardShortcuts.test.ts;gui/src/editor/Editor.tsx
reify,1744,,2026-04-16T21:18:43.050016+00:00,2026-04-16T22:06:56.875708+00:00,0.8038,lease_expired,15,4,0,12.058,5.964,0.000,0,crates/reify-mcp/src/types.rs;crates/reify-mcp/tests/read_tools_tests.rs;gui/src-tauri/src/main.rs;gui/src-tauri/src/tests;gui/src/App.tsx;gui/src/__tests__/App.test.tsx;gui/src/__tests__/selectionStore.test.ts;gui/src/__tests__/useKeyboardShortcuts.test.ts;gui/src/__tests__/viewport;gui/src/debug/bridge.ts;gui/src/debug/types.ts;gui/src/hooks/useKeyboardShortcuts.ts;gui/src/stores/selectionStore.ts;gui/src/viewport/Viewport.tsx;gui/src/viewport/selection.ts
reify,1744,,2026-04-16T22:07:17.929582+00:00,2026-04-16T22:57:56.688163+00:00,0.8441,lease_expired,15,4,0,12.661,6.753,0.000,0,crates/reify-mcp/src/types.rs;crates/reify-mcp/tests/read_tools_tests.rs;gui/src-tauri/src/main.rs;gui/src-tauri/src/tests;gui/src/App.tsx;gui/src/__tests__/App.test.tsx;gui/src/__tests__/selectionStore.test.ts;gui/src/__tests__/useKeyboardShortcuts.test.ts;gui/src/__tests__/viewport;gui/src/debug/bridge.ts;gui/src/debug/types.ts;gui/src/hooks/useKeyboardShortcuts.ts;gui/src/stores/selectionStore.ts;gui/src/viewport/Viewport.tsx;gui/src/viewport/selection.ts
reify,1744,,2026-04-16T22:58:13.714120+00:00,2026-04-16T23:56:19.355965+00:00,0.9682,lease_expired,15,4,0,14.524,8.250,0.000,0,crates/reify-mcp/src/types.rs;crates/reify-mcp/tests/read_tools_tests.rs;gui/src-tauri/src/main.rs;gui/src-tauri/src/tests;gui/src/App.tsx;gui/src/__tests__/App.test.tsx;gui/src/__tests__/selectionStore.test.ts;gui/src/__tests__/useKeyboardShortcuts.test.ts;gui/src/__tests__/viewport;gui/src/debug/bridge.ts;gui/src/debug/types.ts;gui/src/hooks/useKeyboardShortcuts.ts;gui/src/stores/selectionStore.ts;gui/src/viewport/Viewport.tsx;gui/src/viewport/selection.ts
reify,1744,,2026-04-16T23:56:21.212884+00:00,2026-04-17T00:57:38.082611+00:00,1.0214,lease_expired,15,4,0,15.320,8.100,0.119,0,crates/reify-mcp/src/types.rs;crates/reify-mcp/tests/read_tools_tests.rs;gui/src-tauri/src/main.rs;gui/src-tauri/src/tests;gui/src/App.tsx;gui/src/__tests__/App.test.tsx;gui/src/__tests__/selectionStore.test.ts;gui/src/__tests__/useKeyboardShortcuts.test.ts;gui/src/__tests__/viewport;gui/src/debug/bridge.ts;gui/src/debug/types.ts;gui/src/hooks/useKeyboardShortcuts.ts;gui/src/stores/selectionStore.ts;gui/src/viewport/Viewport.tsx;gui/src/viewport/selection.ts
reify,1764,,2026-04-17T00:58:02.176183+00:00,2026-04-17T01:04:45.169836+00:00,0.1119,used,15,4,0,1.679,0.560,1.986,0,gui/src-tauri/src/diff.rs;gui/src-tauri/src/engine.rs;gui/src-tauri/src/tests;gui/src-tauri/src/types.rs;gui/src/App.tsx;gui/src/__tests__/App.test.tsx;gui/src/__tests__/StatusBar.test.tsx;gui/src/__tests__/bridge.test.ts;gui/src/__tests__/engineStore.test.ts;gui/src/__tests__/types.typecheck.ts;gui/src/bridge.ts;gui/src/panels/StatusBar.module.css;gui/src/panels/StatusBar.tsx;gui/src/stores/engineStore.ts;gui/src/types.ts
reify,1744,,2026-04-17T01:06:08.463869+00:00,2026-04-17T02:06:16.192303+00:00,1.0021,lease_expired,17,4,0,17.036,2.370,0.000,0,crates/reify-mcp/src/types.rs;crates/reify-mcp/tests/read_tools_tests.rs;gui/src-tauri/src/main.rs;gui/src-tauri/src/tests;gui/src/App.tsx;gui/src/__tests__/App.test.tsx;gui/src/__tests__/DesignTree.test.tsx;gui/src/__tests__/selectionStore.test.ts;gui/src/__tests__/useKeyboardShortcuts.test.ts;gui/src/__tests__/viewport;gui/src/debug/bridge.ts;gui/src/debug/types.ts;gui/src/hooks/useKeyboardShortcuts.ts;gui/src/panels/DesignTree.tsx;gui/src/stores/selectionStore.ts;gui/src/viewport/Viewport.tsx;gui/src/viewport/selection.ts
reify,1744,,2026-04-17T02:06:33.864300+00:00,2026-04-17T03:03:56.266201+00:00,0.9562,used,17,4,0,16.256,1.047,1.683,0,crates/reify-mcp/src/types.rs;crates/reify-mcp/tests/read_tools_tests.rs;gui/src-tauri/src/main.rs;gui/src-tauri/src/tests;gui/src/App.tsx;gui/src/__tests__/App.test.tsx;gui/src/__tests__/DesignTree.test.tsx;gui/src/__tests__/selectionStore.test.ts;gui/src/__tests__/useKeyboardShortcuts.test.ts;gui/src/__tests__/viewport;gui/src/debug/bridge.ts;gui/src/debug/types.ts;gui/src/hooks/useKeyboardShortcuts.ts;gui/src/panels/DesignTree.tsx;gui/src/stores/selectionStore.ts;gui/src/viewport/Viewport.tsx;gui/src/viewport/selection.ts
reify,1768,,2026-04-17T03:04:02.022936+00:00,2026-04-17T04:04:03.410446+00:00,1.0004,lease_expired,5,4,0,5.002,2.001,1.599,0,gui/src/App.tsx;gui/src/__tests__/App.test.tsx;gui/src/__tests__/Editor.test.tsx;gui/src/__tests__/useKeyboardShortcuts.test.ts;gui/src/editor/Editor.tsx
reify,1768,,2026-04-17T04:05:01.164212+00:00,2026-04-17T04:44:56.159483+00:00,0.6653,used,5,4,0,3.326,1.333,0.917,0,gui/src/App.tsx;gui/src/__tests__/App.test.tsx;gui/src/__tests__/Editor.test.tsx;gui/src/__tests__/useKeyboardShortcuts.test.ts;gui/src/editor/Editor.tsx
reify,1901,,2026-04-17T04:45:17.809250+00:00,2026-04-17T05:45:27.935297+00:00,1.0028,lease_expired,6,4,0,6.017,3.996,1.015,250,gui/src/App.tsx;gui/src/__tests__/App.test.tsx;gui/src/panels/DesignTree.tsx;gui/src/panels/index.ts;gui/src/stores/index.ts;gui/src/stores/viewStateStore.ts
reify,1744,,2026-04-17T04:45:56.472769+00:00,2026-04-17T05:45:59.789404+00:00,1.0009,lease_expired,17,4,0,17.016,13.190,0.000,0,crates/reify-mcp/src/types.rs;crates/reify-mcp/tests/read_tools_tests.rs;gui/src-tauri/src/main.rs;gui/src-tauri/src/tests;gui/src/App.tsx;gui/src/__tests__/App.test.tsx;gui/src/__tests__/DesignTree.test.tsx;gui/src/__tests__/selectionStore.test.ts;gui/src/__tests__/useKeyboardShortcuts.test.ts;gui/src/__tests__/viewport;gui/src/debug/bridge.ts;gui/src/debug/types.ts;gui/src/hooks/useKeyboardShortcuts.ts;gui/src/panels/DesignTree.tsx;gui/src/stores/selectionStore.ts;gui/src/viewport/Viewport.tsx;gui/src/viewport/selection.ts
reify,1744,,2026-04-17T05:46:17.742125+00:00,2026-04-17T06:46:20.972483+00:00,1.0009,lease_expired,17,4,0,17.015,13.344,0.001,0,crates/reify-mcp/src/types.rs;crates/reify-mcp/tests/read_tools_tests.rs;gui/src-tauri/src/main.rs;gui/src-tauri/src/tests;gui/src/App.tsx;gui/src/__tests__/App.test.tsx;gui/src/__tests__/DesignTree.test.tsx;gui/src/__tests__/selectionStore.test.ts;gui/src/__tests__/useKeyboardShortcuts.test.ts;gui/src/__tests__/viewport;gui/src/debug/bridge.ts;gui/src/debug/types.ts;gui/src/hooks/useKeyboardShortcuts.ts;gui/src/panels/DesignTree.tsx;gui/src/stores/selectionStore.ts;gui/src/viewport/Viewport.tsx;gui/src/viewport/selection.ts
reify,1744,,2026-04-17T06:46:37.991527+00:00,2026-04-17T06:47:27.744796+00:00,0.0138,era_death,17,4,0,0.235,0.139,5.976,0,crates/reify-mcp/src/types.rs;crates/reify-mcp/tests/read_tools_tests.rs;gui/src-tauri/src/main.rs;gui/src-tauri/src/tests;gui/src/App.tsx;gui/src/__tests__/App.test.tsx;gui/src/__tests__/DesignTree.test.tsx;gui/src/__tests__/selectionStore.test.ts;gui/src/__tests__/useKeyboardShortcuts.test.ts;gui/src/__tests__/viewport;gui/src/debug/bridge.ts;gui/src/debug/types.ts;gui/src/hooks/useKeyboardShortcuts.ts;gui/src/panels/DesignTree.tsx;gui/src/stores/selectionStore.ts;gui/src/viewport/Viewport.tsx;gui/src/viewport/selection.ts
reify,1749,medium,2026-04-17T12:52:50.935359+00:00,2026-04-17T13:11:22.362009+00:00,0.3087,used,4,6,0,1.235,0.926,0.228,0,gui/src/__tests__/viewPersistence.test.ts;gui/src/bridge.ts;gui/src/stores/viewStore.ts;gui/src/utils/viewPersistence.ts
reify,316,medium,2026-04-17T12:46:17.371039+00:00,2026-04-17T13:12:24.235626+00:00,0.4352,used,4,6,0,1.741,0.871,0.929,0,crates/reify-compiler/src/geometry.rs;crates/reify-eval/src/lib.rs;crates/reify-kernel-occt/src/ffi.rs;crates/reify-kernel-occt/src/lib.rs
reify,322,medium,2026-04-17T13:13:11.908513+00:00,2026-04-17T14:06:45.545933+00:00,0.8927,lease_expired,4,6,0,3.571,0.000,39.961,0,crates/reify-compiler/src/geometry.rs;crates/reify-eval/src/lib.rs;crates/reify-kernel-occt/src/ffi.rs;crates/reify-kernel-occt/src/lib.rs
reify,1768,high,2026-04-17T13:24:12.323498+00:00,2026-04-17T14:19:26.680674+00:00,0.9207,era_death,5,2,0,4.603,3.683,51.358,0,gui/src/App.tsx;gui/src/__tests__/App.test.tsx;gui/src/__tests__/Editor.test.tsx;gui/src/__tests__/useKeyboardShortcuts.test.ts;gui/src/editor/Editor.tsx
reify,1901,high,2026-04-19T06:04:26.027582+00:00,2026-04-19T06:35:09.941505+00:00,0.5122,lease_expired,6,2,0,3.073,1.537,0.000,0,gui/src/App.tsx;gui/src/__tests__/App.test.tsx;gui/src/panels/DesignTree.tsx;gui/src/panels/index.ts;gui/src/stores/index.ts;gui/src/stores/viewStateStore.ts
reify,1901,high,2026-04-19T06:35:13.070677+00:00,2026-04-19T07:09:17.466207+00:00,0.5679,era_death,6,2,0,3.407,1.206,10.525,0,gui/src/App.tsx;gui/src/__tests__/App.test.tsx;gui/src/panels/DesignTree.tsx;gui/src/panels/index.ts;gui/src/stores/index.ts;gui/src/stores/viewStateStore.ts
reify,1901,high,2026-04-19T17:40:49.738510+00:00,2026-04-19T18:10:35.342709+00:00,0.4960,used,6,2,0,2.976,2.479,2.221,0,gui/src/App.tsx;gui/src/__tests__/App.test.tsx;gui/src/panels/DesignTree.tsx;gui/src/panels/index.ts;gui/src/stores/index.ts;gui/src/stores/viewStateStore.ts
reify,1881,medium,2026-04-19T18:11:19.953962+00:00,2026-04-19T18:18:12.523011+00:00,0.1146,era_death,5,6,0,0.573,0.115,2.798,0,gui/src/__tests__/DesignTree.test.tsx;gui/src/__tests__/viewStateStore.test.ts;gui/src/panels/DesignTree.tsx;gui/src/stores/index.ts;gui/src/stores/viewStateStore.ts
reify,322,medium,2026-04-19T20:23:54.903516+00:00,2026-04-19T20:35:22.846385+00:00,0.1911,used,4,6,0,0.764,0.573,0.512,0,crates/reify-compiler/src/geometry.rs;crates/reify-eval/src/lib.rs;crates/reify-kernel-occt/src/ffi.rs;crates/reify-kernel-occt/src/lib.rs
reify,324,medium,2026-04-19T20:36:44.899386+00:00,2026-04-19T20:55:24.102486+00:00,0.3109,era_death,4,6,0,1.244,0.000,0.179,0,crates/reify-compiler/src/geometry.rs;crates/reify-eval/src/lib.rs;crates/reify-kernel-occt/src/ffi.rs;crates/reify-kernel-occt/src/lib.rs
reify,1956,high,2026-04-19T20:55:03.466629+00:00,2026-04-19T20:55:24.102486+00:00,0.0057,era_death,4,2,0,0.023,0.006,9.384,0,gui/src/App.tsx;gui/src/__tests__/App.test.tsx;gui/src/__tests__/DesignTree.test.tsx;gui/src/panels/DesignTree.tsx
reify,1881,medium,2026-04-19T21:06:20.428472+00:00,2026-04-19T21:07:27.158003+00:00,0.0185,era_death,5,6,0,0.093,0.019,0.031,0,gui/src/__tests__/DesignTree.test.tsx;gui/src/__tests__/viewStateStore.test.ts;gui/src/panels/DesignTree.tsx;gui/src/stores/index.ts;gui/src/stores/viewStateStore.ts
reify,1881,medium,2026-04-19T21:09:30.798426+00:00,2026-04-19T21:09:55.598420+00:00,0.0069,era_death,5,6,0,0.034,0.007,0.078,0,gui/src/__tests__/DesignTree.test.tsx;gui/src/__tests__/viewStateStore.test.ts;gui/src/panels/DesignTree.tsx;gui/src/stores/index.ts;gui/src/stores/viewStateStore.ts
reify,1881,medium,2026-04-19T21:14:44.871840+00:00,2026-04-19T21:45:17.849556+00:00,0.5092,lease_expired,5,6,0,2.546,0.509,7.964,0,gui/src/__tests__/DesignTree.test.tsx;gui/src/__tests__/viewStateStore.test.ts;gui/src/panels/DesignTree.tsx;gui/src/stores/index.ts;gui/src/stores/viewStateStore.ts
reify,1881,medium,2026-04-20T05:43:14.921293+00:00,2026-04-20T06:13:59.217711+00:00,0.5123,lease_expired,5,6,0,2.562,0.583,0.001,0,gui/src/__tests__/DesignTree.test.tsx;gui/src/__tests__/viewStateStore.test.ts;gui/src/panels/DesignTree.tsx;gui/src/stores/index.ts;gui/src/stores/viewStateStore.ts
reify,2007,high,2026-04-20T05:53:29.175557+00:00,2026-04-20T06:18:26.271668+00:00,0.4159,used,6,2,0,2.495,0.832,4.789,0,gui/src-tauri/src/claude_bridge.rs;gui/src-tauri/src/tests;gui/src/App.tsx;gui/src/__tests__/App.test.tsx;gui/src/__tests__/bridge.test.ts;gui/src/bridge.ts
reify,1881,medium,2026-04-20T06:19:53.050168+00:00,2026-04-20T06:35:55.137683+00:00,0.2672,used,5,6,0,1.336,1.069,1.322,0,gui/src/__tests__/DesignTree.test.tsx;gui/src/__tests__/viewStateStore.test.ts;gui/src/panels/DesignTree.tsx;gui/src/stores/index.ts;gui/src/stores/viewStateStore.ts
reify,324,medium,2026-04-20T06:37:14.631184+00:00,2026-04-20T06:47:06.959673+00:00,0.1645,era_death,4,6,0,0.658,0.001,0.690,0,crates/reify-compiler/src/geometry.rs;crates/reify-eval/src/lib.rs;crates/reify-kernel-occt/src/ffi.rs;crates/reify-kernel-occt/src/lib.rs
reify,322,medium,2026-04-20T07:28:38.101150+00:00,2026-04-20T07:39:55.291556+00:00,0.1881,used,4,6,0,0.752,0.564,3.893,0,crates/reify-compiler/src/geometry.rs;crates/reify-eval/src/lib.rs;crates/reify-kernel-occt/src/ffi.rs;crates/reify-kernel-occt/src/lib.rs
reify,324,medium,2026-04-20T07:41:12.479934+00:00,2026-04-20T08:41:14.306082+00:00,1.0005,lease_expired,4,6,0,4.002,0.000,2.871,0,crates/reify-compiler/src/geometry.rs;crates/reify-eval/src/lib.rs;crates/reify-kernel-occt/src/ffi.rs;crates/reify-kernel-occt/src/lib.rs
reify,324,medium,2026-04-20T08:42:31.856146+00:00,2026-04-20T09:42:34.349278+00:00,1.0007,lease_expired,4,6,0,4.003,0.000,1.849,0,crates/reify-compiler/src/geometry.rs;crates/reify-eval/src/lib.rs;crates/reify-kernel-occt/src/ffi.rs;crates/reify-kernel-occt/src/lib.rs
reify,324,medium,2026-04-20T09:43:52.002760+00:00,2026-04-20T10:44:00.123670+00:00,1.0023,lease_expired,4,6,0,4.009,0.000,0.825,0,crates/reify-compiler/src/geometry.rs;crates/reify-eval/src/lib.rs;crates/reify-kernel-occt/src/ffi.rs;crates/reify-kernel-occt/src/lib.rs
reify,324,medium,2026-04-20T10:45:01.716643+00:00,2026-04-20T11:45:06.882677+00:00,1.0014,lease_expired,4,6,0,4.006,0.582,0.420,126,crates/reify-compiler/src/geometry.rs;crates/reify-eval/src/lib.rs;crates/reify-kernel-occt/src/ffi.rs;crates/reify-kernel-occt/src/lib.rs
reify,1188,medium,2026-04-20T11:33:29.497111+00:00,2026-04-20T12:33:30.477396+00:00,1.0003,lease_expired,3,6,0,3.001,2.001,0.001,0,crates/reify-compiler/src/geometry.rs;crates/reify-eval/src/lib.rs;crates/reify-eval/tests/geometry_error_handling.rs
reify,934,high,2026-04-20T11:41:34.524190+00:00,2026-04-20T12:41:38.664469+00:00,1.0012,lease_expired,5,2,0,5.006,2.347,1.329,0,crates/reify-compiler/src/conformance.rs;crates/reify-compiler/src/entity.rs;crates/reify-compiler/src/lib.rs;crates/reify-compiler/src/traits.rs;crates/reify-compiler/src/type_resolution.rs
reify,1924,medium,2026-04-20T11:14:15.663255+00:00,2026-04-20T12:48:22.292024+00:00,1.5685,silent_owner_dispatch_then_release,1,6,1,1.569,0.000,0.000,39,crates/reify-eval/src/lib.rs
reify,934,high,2026-04-20T12:41:58.882067+00:00,2026-04-20T13:09:51.234619+00:00,0.4645,used,5,2,0,2.323,1.394,0.859,0,crates/reify-compiler/src/conformance.rs;crates/reify-compiler/src/entity.rs;crates/reify-compiler/src/lib.rs;crates/reify-compiler/src/traits.rs;crates/reify-compiler/src/type_resolution.rs
reify,2035,high,2026-04-20T13:10:09.082114+00:00,2026-04-20T14:01:22.194691+00:00,0.8536,used,3,2,0,2.561,1.707,0.961,0,crates/reify-compiler/src/compile_builder;crates/reify-compiler/src/lib.rs;crates/reify-compiler/tests/compile_builder_smoke_tests.rs
reify,934,high,2026-04-20T14:02:01.280211+00:00,2026-04-20T14:59:00.557739+00:00,0.9498,used,5,2,0,4.749,3.026,0.450,0,crates/reify-compiler/src/conformance.rs;crates/reify-compiler/src/entity.rs;crates/reify-compiler/src/lib.rs;crates/reify-compiler/src/traits.rs;crates/reify-compiler/src/type_resolution.rs
reify,2019,medium,2026-04-20T14:59:12.896554+00:00,2026-04-20T15:27:11.957341+00:00,0.4664,used,9,6,0,4.198,2.862,0.465,0,crates/reify-cli/src/mcp_context.rs;crates/reify-mcp/src/context.rs;crates/reify-mcp/src/tools;gui/src-tauri/src/mcp_context.rs;gui/src-tauri/src/tests;gui/src/App.tsx;gui/src/__tests__/App.test.tsx;gui/src/__tests__/bridge.test.ts;gui/src/bridge.ts
reify,2009,medium,2026-04-20T15:28:32.022386+00:00,2026-04-20T15:55:04.604124+00:00,0.4424,used,10,6,0,4.424,2.655,0.299,0,gui/src-tauri/src/kernel_status.rs;gui/src-tauri/src/lib.rs;gui/src-tauri/src/main.rs;gui/src-tauri/src/tests;gui/src/App.module.css;gui/src/App.tsx;gui/src/__tests__/bridge.test.ts;gui/src/__tests__/engineStore.test.ts;gui/src/bridge.ts;gui/src/stores/engineStore.ts
reify,936,medium,2026-04-20T18:00:01.592857+00:00,2026-04-20T18:30:39.464527+00:00,0.5105,lease_expired,1,6,0,0.511,0.000,1.825,0,crates/reify-compiler/src/lib.rs
reify,2034,high,2026-04-20T20:20:09.260268+00:00,2026-04-20T20:25:28.329189+00:00,0.0886,era_death,3,2,0,0.266,0.177,0.071,0,crates/reify-compiler/src/conformance.rs;crates/reify-compiler/src/lib.rs;crates/reify-compiler/src/trait_requirements.rs
reify,2034,high,2026-04-20T20:29:45.215852+00:00,2026-04-20T21:00:24.375584+00:00,0.5109,lease_expired,3,2,0,1.533,1.022,0.286,0,crates/reify-compiler/src/conformance.rs;crates/reify-compiler/src/lib.rs;crates/reify-compiler/src/trait_requirements.rs
reify,2034,high,2026-04-20T21:00:40.190643+00:00,2026-04-20T21:08:20.764994+00:00,0.1279,used,3,2,0,0.384,0.256,0.153,0,crates/reify-compiler/src/conformance.rs;crates/reify-compiler/src/lib.rs;crates/reify-compiler/src/trait_requirements.rs
reify,2031,high,2026-04-20T21:09:07.192945+00:00,2026-04-20T21:17:32.753739+00:00,0.1404,used,7,2,0,0.983,0.843,0.015,0,crates/reify-compiler/src/geometry.rs;crates/reify-compiler/src/geometry_curve.rs;crates/reify-compiler/src/geometry_modify.rs;crates/reify-compiler/src/geometry_transform.rs;crates/reify-compiler/src/lib.rs;crates/reify-compiler/src/units.rs;crates/reify-compiler/tests/compile_api_tests.rs
reify,936,medium,2026-04-20T21:18:20.601166+00:00,2026-04-20T21:18:25.640562+00:00,0.0014,used,1,6,0,0.001,0.000,9.208,0,crates/reify-compiler/src/lib.rs
reify,2035,high,2026-04-21T06:30:53.670915+00:00,2026-04-21T06:50:38.574471+00:00,0.3291,used,3,2,0,0.987,0.658,0.191,0,crates/reify-compiler/src/compile_builder;crates/reify-compiler/src/lib.rs;crates/reify-compiler/tests/compile_builder_smoke_tests.rs
reify,936,medium,2026-04-21T06:51:29.779950+00:00,2026-04-21T07:02:04.691210+00:00,0.1764,used,1,6,0,0.176,0.000,1.699,0,crates/reify-compiler/src/lib.rs
reify,2034,high,2026-04-21T08:44:02.046541+00:00,2026-04-21T08:47:34.502241+00:00,0.0590,used,3,2,0,0.177,0.118,1.052,0,crates/reify-compiler/src/conformance.rs;crates/reify-compiler/src/lib.rs;crates/reify-compiler/src/trait_requirements.rs
reify,2031,high,2026-04-21T08:48:24.656105+00:00,2026-04-21T09:13:02.311115+00:00,0.4105,lease_expired,7,2,0,2.873,2.463,0.628,91,crates/reify-compiler/src/geometry.rs;crates/reify-compiler/src/geometry_curve.rs;crates/reify-compiler/src/geometry_modify.rs;crates/reify-compiler/src/geometry_transform.rs;crates/reify-compiler/src/lib.rs;crates/reify-compiler/src/units.rs;crates/reify-compiler/tests/compile_api_tests.rs
reify,936,high,2026-04-21T08:48:40.036475+00:00,2026-04-21T09:13:17.792137+00:00,0.4105,lease_expired,1,4,0,0.410,0.000,6.033,0,crates/reify-compiler/src/lib.rs
reify,936,high,2026-04-21T09:13:34.305592+00:00,2026-04-21T09:49:04.554445+00:00,0.5917,lease_expired,1,2,0,0.592,0.000,5.437,0,crates/reify-compiler/src/lib.rs
reify,936,high,2026-04-21T09:49:20.226336+00:00,2026-04-21T09:50:41.500664+00:00,0.0226,used,1,2,0,0.023,0.000,5.410,0,crates/reify-compiler/src/lib.rs
reify,2035,high,2026-04-21T09:50:57.229745+00:00,2026-04-21T10:51:03.685823+00:00,1.0018,lease_expired,3,2,0,3.005,2.004,11.115,0,crates/reify-compiler/src/compile_builder;crates/reify-compiler/src/lib.rs;crates/reify-compiler/tests/compile_builder_smoke_tests.rs
reify,2035,high,2026-04-21T10:51:19.385140+00:00,2026-04-21T11:51:30.735925+00:00,1.0032,lease_expired,3,2,0,3.009,2.006,10.107,0,crates/reify-compiler/src/compile_builder;crates/reify-compiler/src/lib.rs;crates/reify-compiler/tests/compile_builder_smoke_tests.rs
reify,2035,high,2026-04-21T11:51:46.639584+00:00,2026-04-21T12:52:00.019803+00:00,1.0037,lease_expired,3,2,0,3.011,2.007,9.099,0,crates/reify-compiler/src/compile_builder;crates/reify-compiler/src/lib.rs;crates/reify-compiler/tests/compile_builder_smoke_tests.rs
reify,2035,high,2026-04-21T12:52:15.755802+00:00,2026-04-21T13:52:29.542584+00:00,1.0038,lease_expired,3,2,0,3.011,2.008,8.091,0,crates/reify-compiler/src/compile_builder;crates/reify-compiler/src/lib.rs;crates/reify-compiler/tests/compile_builder_smoke_tests.rs
reify,2035,high,2026-04-21T13:52:45.323292+00:00,2026-04-21T14:52:47.261982+00:00,1.0005,lease_expired,3,2,0,3.002,2.001,7.086,0,crates/reify-compiler/src/compile_builder;crates/reify-compiler/src/lib.rs;crates/reify-compiler/tests/compile_builder_smoke_tests.rs
reify,2035,high,2026-04-21T14:53:04.862280+00:00,2026-04-21T15:15:18.215228+00:00,0.3704,used,3,2,0,1.111,0.741,6.711,0,crates/reify-compiler/src/compile_builder;crates/reify-compiler/src/lib.rs;crates/reify-compiler/tests/compile_builder_smoke_tests.rs
reify,2017,medium,2026-04-21T15:16:20.952855+00:00,2026-04-21T16:16:36.264373+00:00,1.0043,lease_expired,2,6,0,2.009,0.976,3.449,0,crates/reify-cli/src/mcp_context.rs;crates/reify-eval/src/lib.rs
reify,2017,medium,2026-04-21T16:17:53.381969+00:00,2026-04-21T17:17:53.985696+00:00,1.0002,lease_expired,2,6,0,2.000,1.000,2.427,0,crates/reify-cli/src/mcp_context.rs;crates/reify-eval/src/lib.rs
reify,2017,medium,2026-04-21T17:19:11.400772+00:00,2026-04-21T18:19:25.807759+00:00,1.0040,lease_expired,2,6,0,2.008,1.004,1.402,0,crates/reify-cli/src/mcp_context.rs;crates/reify-eval/src/lib.rs
reify,2017,medium,2026-04-21T18:20:44.068347+00:00,2026-04-21T19:20:48.664970+00:00,1.0013,lease_expired,2,6,0,2.003,1.001,0.379,0,crates/reify-cli/src/mcp_context.rs;crates/reify-eval/src/lib.rs
reify,2017,medium,2026-04-21T19:22:05.988341+00:00,2026-04-21T19:29:52.700084+00:00,0.1296,era_death,2,6,0,0.259,0.130,0.228,0,crates/reify-cli/src/mcp_context.rs;crates/reify-eval/src/lib.rs
reify,324,medium,2026-04-21T19:43:49.252665+00:00,2026-04-21T20:14:22.861721+00:00,0.5093,lease_expired,8,6,0,4.075,3.056,4.698,0,crates/reify-compiler/src/geometry.rs;crates/reify-compiler/src/types.rs;crates/reify-compiler/src/units.rs;crates/reify-compiler/tests/compile_api_tests.rs;crates/reify-eval/src/geometry_ops.rs;crates/reify-eval/tests/tube_pipe_e2e.rs;crates/reify-kernel-occt/src/lib.rs;crates/reify-types/src/geometry.rs
reify,324,medium,2026-04-21T20:15:41.449442+00:00,2026-04-21T20:47:16.448216+00:00,0.5264,used,8,6,0,4.211,3.159,4.150,0,crates/reify-compiler/src/geometry.rs;crates/reify-compiler/src/types.rs;crates/reify-compiler/src/units.rs;crates/reify-compiler/tests/compile_api_tests.rs;crates/reify-eval/src/geometry_ops.rs;crates/reify-eval/tests/tube_pipe_e2e.rs;crates/reify-kernel-occt/src/lib.rs;crates/reify-types/src/geometry.rs
reify,513,medium,2026-04-21T20:48:34.556353+00:00,2026-04-21T21:42:12.895698+00:00,0.8940,lease_expired,3,6,0,2.682,0.894,0.407,0,crates/reify-compiler/src/lib.rs;crates/reify-compiler/src/stdlib_loader.rs;crates/reify-compiler/tests/prelude_context_tests.rs
reify,513,medium,2026-04-21T21:43:30.135219+00:00,2026-04-21T21:57:56.152302+00:00,0.2406,used,3,6,0,0.722,0.241,0.145,0,crates/reify-compiler/src/lib.rs;crates/reify-compiler/src/stdlib_loader.rs;crates/reify-compiler/tests/prelude_context_tests.rs
reify,2011,medium,2026-04-21T21:59:02.641321+00:00,2026-04-21T22:55:58.860411+00:00,0.9489,lease_expired,9,6,0,8.541,5.581,3.398,0,crates/reify-compiler/src/entity.rs;crates/reify-compiler/src/geometry.rs;crates/reify-compiler/src/geometry_boolean.rs;crates/reify-compiler/src/types.rs;crates/reify-compiler/tests/let_scope_tests.rs;crates/reify-eval/src/engine_build.rs;crates/reify-eval/src/geometry_ops.rs;crates/reify-eval/tests/geometry_sub_ref_e2e.rs;crates/reify-test-support/src/builders
reify,2011,medium,2026-04-21T22:57:17.512219+00:00,2026-04-21T23:54:21.534080+00:00,0.9511,lease_expired,9,6,0,8.560,5.707,2.425,0,crates/reify-compiler/src/entity.rs;crates/reify-compiler/src/geometry.rs;crates/reify-compiler/src/geometry_boolean.rs;crates/reify-compiler/src/types.rs;crates/reify-compiler/tests/let_scope_tests.rs;crates/reify-eval/src/engine_build.rs;crates/reify-eval/src/geometry_ops.rs;crates/reify-eval/tests/geometry_sub_ref_e2e.rs;crates/reify-test-support/src/builders
reify,2011,medium,2026-04-21T23:55:38.755987+00:00,2026-04-22T00:52:42.011229+00:00,0.9509,lease_expired,9,6,0,8.558,5.705,1.453,0,crates/reify-compiler/src/entity.rs;crates/reify-compiler/src/geometry.rs;crates/reify-compiler/src/geometry_boolean.rs;crates/reify-compiler/src/types.rs;crates/reify-compiler/tests/let_scope_tests.rs;crates/reify-eval/src/engine_build.rs;crates/reify-eval/src/geometry_ops.rs;crates/reify-eval/tests/geometry_sub_ref_e2e.rs;crates/reify-test-support/src/builders
reify,2011,medium,2026-04-22T00:53:56.915338+00:00,2026-04-22T00:56:15.362577+00:00,0.0385,used,9,6,0,0.346,0.231,1.394,0,crates/reify-compiler/src/entity.rs;crates/reify-compiler/src/geometry.rs;crates/reify-compiler/src/geometry_boolean.rs;crates/reify-compiler/src/types.rs;crates/reify-compiler/tests/let_scope_tests.rs;crates/reify-eval/src/engine_build.rs;crates/reify-eval/src/geometry_ops.rs;crates/reify-eval/tests/geometry_sub_ref_e2e.rs;crates/reify-test-support/src/builders
reify,2069,medium,2026-04-22T00:57:34.300827+00:00,2026-04-22T01:57:39.453574+00:00,1.0014,lease_expired,3,6,0,3.004,2.003,1.136,0,crates/reify-compiler/src/types.rs;crates/reify-eval/src/engine_admin.rs;crates/reify-eval/tests/recursive_unfold.rs
reify,2069,medium,2026-04-22T01:58:43.651785+00:00,2026-04-22T02:19:52.275618+00:00,0.3524,used,3,6,0,1.057,0.705,0.766,0,crates/reify-compiler/src/types.rs;crates/reify-eval/src/engine_admin.rs;crates/reify-eval/tests/recursive_unfold.rs
reify,1975,medium,2026-04-22T10:10:43.918101+00:00,2026-04-22T11:08:44.981997+00:00,0.9670,lease_expired,2,6,0,1.934,1.934,0.781,0,crates/reify-compiler/src/compile_builder;crates/reify-compiler/tests/constraint_def_compile_tests.rs
reify,1975,medium,2026-04-22T11:10:02.313867+00:00,2026-04-22T11:52:33.783126+00:00,0.7087,era_death,2,6,0,1.417,1.417,0.051,0,crates/reify-compiler/src/compile_builder;crates/reify-compiler/tests/constraint_def_compile_tests.rs
reify,1975,medium,2026-04-22T11:55:40.541823+00:00,2026-04-22T12:26:19.634827+00:00,0.5109,lease_expired,2,6,0,1.022,0.000,5.342,0,crates/reify-compiler/src/compile_builder;crates/reify-compiler/tests/constraint_def_compile_tests.rs
reify,1975,medium,2026-04-22T12:27:36.925725+00:00,2026-04-22T12:58:22.274546+00:00,0.5126,lease_expired,2,6,0,1.025,0.000,4.808,0,crates/reify-compiler/src/compile_builder;crates/reify-compiler/tests/constraint_def_compile_tests.rs
reify,1975,medium,2026-04-22T12:59:39.696132+00:00,2026-04-22T13:30:10.539401+00:00,0.5086,lease_expired,2,6,0,1.017,0.000,4.278,0,crates/reify-compiler/src/compile_builder;crates/reify-compiler/tests/constraint_def_compile_tests.rs
reify,1975,medium,2026-04-22T13:31:27.824868+00:00,2026-04-22T14:02:12.981587+00:00,0.5125,lease_expired,2,6,0,1.025,0.000,3.744,0,crates/reify-compiler/src/compile_builder;crates/reify-compiler/tests/constraint_def_compile_tests.rs
reify,1975,medium,2026-04-22T14:03:30.391927+00:00,2026-04-22T14:34:15.566942+00:00,0.5125,lease_expired,2,6,0,1.025,0.000,3.210,0,crates/reify-compiler/src/compile_builder;crates/reify-compiler/tests/constraint_def_compile_tests.rs
reify,1975,medium,2026-04-22T14:35:33.000257+00:00,2026-04-22T15:06:10.807803+00:00,0.5105,lease_expired,2,6,0,1.021,0.000,2.678,0,crates/reify-compiler/src/compile_builder;crates/reify-compiler/tests/constraint_def_compile_tests.rs
reify,1975,medium,2026-04-22T15:07:16.389077+00:00,2026-04-22T15:44:24.720289+00:00,0.6190,used,2,6,0,1.238,0.316,2.041,0,crates/reify-compiler/src/compile_builder;crates/reify-compiler/tests/constraint_def_compile_tests.rs
reify,513,medium,2026-04-22T15:45:41.950673+00:00,2026-04-22T16:45:48.653401+00:00,1.0019,lease_expired,4,6,0,4.007,2.555,0.000,0,crates/reify-compiler/src/compile_builder;crates/reify-compiler/src/lib.rs;crates/reify-compiler/src/stdlib_loader.rs;crates/reify-compiler/tests/prelude_context_tests.rs
reify,513,medium,2026-04-22T16:46:50.847267+00:00,2026-04-22T17:46:52.142640+00:00,1.0004,lease_expired,4,6,0,4.001,2.998,0.000,0,crates/reify-compiler/src/compile_builder;crates/reify-compiler/src/lib.rs;crates/reify-compiler/src/stdlib_loader.rs;crates/reify-compiler/tests/prelude_context_tests.rs
reify,513,medium,2026-04-22T17:47:54.308189+00:00,2026-04-22T18:48:05.612702+00:00,1.0031,lease_expired,4,6,0,4.013,2.006,2.047,0,crates/reify-compiler/src/compile_builder;crates/reify-compiler/src/lib.rs;crates/reify-compiler/src/stdlib_loader.rs;crates/reify-compiler/tests/prelude_context_tests.rs
reify,513,medium,2026-04-22T18:49:22.755934+00:00,2026-04-22T19:49:34.622964+00:00,1.0033,lease_expired,4,6,0,4.013,2.007,1.022,0,crates/reify-compiler/src/compile_builder;crates/reify-compiler/src/lib.rs;crates/reify-compiler/src/stdlib_loader.rs;crates/reify-compiler/tests/prelude_context_tests.rs
reify,513,medium,2026-04-22T19:50:51.915333+00:00,2026-04-22T20:50:52.922510+00:00,1.0003,lease_expired,4,6,0,4.001,2.275,0.000,0,crates/reify-compiler/src/compile_builder;crates/reify-compiler/src/lib.rs;crates/reify-compiler/src/stdlib_loader.rs;crates/reify-compiler/tests/prelude_context_tests.rs
reify,513,medium,2026-04-22T20:51:55.027882+00:00,2026-04-22T21:51:56.243504+00:00,1.0003,lease_expired,4,6,0,4.001,2.001,20.833,0,crates/reify-compiler/src/compile_builder;crates/reify-compiler/src/lib.rs;crates/reify-compiler/src/stdlib_loader.rs;crates/reify-compiler/tests/prelude_context_tests.rs
reify,513,medium,2026-04-22T21:53:13.682602+00:00,2026-04-22T22:53:16.043062+00:00,1.0007,lease_expired,4,6,0,4.003,2.001,19.811,0,crates/reify-compiler/src/compile_builder;crates/reify-compiler/src/lib.rs;crates/reify-compiler/src/stdlib_loader.rs;crates/reify-compiler/tests/prelude_context_tests.rs
reify,513,medium,2026-04-22T22:54:33.565864+00:00,2026-04-22T23:54:34.887404+00:00,1.0004,lease_expired,4,6,0,4.001,2.001,18.789,0,crates/reify-compiler/src/compile_builder;crates/reify-compiler/src/lib.rs;crates/reify-compiler/src/stdlib_loader.rs;crates/reify-compiler/tests/prelude_context_tests.rs
reify,513,medium,2026-04-22T23:55:52.537400+00:00,2026-04-23T00:55:54.370745+00:00,1.0005,lease_expired,4,6,0,4.002,2.001,17.767,0,crates/reify-compiler/src/compile_builder;crates/reify-compiler/src/lib.rs;crates/reify-compiler/src/stdlib_loader.rs;crates/reify-compiler/tests/prelude_context_tests.rs
reify,513,medium,2026-04-23T00:57:11.726311+00:00,2026-04-23T01:57:14.299432+00:00,1.0007,lease_expired,4,6,0,4.003,2.001,16.745,0,crates/reify-compiler/src/compile_builder;crates/reify-compiler/src/lib.rs;crates/reify-compiler/src/stdlib_loader.rs;crates/reify-compiler/tests/prelude_context_tests.rs
reify,513,medium,2026-04-23T01:58:31.692220+00:00,2026-04-23T02:58:33.376364+00:00,1.0005,lease_expired,4,6,0,4.002,2.001,15.723,0,crates/reify-compiler/src/compile_builder;crates/reify-compiler/src/lib.rs;crates/reify-compiler/src/stdlib_loader.rs;crates/reify-compiler/tests/prelude_context_tests.rs
reify,513,medium,2026-04-23T02:59:50.756846+00:00,2026-04-23T03:59:53.160124+00:00,1.0007,lease_expired,4,6,0,4.003,2.001,14.701,0,crates/reify-compiler/src/compile_builder;crates/reify-compiler/src/lib.rs;crates/reify-compiler/src/stdlib_loader.rs;crates/reify-compiler/tests/prelude_context_tests.rs
reify,513,medium,2026-04-23T04:01:10.505615+00:00,2026-04-23T05:01:11.113741+00:00,1.0002,lease_expired,4,6,0,4.001,2.000,13.679,0,crates/reify-compiler/src/compile_builder;crates/reify-compiler/src/lib.rs;crates/reify-compiler/src/stdlib_loader.rs;crates/reify-compiler/tests/prelude_context_tests.rs
reify,513,medium,2026-04-23T05:02:28.440525+00:00,2026-04-23T06:02:29.346979+00:00,1.0003,lease_expired,4,6,0,4.001,2.001,12.657,0,crates/reify-compiler/src/compile_builder;crates/reify-compiler/src/lib.rs;crates/reify-compiler/src/stdlib_loader.rs;crates/reify-compiler/tests/prelude_context_tests.rs
reify,513,medium,2026-04-23T06:03:46.589797+00:00,2026-04-23T07:03:47.518512+00:00,1.0003,lease_expired,4,6,0,4.001,2.001,11.636,0,crates/reify-compiler/src/compile_builder;crates/reify-compiler/src/lib.rs;crates/reify-compiler/src/stdlib_loader.rs;crates/reify-compiler/tests/prelude_context_tests.rs
reify,513,medium,2026-04-23T07:05:04.891449+00:00,2026-04-23T08:05:08.136737+00:00,1.0009,lease_expired,4,6,0,4.004,2.002,10.613,0,crates/reify-compiler/src/compile_builder;crates/reify-compiler/src/lib.rs;crates/reify-compiler/src/stdlib_loader.rs;crates/reify-compiler/tests/prelude_context_tests.rs
reify,513,medium,2026-04-23T08:06:25.381522+00:00,2026-04-23T09:06:38.670740+00:00,1.0037,lease_expired,4,6,0,4.015,2.007,9.588,0,crates/reify-compiler/src/compile_builder;crates/reify-compiler/src/lib.rs;crates/reify-compiler/src/stdlib_loader.rs;crates/reify-compiler/tests/prelude_context_tests.rs
reify,513,medium,2026-04-23T09:07:55.983270+00:00,2026-04-23T10:07:56.220325+00:00,1.0001,lease_expired,4,6,0,4.000,2.000,8.567,0,crates/reify-compiler/src/compile_builder;crates/reify-compiler/src/lib.rs;crates/reify-compiler/src/stdlib_loader.rs;crates/reify-compiler/tests/prelude_context_tests.rs
reify,513,medium,2026-04-23T10:09:13.422903+00:00,2026-04-23T11:09:25.183196+00:00,1.0033,lease_expired,4,6,0,4.013,2.007,7.542,0,crates/reify-compiler/src/compile_builder;crates/reify-compiler/src/lib.rs;crates/reify-compiler/src/stdlib_loader.rs;crates/reify-compiler/tests/prelude_context_tests.rs
reify,513,medium,2026-04-23T11:10:42.268500+00:00,2026-04-23T12:10:50.955590+00:00,1.0024,lease_expired,4,6,0,4.010,2.005,6.518,0,crates/reify-compiler/src/compile_builder;crates/reify-compiler/src/lib.rs;crates/reify-compiler/src/stdlib_loader.rs;crates/reify-compiler/tests/prelude_context_tests.rs
reify,513,medium,2026-04-23T12:12:08.024063+00:00,2026-04-23T13:12:16.634641+00:00,1.0024,lease_expired,4,6,0,4.010,2.005,5.494,0,crates/reify-compiler/src/compile_builder;crates/reify-compiler/src/lib.rs;crates/reify-compiler/src/stdlib_loader.rs;crates/reify-compiler/tests/prelude_context_tests.rs
reify,513,medium,2026-04-23T13:13:33.720468+00:00,2026-04-23T14:13:41.561592+00:00,1.0022,lease_expired,4,6,0,4.009,2.004,4.471,0,crates/reify-compiler/src/compile_builder;crates/reify-compiler/src/lib.rs;crates/reify-compiler/src/stdlib_loader.rs;crates/reify-compiler/tests/prelude_context_tests.rs
reify,513,medium,2026-04-23T14:14:58.701699+00:00,2026-04-23T15:15:07.002134+00:00,1.0023,lease_expired,4,6,0,4.009,2.005,3.447,0,crates/reify-compiler/src/compile_builder;crates/reify-compiler/src/lib.rs;crates/reify-compiler/src/stdlib_loader.rs;crates/reify-compiler/tests/prelude_context_tests.rs
reify,513,medium,2026-04-23T15:16:24.111306+00:00,2026-04-23T16:16:32.257233+00:00,1.0023,lease_expired,4,6,0,4.009,2.005,2.423,0,crates/reify-compiler/src/compile_builder;crates/reify-compiler/src/lib.rs;crates/reify-compiler/src/stdlib_loader.rs;crates/reify-compiler/tests/prelude_context_tests.rs
reify,513,medium,2026-04-23T16:17:49.328536+00:00,2026-04-23T17:17:58.057708+00:00,1.0024,lease_expired,4,6,0,4.010,2.005,1.399,0,crates/reify-compiler/src/compile_builder;crates/reify-compiler/src/lib.rs;crates/reify-compiler/src/stdlib_loader.rs;crates/reify-compiler/tests/prelude_context_tests.rs
reify,513,medium,2026-04-23T17:19:15.233325+00:00,2026-04-23T17:25:54.436562+00:00,0.1109,era_death,4,6,0,0.444,0.222,1.267,0,crates/reify-compiler/src/compile_builder;crates/reify-compiler/src/lib.rs;crates/reify-compiler/src/stdlib_loader.rs;crates/reify-compiler/tests/prelude_context_tests.rs
reify,2144,medium,2026-04-23T17:27:18.509267+00:00,2026-04-23T17:57:55.126645+00:00,0.5102,lease_expired,2,6,0,1.020,0.000,1.549,0,crates/reify-eval/src/engine_edit.rs;crates/reify-eval/tests/guard_eval.rs
reify,2107,medium,2026-04-23T18:05:58.506562+00:00,2026-04-23T18:07:49.010362+00:00,0.0307,used,1,6,0,0.031,0.000,36.842,0,crates/reify-kernel-occt/src/lib.rs
reify,2144,medium,2026-04-23T17:58:47.798498+00:00,2026-04-23T18:38:51.178379+00:00,0.6676,used,2,6,0,1.335,0.000,0.866,0,crates/reify-eval/src/engine_edit.rs;crates/reify-eval/tests/guard_eval.rs
reify,2146,medium,2026-04-23T18:40:12.131889+00:00,2026-04-23T19:28:58.466178+00:00,0.8129,lease_expired,1,6,0,0.813,0.000,0.911,0,crates/reify-eval/src/engine_edit.rs
reify,2146,medium,2026-04-23T19:30:21.608050+00:00,2026-04-23T19:30:49.889830+00:00,0.0079,used,1,6,0,0.008,0.000,0.880,0,crates/reify-eval/src/engine_edit.rs
reify,2161,medium,2026-04-23T19:31:40.535798+00:00,2026-04-23T19:46:44.056300+00:00,0.2510,used,1,6,0,0.251,0.000,329.796,0,crates/reify-compiler/src/module_dag.rs
reify,2175,medium,2026-04-23T20:57:00.969266+00:00,2026-04-23T21:57:57.774849+00:00,1.0158,lease_expired,1,6,0,1.016,1.016,92.535,0,crates/reify-types/src/hash.rs
reify,2159,medium,2026-04-24T07:17:20.577646+00:00,2026-04-24T07:52:39.730296+00:00,0.5887,lease_expired,1,6,0,0.589,0.000,2.212,0,crates/reify-compiler/src/conformance
reify,2159,medium,2026-04-24T07:53:37.430492+00:00,2026-04-24T08:34:55.219784+00:00,0.6883,lease_expired,1,6,0,0.688,0.000,1.507,0,crates/reify-compiler/src/conformance
reify,2159,medium,2026-04-24T08:36:16.595382+00:00,2026-04-24T09:20:13.644810+00:00,0.7325,used,1,6,0,0.733,0.000,0.752,0,crates/reify-compiler/src/conformance
reify,2200,medium,2026-04-24T09:44:47.901544+00:00,2026-04-24T10:38:12.207003+00:00,0.8901,used,5,6,0,4.450,3.415,1.206,0,crates/reify-compiler/src/expr.rs;crates/reify-compiler/src/scope.rs;crates/reify-compiler/src/traits.rs;crates/reify-compiler/tests/purpose_compile_tests.rs;crates/reify-eval/tests/purpose_activation.rs
reify,2184,medium,2026-04-25T06:58:18.046575+00:00,2026-04-25T07:29:01.330472+00:00,0.5120,lease_expired,2,6,0,1.024,0.512,23.632,0,crates/reify-eval/src/engine_edit.rs;crates/reify-eval/tests/collection_sub_eval.rs
reify,2184,medium,2026-04-25T07:30:24.839020+00:00,2026-04-25T08:19:35.472475+00:00,0.8196,lease_expired,2,6,0,1.639,0.820,22.789,0,crates/reify-eval/src/engine_edit.rs;crates/reify-eval/tests/collection_sub_eval.rs
reify,2184,medium,2026-04-25T08:20:55.941565+00:00,2026-04-25T09:21:02.355072+00:00,1.0018,lease_expired,2,6,0,2.004,1.002,21.765,0,crates/reify-eval/src/engine_edit.rs;crates/reify-eval/tests/collection_sub_eval.rs
reify,2184,medium,2026-04-25T09:22:22.117644+00:00,2026-04-25T10:22:26.607346+00:00,1.0012,lease_expired,2,6,0,2.002,1.001,20.742,0,crates/reify-eval/src/engine_edit.rs;crates/reify-eval/tests/collection_sub_eval.rs
reify,2184,medium,2026-04-25T10:23:44.290856+00:00,2026-04-25T11:23:45.688496+00:00,1.0004,lease_expired,2,6,0,2.001,1.000,19.720,0,crates/reify-eval/src/engine_edit.rs;crates/reify-eval/tests/collection_sub_eval.rs
reify,2184,medium,2026-04-25T11:25:03.175783+00:00,2026-04-25T12:25:12.900549+00:00,1.0027,lease_expired,2,6,0,2.005,1.003,18.695,0,crates/reify-eval/src/engine_edit.rs;crates/reify-eval/tests/collection_sub_eval.rs
reify,2184,medium,2026-04-25T12:26:30.355854+00:00,2026-04-25T13:26:37.065224+00:00,1.0019,lease_expired,2,6,0,2.004,1.002,17.672,0,crates/reify-eval/src/engine_edit.rs;crates/reify-eval/tests/collection_sub_eval.rs
reify,2184,medium,2026-04-25T13:27:54.458647+00:00,2026-04-25T14:28:01.528055+00:00,1.0020,lease_expired,2,6,0,2.004,1.002,16.649,0,crates/reify-eval/src/engine_edit.rs;crates/reify-eval/tests/collection_sub_eval.rs
reify,2184,medium,2026-04-25T14:29:19.035658+00:00,2026-04-25T15:29:28.057529+00:00,1.0025,lease_expired,2,6,0,2.005,1.003,15.625,0,crates/reify-eval/src/engine_edit.rs;crates/reify-eval/tests/collection_sub_eval.rs
reify,2184,medium,2026-04-25T15:30:45.588194+00:00,2026-04-25T16:30:55.476648+00:00,1.0027,lease_expired,2,6,0,2.005,1.003,14.600,0,crates/reify-eval/src/engine_edit.rs;crates/reify-eval/tests/collection_sub_eval.rs
reify,2184,medium,2026-04-25T16:32:12.953080+00:00,2026-04-25T17:32:20.242836+00:00,1.0020,lease_expired,2,6,0,2.004,1.002,13.577,0,crates/reify-eval/src/engine_edit.rs;crates/reify-eval/tests/collection_sub_eval.rs
reify,2184,medium,2026-04-25T17:33:37.819113+00:00,2026-04-25T18:33:45.411241+00:00,1.0021,lease_expired,2,6,0,2.004,1.002,12.553,0,crates/reify-eval/src/engine_edit.rs;crates/reify-eval/tests/collection_sub_eval.rs
reify,2184,medium,2026-04-25T18:35:03.063725+00:00,2026-04-25T19:35:11.447510+00:00,1.0023,lease_expired,2,6,0,2.005,1.002,11.529,0,crates/reify-eval/src/engine_edit.rs;crates/reify-eval/tests/collection_sub_eval.rs
reify,2184,medium,2026-04-25T19:36:28.904129+00:00,2026-04-25T20:36:34.501592+00:00,1.0016,lease_expired,2,6,0,2.003,1.002,10.506,0,crates/reify-eval/src/engine_edit.rs;crates/reify-eval/tests/collection_sub_eval.rs
reify,2184,medium,2026-04-25T20:37:51.892022+00:00,2026-04-25T21:37:59.100521+00:00,1.0020,lease_expired,2,6,0,2.004,1.002,9.483,0,crates/reify-eval/src/engine_edit.rs;crates/reify-eval/tests/collection_sub_eval.rs
reify,2184,medium,2026-04-25T21:39:16.613510+00:00,2026-04-25T22:39:25.449230+00:00,1.0025,lease_expired,2,6,0,2.005,1.002,8.459,0,crates/reify-eval/src/engine_edit.rs;crates/reify-eval/tests/collection_sub_eval.rs
reify,2184,medium,2026-04-25T22:40:42.940704+00:00,2026-04-25T23:40:52.305235+00:00,1.0026,lease_expired,2,6,0,2.005,1.003,7.434,0,crates/reify-eval/src/engine_edit.rs;crates/reify-eval/tests/collection_sub_eval.rs
reify,2184,medium,2026-04-25T23:42:09.796401+00:00,2026-04-26T00:42:19.350533+00:00,1.0027,lease_expired,2,6,0,2.005,1.003,6.410,0,crates/reify-eval/src/engine_edit.rs;crates/reify-eval/tests/collection_sub_eval.rs
reify,2184,medium,2026-04-26T00:43:36.897257+00:00,2026-04-26T01:43:46.188728+00:00,1.0026,lease_expired,2,6,0,2.005,1.003,5.386,0,crates/reify-eval/src/engine_edit.rs;crates/reify-eval/tests/collection_sub_eval.rs
reify,2184,medium,2026-04-26T01:45:03.717578+00:00,2026-04-26T02:45:12.350077+00:00,1.0024,lease_expired,2,6,0,2.005,1.002,4.362,0,crates/reify-eval/src/engine_edit.rs;crates/reify-eval/tests/collection_sub_eval.rs
reify,2184,medium,2026-04-26T02:46:29.949776+00:00,2026-04-26T03:46:39.253607+00:00,1.0026,lease_expired,2,6,0,2.005,1.003,3.338,0,crates/reify-eval/src/engine_edit.rs;crates/reify-eval/tests/collection_sub_eval.rs
reify,2184,medium,2026-04-26T03:47:56.792421+00:00,2026-04-26T04:48:08.518542+00:00,1.0033,lease_expired,2,6,0,2.007,1.003,2.313,0,crates/reify-eval/src/engine_edit.rs;crates/reify-eval/tests/collection_sub_eval.rs
reify,2184,medium,2026-04-26T04:49:26.124082+00:00,2026-04-26T05:49:36.434557+00:00,1.0029,lease_expired,2,6,0,2.006,1.003,1.289,0,crates/reify-eval/src/engine_edit.rs;crates/reify-eval/tests/collection_sub_eval.rs
reify,2184,medium,2026-04-26T05:50:53.945716+00:00,2026-04-26T06:38:47.357544+00:00,0.7982,used,2,6,0,1.596,0.798,0.469,0,crates/reify-eval/src/engine_edit.rs;crates/reify-eval/tests/collection_sub_eval.rs
reify,2195,medium,2026-04-26T06:39:52.067262+00:00,2026-04-26T06:57:05.443671+00:00,0.2870,used,4,6,0,1.148,0.574,1.243,0,crates/reify-eval/src/cache.rs;crates/reify-eval/src/engine_eval.rs;crates/reify-eval/tests/eval_param_overrides.rs;crates/reify-runtime/src/concurrent.rs
reify,2205,medium,2026-04-26T06:58:01.359295+00:00,2026-04-26T07:06:55.392684+00:00,0.1483,used,10,6,0,1.483,1.039,1.426,0,crates/reify-compiler/src/expr.rs;crates/reify-compiler/src/lib.rs;crates/reify-compiler/src/trait_requirements.rs;crates/reify-compiler/tests/collection_sub_tests.rs;crates/reify-compiler/tests/diagnostic_coverage_checkpoint.rs;crates/reify-compiler/tests/m9_error_cases.rs;crates/reify-compiler/tests/qualified_access_compile_tests.rs;crates/reify-compiler/tests/trait_conformance_tests.rs;crates/reify-types/src/diagnostics.rs;crates/reify-types/src/lib.rs
reify,2266,medium,2026-04-26T10:50:03.189387+00:00,2026-04-26T11:08:53.045983+00:00,0.3138,era_death,2,6,0,0.628,0.314,0.012,0,crates/reify-eval/src/engine_eval.rs;crates/reify-eval/tests/eval_cached_diagnostics.rs
reify,2252,medium,2026-04-26T11:09:39.707792+00:00,2026-04-26T11:40:16.452479+00:00,0.5102,lease_expired,1,6,0,0.510,0.000,0.967,0,crates/reify-eval/src/engine_eval.rs
reify,2252,medium,2026-04-26T11:41:36.835144+00:00,2026-04-26T11:56:42.595151+00:00,0.2516,used,1,6,0,0.252,0.000,0.693,0,crates/reify-eval/src/engine_eval.rs
reify,2266,medium,2026-04-26T11:57:50.018963+00:00,2026-04-26T11:58:33.037055+00:00,0.0119,era_death,2,6,0,0.024,0.002,0.011,0,crates/reify-eval/src/engine_eval.rs;crates/reify-eval/tests/eval_cached_diagnostics.rs
reify,2266,medium,2026-04-26T11:59:18.159901+00:00,2026-04-26T12:29:51.193456+00:00,0.5092,lease_expired,2,6,0,1.018,0.000,0.627,0,crates/reify-eval/src/engine_eval.rs;crates/reify-eval/tests/eval_cached_diagnostics.rs
reify,2266,medium,2026-04-26T12:31:19.167335+00:00,2026-04-26T12:38:15.907636+00:00,0.1158,used,2,6,0,0.232,0.037,0.487,0,crates/reify-eval/src/engine_eval.rs;crates/reify-eval/tests/eval_cached_diagnostics.rs
reify,2268,medium,2026-04-26T12:39:28.330930+00:00,2026-04-26T13:07:29.550478+00:00,0.4670,used,1,6,0,0.467,0.000,0.162,0,crates/reify-eval/src/engine_eval.rs
reify,2273,medium,2026-04-26T13:08:50.554840+00:00,2026-04-26T13:17:11.521619+00:00,0.1392,used,1,6,0,0.139,0.000,0.137,0,crates/reify-eval/src/engine_eval.rs
reify,2273,medium,2026-04-26T18:24:10.122449+00:00,2026-04-26T18:54:44.968437+00:00,0.5097,lease_expired,2,6,0,1.019,0.000,3.356,0,crates/reify-eval/src/engine_eval.rs;crates/reify-eval/tests/eval_cached_diagnostics.rs
reify,2273,medium,2026-04-26T18:56:04.214399+00:00,2026-04-26T19:19:09.469902+00:00,0.3848,used,2,6,0,0.770,0.000,2.950,0,crates/reify-eval/src/engine_eval.rs;crates/reify-eval/tests/eval_cached_diagnostics.rs
reify,2294,high,2026-04-26T19:44:56.783683+00:00,2026-04-26T20:45:12.516474+00:00,1.0044,lease_expired,2,2,0,2.009,2.009,7.274,0,crates/reify-expr/src/kleene.rs;crates/reify-expr/src/lib.rs
reify,2294,high,2026-04-26T20:45:30.735521+00:00,2026-04-26T21:43:19.536046+00:00,0.9636,used,2,2,0,1.927,1.927,6.305,0,crates/reify-expr/src/kleene.rs;crates/reify-expr/src/lib.rs
reify,2303,high,2026-04-26T21:43:37.943340+00:00,2026-04-26T22:43:40.660725+00:00,1.0008,lease_expired,5,2,0,5.004,5.004,0.000,0,crates/reify-compiler/src/compile_builder;crates/reify-compiler/src/lib.rs;crates/reify-compiler/tests/deep_dot_chain_tests.rs;crates/reify-lsp/src/diagnostics.rs;crates/reify-types/src/diagnostics.rs
reify,2303,high,2026-04-26T22:43:41.802374+00:00,2026-04-26T23:43:43.589238+00:00,1.0005,lease_expired,5,2,0,5.002,4.002,3.443,0,crates/reify-compiler/src/compile_builder;crates/reify-compiler/src/lib.rs;crates/reify-compiler/tests/deep_dot_chain_tests.rs;crates/reify-lsp/src/diagnostics.rs;crates/reify-types/src/diagnostics.rs
reify,2303,high,2026-04-26T23:43:59.719562+00:00,2026-04-27T00:44:02.876382+00:00,1.0009,lease_expired,5,2,0,5.004,4.004,2.438,0,crates/reify-compiler/src/compile_builder;crates/reify-compiler/src/lib.rs;crates/reify-compiler/tests/deep_dot_chain_tests.rs;crates/reify-lsp/src/diagnostics.rs;crates/reify-types/src/diagnostics.rs
reify,2303,high,2026-04-27T00:44:21.020503+00:00,2026-04-27T01:25:22.717619+00:00,0.6838,used,5,2,0,3.419,2.735,1.749,0,crates/reify-compiler/src/compile_builder;crates/reify-compiler/src/lib.rs;crates/reify-compiler/tests/deep_dot_chain_tests.rs;crates/reify-lsp/src/diagnostics.rs;crates/reify-types/src/diagnostics.rs
reify,2338,medium,2026-04-27T01:26:27.777702+00:00,2026-04-27T02:26:38.801156+00:00,1.0031,lease_expired,4,6,0,4.012,3.009,0.728,76,crates/reify-expr/src/interp.rs;crates/reify-expr/src/lib.rs;crates/reify-expr/tests/interpolation_tests.rs;crates/reify-types/src/diagnostics.rs
reify,2345,high,2026-04-27T02:21:17.940769+00:00,2026-04-27T02:49:52.851182+00:00,0.4764,used,9,2,0,4.287,3.811,0.522,0,crates/reify-eval/Cargo.toml;crates/reify-eval/src/engine_admin.rs;crates/reify-eval/src/engine_edit.rs;crates/reify-eval/src/lib.rs;crates/reify-eval/src/warm_pool.rs;crates/reify-eval/tests/warm_state_donation.rs;crates/reify-runtime/Cargo.toml;crates/reify-runtime/src/lib.rs;crates/reify-runtime/src/warm_pool.rs
reify,2416,high,2026-04-27T02:02:07.840728+00:00,2026-04-27T03:02:13.636457+00:00,1.0016,lease_expired,4,2,0,4.006,2.041,0.316,0,crates/reify-compiler/src/functions.rs;crates/reify-compiler/tests/field_compile_tests.rs;crates/reify-eval/src/engine_eval.rs;crates/reify-types/src/diagnostics.rs
reify,2416,high,2026-04-27T03:02:30.589628+00:00,2026-04-27T03:10:19.159688+00:00,0.1302,used,4,2,0,0.521,0.391,0.181,0,crates/reify-compiler/src/functions.rs;crates/reify-compiler/tests/field_compile_tests.rs;crates/reify-eval/src/engine_eval.rs;crates/reify-types/src/diagnostics.rs
reify,2338,medium,2026-04-27T03:11:01.071124+00:00,2026-04-27T04:11:04.005553+00:00,1.0008,lease_expired,4,6,1,4.003,2.532,1.590,0,crates/reify-expr/src/interp.rs;crates/reify-expr/src/lib.rs;crates/reify-expr/tests/interpolation_tests.rs;crates/reify-types/src/diagnostics.rs
reify,2345,high,2026-04-27T03:40:33.081267+00:00,2026-04-27T04:27:47.789118+00:00,0.7874,used,9,2,0,7.087,5.512,0.563,0,crates/reify-eval/Cargo.toml;crates/reify-eval/src/engine_admin.rs;crates/reify-eval/src/engine_edit.rs;crates/reify-eval/src/lib.rs;crates/reify-eval/src/warm_pool.rs;crates/reify-eval/tests/warm_state_donation.rs;crates/reify-runtime/Cargo.toml;crates/reify-runtime/src/lib.rs;crates/reify-runtime/src/warm_pool.rs
reify,2382,high,2026-04-27T06:15:18.892841+00:00,2026-04-27T06:25:37.684117+00:00,0.1719,used,6,2,0,1.031,0.859,1.751,0,crates/reify-eval/src/engine_eval.rs;crates/reify-eval/src/lib.rs;crates/reify-eval/tests/eval_param_overrides.rs;crates/reify-lsp/src/analysis.rs;crates/reify-lsp/src/hover.rs;crates/reify-types/src/value.rs
reify,2300,high,2026-04-27T08:10:41.384230+00:00,2026-04-27T08:41:24.844407+00:00,0.5121,lease_expired,9,2,0,4.609,2.560,0.001,0,crates/reify-compiler/src/annotations.rs;crates/reify-compiler/src/compile_builder;crates/reify-compiler/src/lib.rs;crates/reify-compiler/src/types.rs;crates/reify-compiler/tests/pragma_compile_tests.rs;crates/reify-eval/src/engine_admin.rs;crates/reify-eval/src/engine_eval.rs;crates/reify-eval/src/lib.rs;crates/reify-eval/tests/solver_pragma_dispatch.rs
reify,2300,high,2026-04-27T08:41:27.958006+00:00,2026-04-27T09:27:53.405692+00:00,0.7737,lease_expired,9,2,0,6.964,2.321,1.006,0,crates/reify-compiler/src/annotations.rs;crates/reify-compiler/src/compile_builder;crates/reify-compiler/src/lib.rs;crates/reify-compiler/src/types.rs;crates/reify-compiler/tests/pragma_compile_tests.rs;crates/reify-eval/src/engine_admin.rs;crates/reify-eval/src/engine_eval.rs;crates/reify-eval/src/lib.rs;crates/reify-eval/tests/solver_pragma_dispatch.rs
reify,2300,high,2026-04-27T09:28:11.801359+00:00,2026-04-27T10:28:13.183545+00:00,1.0004,lease_expired,9,2,0,9.003,3.297,0.000,0,crates/reify-compiler/src/annotations.rs;crates/reify-compiler/src/compile_builder;crates/reify-compiler/src/lib.rs;crates/reify-compiler/src/types.rs;crates/reify-compiler/tests/pragma_compile_tests.rs;crates/reify-eval/src/engine_admin.rs;crates/reify-eval/src/engine_eval.rs;crates/reify-eval/src/lib.rs;crates/reify-eval/tests/solver_pragma_dispatch.rs
reify,2300,high,2026-04-27T10:28:14.556193+00:00,2026-04-27T11:28:15.852508+00:00,1.0004,lease_expired,9,2,0,9.003,5.195,0.000,0,crates/reify-compiler/src/annotations.rs;crates/reify-compiler/src/compile_builder;crates/reify-compiler/src/lib.rs;crates/reify-compiler/src/types.rs;crates/reify-compiler/tests/pragma_compile_tests.rs;crates/reify-eval/src/engine_admin.rs;crates/reify-eval/src/engine_eval.rs;crates/reify-eval/src/lib.rs;crates/reify-eval/tests/solver_pragma_dispatch.rs
reify,2300,high,2026-04-27T11:28:19.386492+00:00,2026-04-27T12:28:19.579642+00:00,1.0001,lease_expired,9,2,0,9.000,4.137,2.227,0,crates/reify-compiler/src/annotations.rs;crates/reify-compiler/src/compile_builder;crates/reify-compiler/src/lib.rs;crates/reify-compiler/src/types.rs;crates/reify-compiler/tests/pragma_compile_tests.rs;crates/reify-eval/src/engine_admin.rs;crates/reify-eval/src/engine_eval.rs;crates/reify-eval/src/lib.rs;crates/reify-eval/tests/solver_pragma_dispatch.rs
reify,2300,high,2026-04-27T12:28:36.936104+00:00,2026-04-27T13:41:45.402298+00:00,1.2190,lease_expired,9,2,0,10.971,6.175,1.003,0,crates/reify-compiler/src/annotations.rs;crates/reify-compiler/src/compile_builder;crates/reify-compiler/src/lib.rs;crates/reify-compiler/src/types.rs;crates/reify-compiler/tests/pragma_compile_tests.rs;crates/reify-eval/src/engine_admin.rs;crates/reify-eval/src/engine_eval.rs;crates/reify-eval/src/lib.rs;crates/reify-eval/tests/solver_pragma_dispatch.rs
reify,2310,high,2026-04-27T13:41:47.382055+00:00,2026-04-27T14:41:57.086586+00:00,1.0027,lease_expired,4,2,0,4.011,2.815,0.000,0,crates/reify-compiler/src/compile_builder;crates/reify-compiler/src/lib.rs;crates/reify-compiler/tests/shadowing_warning_tests.rs;crates/reify-types/src/diagnostics.rs
reify,2310,high,2026-04-27T14:41:58.268605+00:00,2026-04-27T15:42:07.571212+00:00,1.0026,lease_expired,4,2,0,4.010,1.605,0.000,0,crates/reify-compiler/src/compile_builder;crates/reify-compiler/src/lib.rs;crates/reify-compiler/tests/shadowing_warning_tests.rs;crates/reify-types/src/diagnostics.rs
reify,2310,high,2026-04-27T15:42:08.680516+00:00,2026-04-27T16:17:47.191387+00:00,0.5940,used,4,2,0,2.376,0.869,1.497,0,crates/reify-compiler/src/compile_builder;crates/reify-compiler/src/lib.rs;crates/reify-compiler/tests/shadowing_warning_tests.rs;crates/reify-types/src/diagnostics.rs
reify,2321,high,2026-04-27T16:17:48.320768+00:00,2026-04-27T17:18:00.460710+00:00,1.0034,lease_expired,3,2,0,3.010,0.000,1.201,0,crates/reify-compiler/src/geometry.rs;crates/reify-compiler/tests/geometry_traits_tests.rs;crates/reify-types/src/diagnostics.rs
reify,2321,high,2026-04-27T17:18:16.418968+00:00,2026-04-27T17:47:34.608545+00:00,0.4884,used,3,2,0,1.465,0.000,0.708,0,crates/reify-compiler/src/geometry.rs;crates/reify-compiler/tests/geometry_traits_tests.rs;crates/reify-types/src/diagnostics.rs
reify,318,high,2026-04-27T17:47:35.749319+00:00,2026-04-27T18:30:02.671675+00:00,0.7075,used,4,2,0,2.830,2.122,0.226,0,crates/reify-kernel-occt;crates/reify-kernel-occt/cpp;crates/reify-eval;crates/reify-types
reify,2296,high,2026-04-27T18:30:18.713866+00:00,2026-04-27T18:43:34.921200+00:00,0.2212,used,12,2,0,2.654,1.849,0.567,0,crates/reify-compiler/src/compile_builder;crates/reify-compiler/src/lib.rs;crates/reify-compiler/src/module_pragmas.rs;crates/reify-compiler/src/types.rs;crates/reify-compiler/tests/pragma_compile_tests.rs;crates/reify-compiler/tests/unit_registry_tests.rs;crates/reify-eval/src/engine_build.rs;crates/reify-syntax/src/lib.rs;crates/reify-syntax/src/ts_parser.rs;crates/reify-syntax/tests/pragma_tests.rs;crates/reify-test-support/src/builders;tree-sitter-reify/grammar.js
reify,2343,medium,2026-04-27T18:44:45.533278+00:00,2026-04-27T19:17:36.770087+00:00,0.5476,used,9,6,0,4.928,3.533,1.991,0,crates/reify-compiler/src/compile_builder;crates/reify-compiler/src/functions.rs;crates/reify-compiler/src/types.rs;crates/reify-compiler/tests/field_compile_tests.rs;crates/reify-eval/src/deps.rs;crates/reify-eval/src/engine_edit.rs;crates/reify-eval/src/engine_eval.rs;crates/reify-eval/tests/field_eval_tests.rs;crates/reify-test-support/src/builders
reify,2433,high,2026-04-27T20:53:56.971842+00:00,2026-04-27T21:36:42.546943+00:00,0.7127,used,2,2,0,1.425,0.594,1.008,0,crates/reify-eval/src/engine_edit.rs;crates/reify-runtime/src/warm_pool.rs
reify,2320,high,2026-04-27T22:06:04.572771+00:00,2026-04-27T22:06:05.875474+00:00,0.0004,used,3,2,0,0.001,0.001,0.266,0,crates/reify-compiler/src/geometry.rs;crates/reify-compiler/tests/geometry_traits_tests.rs;crates/reify-stdlib/src/geometry.rs
reify,2323,high,2026-04-27T21:36:46.533691+00:00,2026-04-27T22:22:02.009735+00:00,0.7543,used,13,2,0,9.806,5.180,0.633,2,crates/reify-compiler/src/entity.rs;crates/reify-compiler/src/geometry.rs;crates/reify-compiler/src/lib.rs;crates/reify-compiler/src/types.rs;crates/reify-compiler/tests/feature_tag_tests.rs;crates/reify-eval/src/engine_build.rs;crates/reify-eval/src/geometry_ops.rs;crates/reify-eval/src/lib.rs;crates/reify-eval/src/topology_selectors.rs;crates/reify-eval/tests/feature_tag_e2e.rs;crates/reify-test-support/src/builders;crates/reify-types/src/geometry.rs;crates/reify-types/src/lib.rs
reify,2320,high,2026-04-27T22:23:00.612402+00:00,2026-04-27T22:50:50.475753+00:00,0.4639,era_death,6,2,0,2.783,1.858,0.153,0,crates/reify-compiler/src/expr.rs;crates/reify-compiler/src/geometry.rs;crates/reify-compiler/src/units.rs;crates/reify-compiler/stdlib/geometry_traits.ri;crates/reify-eval/src/geometry_ops.rs;crates/reify-eval/tests/conformance_runtime.rs
reify,2323,high,2026-04-27T23:00:01.549663+00:00,2026-04-27T23:07:46.967341+00:00,0.1293,used,5,2,0,0.646,0.389,6.761,0,crates/reify-compiler/src/geometry.rs;crates/reify-compiler/src/types.rs;crates/reify-compiler/tests/feature_tag_tests.rs;crates/reify-eval/src/geometry_ops.rs;crates/reify-types/src/geometry.rs
reify,2368,high,2026-04-27T23:08:03.287337+00:00,2026-04-27T23:47:00.884631+00:00,0.6493,lease_expired,3,2,0,1.948,0.649,6.107,0,crates/reify-compiler/src/conformance;crates/reify-compiler/src/entity.rs;crates/reify-syntax/src/lib.rs
reify,2320,high,2026-04-28T05:53:27.101514+00:00,2026-04-28T06:24:03.451834+00:00,0.5101,lease_expired,6,2,0,3.061,2.550,0.000,0,crates/reify-compiler/src/expr.rs;crates/reify-compiler/src/geometry.rs;crates/reify-compiler/src/units.rs;crates/reify-compiler/stdlib/geometry_traits.ri;crates/reify-eval/src/geometry_ops.rs;crates/reify-eval/tests/conformance_runtime.rs
reify,2320,high,2026-04-28T06:24:07.153639+00:00,2026-04-28T06:59:29.937109+00:00,0.5897,used,6,2,0,3.538,2.359,0.459,0,crates/reify-compiler/src/expr.rs;crates/reify-compiler/src/geometry.rs;crates/reify-compiler/src/units.rs;crates/reify-compiler/stdlib/geometry_traits.ri;crates/reify-eval/src/geometry_ops.rs;crates/reify-eval/tests/conformance_runtime.rs
reify,2323,high,2026-04-28T06:59:31.135421+00:00,2026-04-28T07:27:03.147261+00:00,0.4589,used,5,2,0,2.294,1.377,0.323,0,crates/reify-compiler/src/geometry.rs;crates/reify-compiler/src/types.rs;crates/reify-compiler/tests/feature_tag_tests.rs;crates/reify-eval/src/geometry_ops.rs;crates/reify-types/src/geometry.rs
reify,2329,high,2026-04-28T07:31:12.280220+00:00,2026-04-28T07:46:26.505287+00:00,0.2540,used,3,2,0,0.762,0.255,0.213,0,crates/reify-compiler/src/geometry.rs;crates/reify-eval/src/geometry_ops.rs;crates/reify-eval/tests/feature_tag_selector_tests.rs
reify,2332,high,2026-04-28T07:46:32.520781+00:00,2026-04-28T07:59:13.083209+00:00,0.2113,used,3,2,0,0.634,0.211,0.163,0,crates/reify-compiler/src/geometry.rs;crates/reify-eval/src/geometry_ops.rs;crates/reify-types/src/diagnostics.rs
reify,2335,high,2026-04-28T07:27:19.213464+00:00,2026-04-28T08:27:22.581204+00:00,1.0009,lease_expired,3,2,0,3.003,1.001,5.057,0,crates/reify-eval/src/cache.rs;crates/reify-eval/src/freshness_walk.rs;crates/reify-eval/src/lib.rs
reify,2335,high,2026-04-28T08:27:39.570524+00:00,2026-04-28T09:27:49.077364+00:00,1.0026,lease_expired,3,2,0,3.008,1.003,4.049,0,crates/reify-eval/src/cache.rs;crates/reify-eval/src/freshness_walk.rs;crates/reify-eval/src/lib.rs
reify,2335,high,2026-04-28T09:28:05.289577+00:00,2026-04-28T10:28:20.654179+00:00,1.0043,lease_expired,3,2,0,3.013,1.004,3.041,0,crates/reify-eval/src/cache.rs;crates/reify-eval/src/freshness_walk.rs;crates/reify-eval/src/lib.rs
reify,2335,high,2026-04-28T10:28:36.914962+00:00,2026-04-28T10:33:25.446190+00:00,0.0801,used,3,2,0,0.240,0.081,2.956,0,crates/reify-eval/src/cache.rs;crates/reify-eval/src/freshness_walk.rs;crates/reify-eval/src/lib.rs
reify,2364,high,2026-04-28T10:33:32.009602+00:00,2026-04-28T11:33:44.934039+00:00,1.0036,lease_expired,3,2,0,3.011,1.004,1.005,0,crates/reify-compiler/src/compile_builder;crates/reify-compiler/src/expr.rs;crates/reify-eval/src/engine_eval.rs
reify,2364,high,2026-04-28T11:34:01.318274+00:00,2026-04-28T12:34:01.722663+00:00,1.0001,lease_expired,3,2,0,3.000,1.671,0.950,0,crates/reify-compiler/src/compile_builder;crates/reify-compiler/src/expr.rs;crates/reify-eval/src/engine_eval.rs
reify,2356,high,2026-04-28T13:30:47.398682+00:00,2026-04-28T13:31:03.095625+00:00,0.0044,used,3,2,0,0.013,0.013,8.795,0,crates/reify-eval/src/dirty.rs;crates/reify-eval/src/engine_eval.rs;crates/reify-types/src/node_traits.rs
reify,2364,high,2026-04-28T12:34:18.095848+00:00,2026-04-28T13:34:18.647084+00:00,1.0002,lease_expired,3,2,0,3.000,1.292,6.849,14,crates/reify-compiler/src/compile_builder;crates/reify-compiler/src/expr.rs;crates/reify-eval/src/engine_eval.rs
reify,2360,high,2026-04-28T13:31:19.685204+00:00,2026-04-28T14:31:27.474563+00:00,1.0022,lease_expired,5,2,0,5.011,3.720,5.897,0,crates/reify-eval/src/cache.rs;crates/reify-eval/src/dirty.rs;crates/reify-eval/src/engine_eval.rs;crates/reify-eval/tests/progressive_node_tests.rs;crates/reify-types/src/lib.rs
reify,2360,high,2026-04-28T14:31:43.572633+00:00,2026-04-28T15:31:50.151473+00:00,1.0018,lease_expired,5,2,0,5.009,4.007,4.891,0,crates/reify-eval/src/cache.rs;crates/reify-eval/src/dirty.rs;crates/reify-eval/src/engine_eval.rs;crates/reify-eval/tests/progressive_node_tests.rs;crates/reify-types/src/lib.rs
reify,2360,high,2026-04-28T15:32:06.221233+00:00,2026-04-28T16:32:18.651374+00:00,1.0035,lease_expired,5,2,0,5.017,4.014,3.883,0,crates/reify-eval/src/cache.rs;crates/reify-eval/src/dirty.rs;crates/reify-eval/src/engine_eval.rs;crates/reify-eval/tests/progressive_node_tests.rs;crates/reify-types/src/lib.rs
reify,2360,high,2026-04-28T16:32:34.752023+00:00,2026-04-28T17:32:46.395658+00:00,1.0032,lease_expired,5,2,0,5.016,4.013,2.875,0,crates/reify-eval/src/cache.rs;crates/reify-eval/src/dirty.rs;crates/reify-eval/src/engine_eval.rs;crates/reify-eval/tests/progressive_node_tests.rs;crates/reify-types/src/lib.rs
reify,2360,high,2026-04-28T17:33:02.432692+00:00,2026-04-28T18:33:14.780209+00:00,1.0034,lease_expired,5,2,0,5.017,4.014,1.867,0,crates/reify-eval/src/cache.rs;crates/reify-eval/src/dirty.rs;crates/reify-eval/src/engine_eval.rs;crates/reify-eval/tests/progressive_node_tests.rs;crates/reify-types/src/lib.rs
reify,2360,high,2026-04-28T18:33:30.956005+00:00,2026-04-28T19:18:08.630452+00:00,0.7438,era_death,5,2,0,3.719,2.975,1.119,0,crates/reify-eval/src/cache.rs;crates/reify-eval/src/dirty.rs;crates/reify-eval/src/engine_eval.rs;crates/reify-eval/tests/progressive_node_tests.rs;crates/reify-types/src/lib.rs
reify,2360,high,2026-04-28T20:25:18.175999+00:00,2026-04-28T20:55:50.541783+00:00,0.5090,lease_expired,5,2,0,2.545,1.527,0.000,0,crates/reify-eval/src/cache.rs;crates/reify-eval/src/dirty.rs;crates/reify-eval/src/engine_eval.rs;crates/reify-eval/tests/progressive_node_tests.rs;crates/reify-types/src/lib.rs
reify,2360,high,2026-04-28T20:55:52.914776+00:00,2026-04-28T21:18:40.471848+00:00,0.3799,lease_expired,5,2,0,1.899,0.760,0.000,0,crates/reify-eval/src/cache.rs;crates/reify-eval/src/dirty.rs;crates/reify-eval/src/engine_eval.rs;crates/reify-eval/tests/progressive_node_tests.rs;crates/reify-types/src/lib.rs
reify,2360,high,2026-04-28T21:18:43.097087+00:00,2026-04-28T22:18:44.460270+00:00,1.0004,lease_expired,5,2,0,5.002,2.506,1.007,0,crates/reify-eval/src/cache.rs;crates/reify-eval/src/dirty.rs;crates/reify-eval/src/engine_eval.rs;crates/reify-eval/tests/progressive_node_tests.rs;crates/reify-types/src/lib.rs
reify,2360,high,2026-04-28T22:19:00.618201+00:00,2026-04-28T23:19:09.013350+00:00,1.0023,lease_expired,5,2,0,5.012,2.895,0.000,0,crates/reify-eval/src/cache.rs;crates/reify-eval/src/dirty.rs;crates/reify-eval/src/engine_eval.rs;crates/reify-eval/tests/progressive_node_tests.rs;crates/reify-types/src/lib.rs
reify,2360,high,2026-04-28T23:19:10.177596+00:00,2026-04-29T00:19:10.313682+00:00,1.0000,lease_expired,5,2,0,5.000,3.000,0.000,0,crates/reify-eval/src/cache.rs;crates/reify-eval/src/dirty.rs;crates/reify-eval/src/engine_eval.rs;crates/reify-eval/tests/progressive_node_tests.rs;crates/reify-types/src/lib.rs
reify,2360,high,2026-04-29T00:19:15.873470+00:00,2026-04-29T01:19:18.931034+00:00,1.0008,lease_expired,5,2,0,5.004,2.154,0.000,0,crates/reify-eval/src/cache.rs;crates/reify-eval/src/dirty.rs;crates/reify-eval/src/engine_eval.rs;crates/reify-eval/tests/progressive_node_tests.rs;crates/reify-types/src/lib.rs
reify,2360,high,2026-04-29T01:19:20.109314+00:00,2026-04-29T02:19:35.540578+00:00,1.0043,lease_expired,5,2,0,5.021,3.371,0.313,0,crates/reify-eval/src/cache.rs;crates/reify-eval/src/dirty.rs;crates/reify-eval/src/engine_eval.rs;crates/reify-eval/tests/progressive_node_tests.rs;crates/reify-types/src/lib.rs
reify,2360,high,2026-04-29T02:19:54.406509+00:00,2026-04-29T02:27:29.553787+00:00,0.1264,used,5,2,0,0.632,0.506,0.181,0,crates/reify-eval/src/cache.rs;crates/reify-eval/src/dirty.rs;crates/reify-eval/src/engine_eval.rs;crates/reify-eval/tests/progressive_node_tests.rs;crates/reify-types/src/lib.rs
reify,2385,medium,2026-04-29T02:28:47.949683+00:00,2026-04-29T02:38:21.491238+00:00,0.1593,used,4,6,0,0.637,0.160,0.175,0,crates/reify-compiler/src/compile_builder;crates/reify-compiler/src/type_resolution.rs;crates/reify-compiler/tests/auto_type_param_tests.rs;crates/reify-eval/src/engine_eval.rs
reify,2528,medium,2026-04-29T02:39:40.309826+00:00,2026-04-29T02:48:51.138288+00:00,0.1530,used,4,6,0,0.612,0.310,2.214,0,crates/reify-eval/src/engine_eval.rs;crates/reify-eval/src/geometry_ops.rs;crates/reify-stdlib/src/joints.rs;crates/reify-stdlib/src/lib.rs
reify,2632,medium,2026-04-29T06:30:55.330266+00:00,2026-04-29T06:52:26.088406+00:00,0.3585,used,2,6,0,0.717,0.359,6.892,0,crates/reify-stdlib/src/joints.rs;crates/reify-stdlib/src/mechanism.rs
reify,2341,medium,2026-04-29T13:46:01.959735+00:00,2026-04-29T14:16:38.510710+00:00,0.5102,lease_expired,4,6,0,2.041,1.530,0.001,0,crates/reify-compiler/src/functions.rs;crates/reify-compiler/tests/field_compile_tests.rs;crates/reify-eval/src/engine_eval.rs;crates/reify-types/src/value.rs
reify,2341,medium,2026-04-29T14:17:51.075615+00:00,2026-04-29T15:03:55.263701+00:00,0.7678,lease_expired,4,6,0,3.071,2.171,0.000,0,crates/reify-compiler/src/functions.rs;crates/reify-compiler/tests/field_compile_tests.rs;crates/reify-eval/src/engine_eval.rs;crates/reify-types/src/value.rs
reify,2341,medium,2026-04-29T15:05:06.588779+00:00,2026-04-29T16:05:14.432943+00:00,1.0022,lease_expired,4,6,0,4.009,2.004,0.730,0,crates/reify-compiler/src/functions.rs;crates/reify-compiler/tests/field_compile_tests.rs;crates/reify-eval/src/engine_eval.rs;crates/reify-types/src/value.rs
reify,2341,medium,2026-04-29T16:06:39.214690+00:00,2026-04-29T16:33:03.151936+00:00,0.4400,used,4,6,0,1.760,0.964,0.266,0,crates/reify-compiler/src/functions.rs;crates/reify-compiler/tests/field_compile_tests.rs;crates/reify-eval/src/engine_eval.rs;crates/reify-types/src/value.rs
reify,2631,medium,2026-04-29T16:34:24.461071+00:00,2026-04-29T17:34:24.588232+00:00,1.0000,lease_expired,4,6,0,4.000,4.000,0.306,186,crates/reify-stdlib/src/joints.rs;crates/reify-stdlib/src/lib.rs;crates/reify-stdlib/src/mechanism.rs;crates/reify-stdlib/src/test_fixtures.rs
reify,2529,medium,2026-04-29T16:47:31.874462+00:00,2026-04-29T17:47:48.762179+00:00,1.0047,lease_expired,4,6,0,4.019,4.019,0.858,0,crates/reify-eval/src/geometry_ops.rs;crates/reify-eval/tests/sweep_e2e.rs;crates/reify-stdlib/src/joints.rs;crates/reify-stdlib/src/lib.rs
reify,2529,medium,2026-04-29T17:49:11.127112+00:00,2026-04-29T17:52:45.448222+00:00,0.0595,used,4,6,0,0.238,0.238,0.776,0,crates/reify-eval/src/geometry_ops.rs;crates/reify-eval/tests/sweep_e2e.rs;crates/reify-stdlib/src/joints.rs;crates/reify-stdlib/src/lib.rs
reify,2531,medium,2026-04-29T17:53:50.242369+00:00,2026-04-29T18:53:59.323008+00:00,1.0025,lease_expired,3,6,0,3.008,1.860,1.125,0,crates/reify-eval/src/geometry_ops.rs;crates/reify-stdlib/src/geometry.rs;crates/reify-stdlib/src/lib.rs
reify,2531,medium,2026-04-29T18:55:22.783167+00:00,2026-04-29T19:47:01.390269+00:00,0.8607,used,3,6,0,2.582,2.195,0.241,0,crates/reify-eval/src/geometry_ops.rs;crates/reify-stdlib/src/geometry.rs;crates/reify-stdlib/src/lib.rs
reify,2631,medium,2026-04-29T19:48:23.410549+00:00,2026-04-29T20:48:32.304651+00:00,1.0025,lease_expired,4,6,0,4.010,1.680,0.000,0,crates/reify-stdlib/src/joints.rs;crates/reify-stdlib/src/lib.rs;crates/reify-stdlib/src/mechanism.rs;crates/reify-stdlib/src/test_fixtures.rs
reify,2631,medium,2026-04-29T20:49:35.848471+00:00,2026-04-29T21:18:47.535875+00:00,0.4866,used,4,6,0,1.946,0.740,0.772,0,crates/reify-stdlib/src/joints.rs;crates/reify-stdlib/src/lib.rs;crates/reify-stdlib/src/mechanism.rs;crates/reify-stdlib/src/test_fixtures.rs
reify,2639,medium,2026-04-30T13:21:12.482596+00:00,2026-04-30T13:51:52.494164+00:00,0.5111,lease_expired,5,6,0,2.556,2.044,0.000,0,crates/reify-cli/src/mcp_context.rs;crates/reify-eval/src/engine_eval.rs;crates/reify-mcp/src/context.rs;gui/src-tauri/src/engine.rs;gui/src-tauri/src/mcp_context.rs
reify,2386,medium,2026-04-30T13:34:26.917014+00:00,2026-04-30T14:14:21.091993+00:00,0.6650,lease_expired,2,6,0,1.330,0.000,1.696,0,crates/reify-compiler/src/type_resolution.rs;crates/reify-types/src/diagnostics.rs
reify,2386,medium,2026-04-30T14:15:52.004634+00:00,2026-04-30T15:16:02.868024+00:00,1.0030,lease_expired,2,6,0,2.006,0.000,0.667,0,crates/reify-compiler/src/type_resolution.rs;crates/reify-types/src/diagnostics.rs
reify,2639,medium,2026-04-30T15:18:16.593287+00:00,2026-04-30T16:18:19.015125+00:00,1.0007,lease_expired,5,6,0,5.003,3.083,0.915,0,crates/reify-cli/src/mcp_context.rs;crates/reify-eval/src/engine_eval.rs;crates/reify-mcp/src/context.rs;gui/src-tauri/src/engine.rs;gui/src-tauri/src/mcp_context.rs
reify,2639,medium,2026-04-30T16:19:42.374838+00:00,2026-04-30T16:41:38.030376+00:00,0.3655,used,5,6,0,1.827,1.462,0.526,0,crates/reify-cli/src/mcp_context.rs;crates/reify-eval/src/engine_eval.rs;crates/reify-mcp/src/context.rs;gui/src-tauri/src/engine.rs;gui/src-tauri/src/mcp_context.rs
reify,2721,medium,2026-04-30T16:42:32.010771+00:00,2026-04-30T17:34:08.634790+00:00,0.8602,used,3,6,0,2.581,0.987,2.572,0,crates/reify-eval/src/topology_attribute_resolver.rs;crates/reify-eval/tests/topology_attribute_e2e.rs;crates/reify-types/src/diagnostics.rs
reify,2748,medium,2026-04-30T17:35:15.144527+00:00,2026-04-30T18:35:28.225699+00:00,1.0036,lease_expired,1,6,1,1.004,0.644,184.438,0,crates/reify-stdlib/src/geometry.rs
reify,2387,medium,2026-04-30T17:37:45.902843+00:00,2026-04-30T18:38:01.507215+00:00,1.0043,lease_expired,2,6,0,2.009,2.009,11.163,0,crates/reify-compiler/src/auto_type_param.rs;crates/reify-compiler/tests/auto_type_param_multi_param_tests.rs
reify,2387,medium,2026-04-30T18:39:24.488307+00:00,2026-04-30T19:39:27.631517+00:00,1.0009,lease_expired,2,6,0,2.002,2.002,10.140,0,crates/reify-compiler/src/auto_type_param.rs;crates/reify-compiler/tests/auto_type_param_multi_param_tests.rs
reify,2750,medium,2026-04-30T19:40:52.199703+00:00,2026-04-30T20:41:04.348076+00:00,1.0034,lease_expired,7,6,0,7.024,6.020,3.336,0,crates/reify-compiler/src/compile_builder;crates/reify-compiler/src/lib.rs;crates/reify-compiler/src/prelude_context.rs;crates/reify-compiler/src/type_resolution.rs;crates/reify-compiler/tests/cross_module_alias_propagation_tests.rs;crates/reify-compiler/tests/prelude_context_tests.rs;crates/reify-test-support/src/builders
reify,2750,medium,2026-04-30T20:42:31.348259+00:00,2026-04-30T21:02:59.070787+00:00,0.3410,used,7,6,0,2.387,2.046,2.971,0,crates/reify-compiler/src/compile_builder;crates/reify-compiler/src/lib.rs;crates/reify-compiler/src/prelude_context.rs;crates/reify-compiler/src/type_resolution.rs;crates/reify-compiler/tests/cross_module_alias_propagation_tests.rs;crates/reify-compiler/tests/prelude_context_tests.rs;crates/reify-test-support/src/builders
reify,2781,medium,2026-04-30T23:59:09.512706+00:00,2026-05-01T00:22:56.597476+00:00,0.3964,used,1,6,0,0.396,0.000,0.272,0,crates/reify-eval/src/dispatcher.rs
reify,2796,medium,2026-05-01T02:32:38.908203+00:00,2026-05-01T03:03:19.093885+00:00,0.5112,used,4,6,0,2.045,2.045,2.739,0,crates/reify-kernel-manifold/Cargo.toml;crates/reify-kernel-manifold/src/register.rs;crates/reify-kernel-manifold/tests/dispatcher_integration.rs;crates/reify-kernel-manifold/tests/inventory_registration.rs
reify,2388,medium,2026-05-01T05:47:44.147383+00:00,2026-05-01T06:18:16.193884+00:00,0.5089,lease_expired,3,6,0,1.527,1.018,0.003,0,crates/reify-eval/src/engine_build.rs;crates/reify-eval/src/engine_eval.rs;crates/reify-runtime/src/warm_pool.rs
reify,2388,medium,2026-05-01T06:19:56.482426+00:00,2026-05-01T07:20:12.039525+00:00,1.0043,lease_expired,3,6,0,3.013,1.004,1.026,0,crates/reify-eval/src/engine_build.rs;crates/reify-eval/src/engine_eval.rs;crates/reify-runtime/src/warm_pool.rs
reify,2388,medium,2026-05-01T07:21:34.966209+00:00,2026-05-01T08:21:46.471527+00:00,1.0032,lease_expired,3,6,0,3.010,1.790,0.000,0,crates/reify-eval/src/engine_build.rs;crates/reify-eval/src/engine_eval.rs;crates/reify-runtime/src/warm_pool.rs
reify,2815,high,2026-05-01T07:59:41.964618+00:00,2026-05-01T08:59:51.105398+00:00,1.0025,lease_expired,6,2,0,6.015,6.015,7.925,0,gui/src-tauri/src/claude_bridge.rs;gui/src-tauri/src/tests;gui/src/__tests__/ChatPanel.test.tsx;gui/src/__tests__/claudeBridge.test.ts;gui/src/__tests__/claudeStore.test.ts;gui/src/bridge.ts
reify,2815,high,2026-05-01T09:00:07.849794+00:00,2026-05-01T09:30:05.307938+00:00,0.4993,used,6,2,0,2.996,2.996,7.421,0,gui/src-tauri/src/claude_bridge.rs;gui/src-tauri/src/tests;gui/src/__tests__/ChatPanel.test.tsx;gui/src/__tests__/claudeBridge.test.ts;gui/src/__tests__/claudeStore.test.ts;gui/src/bridge.ts
reify,2388,medium,2026-05-01T09:31:17.171613+00:00,2026-05-01T09:55:56.576846+00:00,0.4109,era_death,3,6,0,1.233,0.551,1.869,0,crates/reify-eval/src/engine_build.rs;crates/reify-eval/src/engine_eval.rs;crates/reify-runtime/src/warm_pool.rs
reify,2388,medium,2026-05-01T11:48:19.308275+00:00,2026-05-01T12:19:11.489443+00:00,0.5145,lease_expired,3,6,0,1.543,1.029,4.601,0,crates/reify-eval/src/engine_build.rs;crates/reify-eval/src/engine_eval.rs;crates/reify-runtime/src/warm_pool.rs
reify,2829,high,2026-05-01T11:59:57.487550+00:00,2026-05-01T13:00:15.056477+00:00,1.0049,lease_expired,6,2,0,6.029,2.010,3.917,93,crates/reify-kernel-occt/cpp/occt_wrapper.cpp;crates/reify-kernel-occt/cpp/occt_wrapper.h;crates/reify-kernel-occt/src/ffi.rs;crates/reify-kernel-occt/src/lib.rs;crates/reify-kernel-occt/src/stubs.rs;crates/reify-kernel-occt/tests/point_on_shape_integration.rs
reify,2828,high,2026-05-01T12:31:41.359120+00:00,2026-05-01T13:32:00.375681+00:00,1.0053,lease_expired,6,2,0,6.032,2.011,3.941,0,crates/reify-kernel-occt/cpp/occt_wrapper.cpp;crates/reify-kernel-occt/cpp/occt_wrapper.h;crates/reify-kernel-occt/src/ffi.rs;crates/reify-kernel-occt/src/lib.rs;crates/reify-kernel-occt/src/stubs.rs;crates/reify-kernel-occt/tests/closest_point_on_shape_integration.rs
reify,2829,high,2026-05-01T16:55:17.468915+00:00,2026-05-01T17:26:02.511676+00:00,0.5125,lease_expired,6,2,0,3.075,0.513,6.780,0,crates/reify-kernel-occt/cpp/occt_wrapper.cpp;crates/reify-kernel-occt/cpp/occt_wrapper.h;crates/reify-kernel-occt/src/ffi.rs;crates/reify-kernel-occt/src/lib.rs;crates/reify-kernel-occt/src/stubs.rs;crates/reify-kernel-occt/tests/point_on_shape_integration.rs
reify,2829,high,2026-05-01T17:26:20.157720+00:00,2026-05-01T17:28:29.751112+00:00,0.0360,used,6,2,0,0.216,0.037,6.740,0,crates/reify-kernel-occt/cpp/occt_wrapper.cpp;crates/reify-kernel-occt/cpp/occt_wrapper.h;crates/reify-kernel-occt/src/ffi.rs;crates/reify-kernel-occt/src/lib.rs;crates/reify-kernel-occt/src/stubs.rs;crates/reify-kernel-occt/tests/point_on_shape_integration.rs
reify,2830,high,2026-05-01T17:28:46.518497+00:00,2026-05-01T18:28:46.853702+00:00,1.0001,lease_expired,6,2,0,6.001,1.000,0.202,0,crates/reify-kernel-occt/cpp/occt_wrapper.cpp;crates/reify-kernel-occt/cpp/occt_wrapper.h;crates/reify-kernel-occt/src/ffi.rs;crates/reify-kernel-occt/src/lib.rs;crates/reify-kernel-occt/src/stubs.rs;crates/reify-kernel-occt/tests/surface_angle_integration.rs
reify,2830,high,2026-05-01T18:29:06.014305+00:00,2026-05-01T18:39:31.690924+00:00,0.1738,era_death,6,2,0,1.043,0.176,0.022,0,crates/reify-kernel-occt/cpp/occt_wrapper.cpp;crates/reify-kernel-occt/cpp/occt_wrapper.h;crates/reify-kernel-occt/src/ffi.rs;crates/reify-kernel-occt/src/lib.rs;crates/reify-kernel-occt/src/stubs.rs;crates/reify-kernel-occt/tests/surface_angle_integration.rs
reify,2830,high,2026-05-01T18:40:59.460666+00:00,2026-05-01T19:11:30.198270+00:00,0.5085,lease_expired,6,2,0,3.051,0.509,13.924,0,crates/reify-kernel-occt/cpp/occt_wrapper.cpp;crates/reify-kernel-occt/cpp/occt_wrapper.h;crates/reify-kernel-occt/src/ffi.rs;crates/reify-kernel-occt/src/lib.rs;crates/reify-kernel-occt/src/stubs.rs;crates/reify-kernel-occt/tests/surface_angle_integration.rs
reify,2830,high,2026-05-01T19:11:49.916271+00:00,2026-05-01T20:12:00.119745+00:00,1.0028,lease_expired,6,2,0,6.017,1.003,12.916,0,crates/reify-kernel-occt/cpp/occt_wrapper.cpp;crates/reify-kernel-occt/cpp/occt_wrapper.h;crates/reify-kernel-occt/src/ffi.rs;crates/reify-kernel-occt/src/lib.rs;crates/reify-kernel-occt/src/stubs.rs;crates/reify-kernel-occt/tests/surface_angle_integration.rs
reify,2830,high,2026-05-01T20:12:16.479581+00:00,2026-05-01T21:12:30.894222+00:00,1.0040,lease_expired,6,2,0,6.024,1.004,11.908,0,crates/reify-kernel-occt/cpp/occt_wrapper.cpp;crates/reify-kernel-occt/cpp/occt_wrapper.h;crates/reify-kernel-occt/src/ffi.rs;crates/reify-kernel-occt/src/lib.rs;crates/reify-kernel-occt/src/stubs.rs;crates/reify-kernel-occt/tests/surface_angle_integration.rs
reify,2830,high,2026-05-01T21:12:47.137014+00:00,2026-05-01T22:12:59.530333+00:00,1.0034,lease_expired,6,2,0,6.021,1.003,10.900,0,crates/reify-kernel-occt/cpp/occt_wrapper.cpp;crates/reify-kernel-occt/cpp/occt_wrapper.h;crates/reify-kernel-occt/src/ffi.rs;crates/reify-kernel-occt/src/lib.rs;crates/reify-kernel-occt/src/stubs.rs;crates/reify-kernel-occt/tests/surface_angle_integration.rs
reify,2830,high,2026-05-01T22:13:15.813090+00:00,2026-05-01T23:13:15.833950+00:00,1.0000,lease_expired,6,2,0,6.000,1.000,9.895,0,crates/reify-kernel-occt/cpp/occt_wrapper.cpp;crates/reify-kernel-occt/cpp/occt_wrapper.h;crates/reify-kernel-occt/src/ffi.rs;crates/reify-kernel-occt/src/lib.rs;crates/reify-kernel-occt/src/stubs.rs;crates/reify-kernel-occt/tests/surface_angle_integration.rs
reify,2830,high,2026-05-01T23:13:43.022896+00:00,2026-05-02T00:12:51.963483+00:00,0.9858,used,6,2,0,5.915,0.987,8.902,0,crates/reify-kernel-occt/cpp/occt_wrapper.cpp;crates/reify-kernel-occt/cpp/occt_wrapper.h;crates/reify-kernel-occt/src/ffi.rs;crates/reify-kernel-occt/src/lib.rs;crates/reify-kernel-occt/src/stubs.rs;crates/reify-kernel-occt/tests/surface_angle_integration.rs
reify,2832,high,2026-05-02T00:13:08.799289+00:00,2026-05-02T01:13:15.054704+00:00,1.0017,lease_expired,6,2,0,6.010,1.002,17.007,0,crates/reify-kernel-occt/cpp/occt_wrapper.cpp;crates/reify-kernel-occt/cpp/occt_wrapper.h;crates/reify-kernel-occt/src/ffi.rs;crates/reify-kernel-occt/src/lib.rs;crates/reify-kernel-occt/src/stubs.rs;crates/reify-kernel-occt/tests/face_differential_integration.rs
reify,2374,high,2026-05-02T00:37:06.714492+00:00,2026-05-02T01:37:13.827508+00:00,1.0020,lease_expired,2,2,0,2.004,0.000,3.622,0,crates/reify-compiler/src/guards.rs;crates/reify-types/src/diagnostics.rs
reify,2374,high,2026-05-02T01:37:30.122105+00:00,2026-05-02T02:37:44.307752+00:00,1.0039,lease_expired,2,2,0,2.008,0.000,2.614,0,crates/reify-compiler/src/guards.rs;crates/reify-types/src/diagnostics.rs
reify,2374,high,2026-05-02T02:38:00.543105+00:00,2026-05-02T03:38:00.632565+00:00,1.0000,lease_expired,2,2,0,2.000,0.000,1.609,0,crates/reify-compiler/src/guards.rs;crates/reify-types/src/diagnostics.rs
reify,2374,high,2026-05-02T03:38:16.942513+00:00,2026-05-02T04:38:25.507899+00:00,1.0024,lease_expired,2,2,0,2.005,0.000,0.602,0,crates/reify-compiler/src/guards.rs;crates/reify-types/src/diagnostics.rs
reify,2374,high,2026-05-02T04:38:43.593378+00:00,2026-05-02T04:51:54.724548+00:00,0.2198,used,2,2,0,0.440,0.000,0.378,0,crates/reify-compiler/src/guards.rs;crates/reify-types/src/diagnostics.rs
reify,2832,high,2026-05-02T04:51:56.946750+00:00,2026-05-02T05:52:06.124939+00:00,1.0025,lease_expired,6,2,0,6.015,1.003,12.359,0,crates/reify-kernel-occt/cpp/occt_wrapper.cpp;crates/reify-kernel-occt/cpp/occt_wrapper.h;crates/reify-kernel-occt/src/ffi.rs;crates/reify-kernel-occt/src/lib.rs;crates/reify-kernel-occt/src/stubs.rs;crates/reify-kernel-occt/tests/face_differential_integration.rs
reify,2832,high,2026-05-02T05:52:22.462647+00:00,2026-05-02T06:52:29.175164+00:00,1.0019,lease_expired,6,2,0,6.011,1.002,11.353,0,crates/reify-kernel-occt/cpp/occt_wrapper.cpp;crates/reify-kernel-occt/cpp/occt_wrapper.h;crates/reify-kernel-occt/src/ffi.rs;crates/reify-kernel-occt/src/lib.rs;crates/reify-kernel-occt/src/stubs.rs;crates/reify-kernel-occt/tests/face_differential_integration.rs
reify,2832,high,2026-05-02T06:52:45.496638+00:00,2026-05-02T07:52:46.240489+00:00,1.0002,lease_expired,6,2,0,6.001,1.000,10.348,0,crates/reify-kernel-occt/cpp/occt_wrapper.cpp;crates/reify-kernel-occt/cpp/occt_wrapper.h;crates/reify-kernel-occt/src/ffi.rs;crates/reify-kernel-occt/src/lib.rs;crates/reify-kernel-occt/src/stubs.rs;crates/reify-kernel-occt/tests/face_differential_integration.rs
reify,2832,high,2026-05-02T07:53:02.495946+00:00,2026-05-02T08:53:07.468295+00:00,1.0014,lease_expired,6,2,0,6.008,1.001,9.342,0,crates/reify-kernel-occt/cpp/occt_wrapper.cpp;crates/reify-kernel-occt/cpp/occt_wrapper.h;crates/reify-kernel-occt/src/ffi.rs;crates/reify-kernel-occt/src/lib.rs;crates/reify-kernel-occt/src/stubs.rs;crates/reify-kernel-occt/tests/face_differential_integration.rs
reify,2832,high,2026-05-02T08:53:23.707335+00:00,2026-05-02T09:06:58.173425+00:00,0.2262,used,6,2,0,1.357,0.230,9.112,0,crates/reify-kernel-occt/cpp/occt_wrapper.cpp;crates/reify-kernel-occt/cpp/occt_wrapper.h;crates/reify-kernel-occt/src/ffi.rs;crates/reify-kernel-occt/src/lib.rs;crates/reify-kernel-occt/src/stubs.rs;crates/reify-kernel-occt/tests/face_differential_integration.rs
reify,2860,high,2026-05-02T09:07:17.262032+00:00,2026-05-02T09:35:29.429591+00:00,0.4700,used,3,2,0,1.410,1.410,4.569,0,crates/reify-compiler/src/auto_type_param.rs;crates/reify-compiler/tests/auto_type_param_backtracking_tests.rs;crates/reify-types/src/diagnostics.rs
reify,2861,high,2026-05-02T09:35:48.369967+00:00,2026-05-02T10:35:59.715635+00:00,1.0032,lease_expired,2,2,0,2.006,0.000,7.708,0,crates/reify-compiler/src/auto_type_param.rs;crates/reify-compiler/tests/auto_type_param_backtracking_tests.rs
reify,2861,high,2026-05-02T10:36:16.157355+00:00,2026-05-02T11:36:18.985027+00:00,1.0008,lease_expired,2,2,0,2.002,0.000,6.702,0,crates/reify-compiler/src/auto_type_param.rs;crates/reify-compiler/tests/auto_type_param_backtracking_tests.rs
reify,2861,high,2026-05-02T11:36:35.382748+00:00,2026-05-02T12:36:38.269213+00:00,1.0008,lease_expired,2,2,0,2.002,0.000,5.697,0,crates/reify-compiler/src/auto_type_param.rs;crates/reify-compiler/tests/auto_type_param_backtracking_tests.rs
reify,2861,high,2026-05-02T12:36:54.764173+00:00,2026-05-02T13:37:06.936519+00:00,1.0034,lease_expired,2,2,0,2.007,0.000,4.689,0,crates/reify-compiler/src/auto_type_param.rs;crates/reify-compiler/tests/auto_type_param_backtracking_tests.rs
reify,2861,high,2026-05-02T13:37:23.267015+00:00,2026-05-02T14:09:37.267816+00:00,0.5372,used,2,2,0,1.074,0.000,4.147,0,crates/reify-compiler/src/auto_type_param.rs;crates/reify-compiler/tests/auto_type_param_backtracking_tests.rs
reify,2862,medium,2026-05-02T14:10:33.390172+00:00,2026-05-02T15:10:38.672930+00:00,1.0015,lease_expired,1,6,0,1.001,0.000,7.241,0,crates/reify-compiler/src/auto_type_param.rs
reify,2862,medium,2026-05-02T15:11:57.578890+00:00,2026-05-02T16:12:00.591249+00:00,1.0008,lease_expired,1,6,0,1.001,0.000,6.219,0,crates/reify-compiler/src/auto_type_param.rs
reify,2862,medium,2026-05-02T16:13:19.405518+00:00,2026-05-02T17:13:23.174296+00:00,1.0010,lease_expired,1,6,0,1.001,0.000,5.196,0,crates/reify-compiler/src/auto_type_param.rs
reify,2375,high,2026-05-02T17:53:03.263107+00:00,2026-05-02T17:53:20.313808+00:00,0.0047,used,4,2,0,0.019,0.014,1.054,0,crates/reify-compiler/src/compile_builder;crates/reify-compiler/src/guards.rs;crates/reify-compiler/tests/match_block_compile_tests.rs;crates/reify-types/src/diagnostics.rs
reify,2862,medium,2026-05-02T17:14:42.677618+00:00,2026-05-02T18:14:58.313658+00:00,1.0043,lease_expired,1,6,0,1.004,0.000,4.169,0,crates/reify-compiler/src/auto_type_param.rs
reify,2374,high,2026-05-02T17:53:37.500856+00:00,2026-05-02T18:53:45.310129+00:00,1.0022,lease_expired,2,2,0,2.004,0.000,96.406,0,crates/reify-compiler/src/guards.rs;crates/reify-types/src/diagnostics.rs
reify,2374,high,2026-05-02T18:54:01.928634+00:00,2026-05-02T18:56:34.156939+00:00,0.0423,used,2,2,0,0.085,0.008,96.359,0,crates/reify-compiler/src/guards.rs;crates/reify-types/src/diagnostics.rs
reify,2865,medium,2026-05-02T18:57:59.406592+00:00,2026-05-02T22:25:04.587945+00:00,3.4514,lease_expired,1,6,0,3.451,2.662,0.092,0,crates/reify-compiler/src/auto_type_param.rs
reify,2374,high,2026-05-02T22:25:07.664619+00:00,2026-05-02T23:25:20.018298+00:00,1.0034,lease_expired,7,2,0,7.024,4.014,10.071,0,crates/reify-compiler/src/entity.rs;crates/reify-compiler/src/expr.rs;crates/reify-compiler/src/guards.rs;crates/reify-compiler/src/scope.rs;crates/reify-compiler/src/types.rs;crates/reify-compiler/tests/match_arm_decl_group_compile_tests.rs;crates/reify-types/src/ty.rs
reify,2374,high,2026-05-02T23:25:35.616802+00:00,2026-05-03T00:25:50.876733+00:00,1.0042,lease_expired,7,2,0,7.030,4.017,9.062,0,crates/reify-compiler/src/entity.rs;crates/reify-compiler/src/expr.rs;crates/reify-compiler/src/guards.rs;crates/reify-compiler/src/scope.rs;crates/reify-compiler/src/types.rs;crates/reify-compiler/tests/match_arm_decl_group_compile_tests.rs;crates/reify-types/src/ty.rs
reify,2374,high,2026-05-03T00:26:06.499627+00:00,2026-05-03T01:26:17.619866+00:00,1.0031,lease_expired,7,2,0,7.022,4.813,8.055,0,crates/reify-compiler/src/entity.rs;crates/reify-compiler/src/expr.rs;crates/reify-compiler/src/guards.rs;crates/reify-compiler/src/scope.rs;crates/reify-compiler/src/types.rs;crates/reify-compiler/tests/match_arm_decl_group_compile_tests.rs;crates/reify-types/src/ty.rs
reify,2374,high,2026-05-03T01:26:33.237715+00:00,2026-05-03T02:26:48.230051+00:00,1.0042,lease_expired,7,2,0,7.029,5.021,7.046,0,crates/reify-compiler/src/entity.rs;crates/reify-compiler/src/expr.rs;crates/reify-compiler/src/guards.rs;crates/reify-compiler/src/scope.rs;crates/reify-compiler/src/types.rs;crates/reify-compiler/tests/match_arm_decl_group_compile_tests.rs;crates/reify-types/src/ty.rs
reify,2374,high,2026-05-03T02:27:03.847592+00:00,2026-05-03T03:27:19.055595+00:00,1.0042,lease_expired,7,2,0,7.030,5.021,6.038,0,crates/reify-compiler/src/entity.rs;crates/reify-compiler/src/expr.rs;crates/reify-compiler/src/guards.rs;crates/reify-compiler/src/scope.rs;crates/reify-compiler/src/types.rs;crates/reify-compiler/tests/match_arm_decl_group_compile_tests.rs;crates/reify-types/src/ty.rs
reify,2374,high,2026-05-03T03:27:34.760328+00:00,2026-05-03T03:48:19.222287+00:00,0.3457,used,7,2,0,2.420,1.728,5.688,0,crates/reify-compiler/src/entity.rs;crates/reify-compiler/src/expr.rs;crates/reify-compiler/src/guards.rs;crates/reify-compiler/src/scope.rs;crates/reify-compiler/src/types.rs;crates/reify-compiler/tests/match_arm_decl_group_compile_tests.rs;crates/reify-types/src/ty.rs
reify,2874,high,2026-05-03T03:48:34.950352+00:00,2026-05-03T04:48:49.304717+00:00,1.0040,lease_expired,9,2,0,9.036,2.008,4.022,0,crates/reify-eval/src/dispatcher.rs;crates/reify-eval/src/engine_admin.rs;crates/reify-eval/src/engine_build.rs;crates/reify-eval/src/engine_tolerance.rs;crates/reify-eval/src/geometry_ops.rs;crates/reify-eval/src/lib.rs;crates/reify-eval/src/realization_cache.rs;crates/reify-eval/tests/tolerance_dispatch_budget.rs;crates/reify-eval/tests/tolerance_wiring_e2e.rs
reify,2874,high,2026-05-03T04:49:05.040726+00:00,2026-05-03T05:49:06.594901+00:00,1.0004,lease_expired,9,2,0,9.004,2.001,3.018,0,crates/reify-eval/src/dispatcher.rs;crates/reify-eval/src/engine_admin.rs;crates/reify-eval/src/engine_build.rs;crates/reify-eval/src/engine_tolerance.rs;crates/reify-eval/src/geometry_ops.rs;crates/reify-eval/src/lib.rs;crates/reify-eval/src/realization_cache.rs;crates/reify-eval/tests/tolerance_dispatch_budget.rs;crates/reify-eval/tests/tolerance_wiring_e2e.rs
reify,2874,high,2026-05-03T05:49:22.217241+00:00,2026-05-03T06:49:24.137951+00:00,1.0005,lease_expired,9,2,0,9.005,2.001,2.013,0,crates/reify-eval/src/dispatcher.rs;crates/reify-eval/src/engine_admin.rs;crates/reify-eval/src/engine_build.rs;crates/reify-eval/src/engine_tolerance.rs;crates/reify-eval/src/geometry_ops.rs;crates/reify-eval/src/lib.rs;crates/reify-eval/src/realization_cache.rs;crates/reify-eval/tests/tolerance_dispatch_budget.rs;crates/reify-eval/tests/tolerance_wiring_e2e.rs
reify,2874,high,2026-05-03T06:49:39.801380+00:00,2026-05-03T07:49:46.707251+00:00,1.0019,lease_expired,9,2,0,9.017,2.004,1.006,0,crates/reify-eval/src/dispatcher.rs;crates/reify-eval/src/engine_admin.rs;crates/reify-eval/src/engine_build.rs;crates/reify-eval/src/engine_tolerance.rs;crates/reify-eval/src/geometry_ops.rs;crates/reify-eval/src/lib.rs;crates/reify-eval/src/realization_cache.rs;crates/reify-eval/tests/tolerance_dispatch_budget.rs;crates/reify-eval/tests/tolerance_wiring_e2e.rs
reify,2874,high,2026-05-03T07:50:02.489496+00:00,2026-05-03T08:50:09.786865+00:00,1.0020,lease_expired,9,2,0,9.018,2.004,0.000,0,crates/reify-eval/src/dispatcher.rs;crates/reify-eval/src/engine_admin.rs;crates/reify-eval/src/engine_build.rs;crates/reify-eval/src/engine_tolerance.rs;crates/reify-eval/src/geometry_ops.rs;crates/reify-eval/src/lib.rs;crates/reify-eval/src/realization_cache.rs;crates/reify-eval/tests/tolerance_dispatch_budget.rs;crates/reify-eval/tests/tolerance_wiring_e2e.rs
reify,2874,high,2026-05-03T08:50:10.421439+00:00,2026-05-03T09:50:15.843644+00:00,1.0015,lease_expired,9,2,0,9.014,2.003,6.038,0,crates/reify-eval/src/dispatcher.rs;crates/reify-eval/src/engine_admin.rs;crates/reify-eval/src/engine_build.rs;crates/reify-eval/src/engine_tolerance.rs;crates/reify-eval/src/geometry_ops.rs;crates/reify-eval/src/lib.rs;crates/reify-eval/src/realization_cache.rs;crates/reify-eval/tests/tolerance_dispatch_budget.rs;crates/reify-eval/tests/tolerance_wiring_e2e.rs
reify,2874,high,2026-05-03T09:50:31.509643+00:00,2026-05-03T10:50:35.796514+00:00,1.0012,lease_expired,9,2,0,9.011,2.002,5.032,0,crates/reify-eval/src/dispatcher.rs;crates/reify-eval/src/engine_admin.rs;crates/reify-eval/src/engine_build.rs;crates/reify-eval/src/engine_tolerance.rs;crates/reify-eval/src/geometry_ops.rs;crates/reify-eval/src/lib.rs;crates/reify-eval/src/realization_cache.rs;crates/reify-eval/tests/tolerance_dispatch_budget.rs;crates/reify-eval/tests/tolerance_wiring_e2e.rs
reify,2874,high,2026-05-03T10:50:51.443082+00:00,2026-05-03T11:50:54.721045+00:00,1.0009,lease_expired,9,2,0,9.008,2.002,4.027,0,crates/reify-eval/src/dispatcher.rs;crates/reify-eval/src/engine_admin.rs;crates/reify-eval/src/engine_build.rs;crates/reify-eval/src/engine_tolerance.rs;crates/reify-eval/src/geometry_ops.rs;crates/reify-eval/src/lib.rs;crates/reify-eval/src/realization_cache.rs;crates/reify-eval/tests/tolerance_dispatch_budget.rs;crates/reify-eval/tests/tolerance_wiring_e2e.rs
reify,2874,high,2026-05-03T11:51:10.362696+00:00,2026-05-03T12:51:14.050092+00:00,1.0010,lease_expired,9,2,0,9.009,2.002,3.022,0,crates/reify-eval/src/dispatcher.rs;crates/reify-eval/src/engine_admin.rs;crates/reify-eval/src/engine_build.rs;crates/reify-eval/src/engine_tolerance.rs;crates/reify-eval/src/geometry_ops.rs;crates/reify-eval/src/lib.rs;crates/reify-eval/src/realization_cache.rs;crates/reify-eval/tests/tolerance_dispatch_budget.rs;crates/reify-eval/tests/tolerance_wiring_e2e.rs
reify,2874,high,2026-05-03T12:51:29.685194+00:00,2026-05-03T13:51:45.160614+00:00,1.0043,lease_expired,9,2,0,9.039,2.009,2.013,0,crates/reify-eval/src/dispatcher.rs;crates/reify-eval/src/engine_admin.rs;crates/reify-eval/src/engine_build.rs;crates/reify-eval/src/engine_tolerance.rs;crates/reify-eval/src/geometry_ops.rs;crates/reify-eval/src/lib.rs;crates/reify-eval/src/realization_cache.rs;crates/reify-eval/tests/tolerance_dispatch_budget.rs;crates/reify-eval/tests/tolerance_wiring_e2e.rs
reify,2874,high,2026-05-03T13:52:01.955802+00:00,2026-05-03T14:52:09.572732+00:00,1.0021,lease_expired,9,2,0,9.019,2.004,1.006,0,crates/reify-eval/src/dispatcher.rs;crates/reify-eval/src/engine_admin.rs;crates/reify-eval/src/engine_build.rs;crates/reify-eval/src/engine_tolerance.rs;crates/reify-eval/src/geometry_ops.rs;crates/reify-eval/src/lib.rs;crates/reify-eval/src/realization_cache.rs;crates/reify-eval/tests/tolerance_dispatch_budget.rs;crates/reify-eval/tests/tolerance_wiring_e2e.rs
reify,2874,high,2026-05-03T14:52:25.232064+00:00,2026-05-03T15:52:31.212648+00:00,1.0017,lease_expired,9,2,0,9.015,4.460,0.000,0,crates/reify-eval/src/dispatcher.rs;crates/reify-eval/src/engine_admin.rs;crates/reify-eval/src/engine_build.rs;crates/reify-eval/src/engine_tolerance.rs;crates/reify-eval/src/geometry_ops.rs;crates/reify-eval/src/lib.rs;crates/reify-eval/src/realization_cache.rs;crates/reify-eval/tests/tolerance_dispatch_budget.rs;crates/reify-eval/tests/tolerance_wiring_e2e.rs
reify,2874,high,2026-05-03T15:52:31.877386+00:00,2026-05-03T16:52:35.982038+00:00,1.0011,lease_expired,9,2,0,9.010,2.002,25.155,0,crates/reify-eval/src/dispatcher.rs;crates/reify-eval/src/engine_admin.rs;crates/reify-eval/src/engine_build.rs;crates/reify-eval/src/engine_tolerance.rs;crates/reify-eval/src/geometry_ops.rs;crates/reify-eval/src/lib.rs;crates/reify-eval/src/realization_cache.rs;crates/reify-eval/tests/tolerance_dispatch_budget.rs;crates/reify-eval/tests/tolerance_wiring_e2e.rs
reify,2874,high,2026-05-03T16:52:51.665528+00:00,2026-05-03T17:52:56.821954+00:00,1.0014,lease_expired,9,2,0,9.013,2.003,24.149,0,crates/reify-eval/src/dispatcher.rs;crates/reify-eval/src/engine_admin.rs;crates/reify-eval/src/engine_build.rs;crates/reify-eval/src/engine_tolerance.rs;crates/reify-eval/src/geometry_ops.rs;crates/reify-eval/src/lib.rs;crates/reify-eval/src/realization_cache.rs;crates/reify-eval/tests/tolerance_dispatch_budget.rs;crates/reify-eval/tests/tolerance_wiring_e2e.rs
reify,2874,high,2026-05-03T17:53:12.443792+00:00,2026-05-03T18:53:21.767356+00:00,1.0026,lease_expired,9,2,0,9.023,2.005,23.142,0,crates/reify-eval/src/dispatcher.rs;crates/reify-eval/src/engine_admin.rs;crates/reify-eval/src/engine_build.rs;crates/reify-eval/src/engine_tolerance.rs;crates/reify-eval/src/geometry_ops.rs;crates/reify-eval/src/lib.rs;crates/reify-eval/src/realization_cache.rs;crates/reify-eval/tests/tolerance_dispatch_budget.rs;crates/reify-eval/tests/tolerance_wiring_e2e.rs
reify,2874,high,2026-05-03T18:53:38.738238+00:00,2026-05-03T19:53:43.702610+00:00,1.0014,lease_expired,9,2,0,9.012,3.908,22.136,0,crates/reify-eval/src/dispatcher.rs;crates/reify-eval/src/engine_admin.rs;crates/reify-eval/src/engine_build.rs;crates/reify-eval/src/engine_tolerance.rs;crates/reify-eval/src/geometry_ops.rs;crates/reify-eval/src/lib.rs;crates/reify-eval/src/realization_cache.rs;crates/reify-eval/tests/tolerance_dispatch_budget.rs;crates/reify-eval/tests/tolerance_wiring_e2e.rs
reify,2874,high,2026-05-03T19:53:59.391358+00:00,2026-05-03T20:54:05.969275+00:00,1.0018,lease_expired,9,2,0,9.016,5.009,21.130,0,crates/reify-eval/src/dispatcher.rs;crates/reify-eval/src/engine_admin.rs;crates/reify-eval/src/engine_build.rs;crates/reify-eval/src/engine_tolerance.rs;crates/reify-eval/src/geometry_ops.rs;crates/reify-eval/src/lib.rs;crates/reify-eval/src/realization_cache.rs;crates/reify-eval/tests/tolerance_dispatch_budget.rs;crates/reify-eval/tests/tolerance_wiring_e2e.rs
reify,2874,high,2026-05-03T20:54:21.730002+00:00,2026-05-03T21:54:24.986288+00:00,1.0009,lease_expired,9,2,0,9.008,5.005,20.125,0,crates/reify-eval/src/dispatcher.rs;crates/reify-eval/src/engine_admin.rs;crates/reify-eval/src/engine_build.rs;crates/reify-eval/src/engine_tolerance.rs;crates/reify-eval/src/geometry_ops.rs;crates/reify-eval/src/lib.rs;crates/reify-eval/src/realization_cache.rs;crates/reify-eval/tests/tolerance_dispatch_budget.rs;crates/reify-eval/tests/tolerance_wiring_e2e.rs
reify,2874,high,2026-05-03T21:54:40.765826+00:00,2026-05-03T22:54:43.986453+00:00,1.0009,lease_expired,9,2,0,9.008,5.004,19.119,0,crates/reify-eval/src/dispatcher.rs;crates/reify-eval/src/engine_admin.rs;crates/reify-eval/src/engine_build.rs;crates/reify-eval/src/engine_tolerance.rs;crates/reify-eval/src/geometry_ops.rs;crates/reify-eval/src/lib.rs;crates/reify-eval/src/realization_cache.rs;crates/reify-eval/tests/tolerance_dispatch_budget.rs;crates/reify-eval/tests/tolerance_wiring_e2e.rs
reify,2874,high,2026-05-03T22:54:59.623220+00:00,2026-05-03T23:55:09.634708+00:00,1.0028,lease_expired,9,2,0,9.025,5.014,18.112,0,crates/reify-eval/src/dispatcher.rs;crates/reify-eval/src/engine_admin.rs;crates/reify-eval/src/engine_build.rs;crates/reify-eval/src/engine_tolerance.rs;crates/reify-eval/src/geometry_ops.rs;crates/reify-eval/src/lib.rs;crates/reify-eval/src/realization_cache.rs;crates/reify-eval/tests/tolerance_dispatch_budget.rs;crates/reify-eval/tests/tolerance_wiring_e2e.rs
reify,2874,high,2026-05-03T23:55:25.266928+00:00,2026-05-04T00:55:35.881435+00:00,1.0029,lease_expired,9,2,0,9.027,5.015,17.105,0,crates/reify-eval/src/dispatcher.rs;crates/reify-eval/src/engine_admin.rs;crates/reify-eval/src/engine_build.rs;crates/reify-eval/src/engine_tolerance.rs;crates/reify-eval/src/geometry_ops.rs;crates/reify-eval/src/lib.rs;crates/reify-eval/src/realization_cache.rs;crates/reify-eval/tests/tolerance_dispatch_budget.rs;crates/reify-eval/tests/tolerance_wiring_e2e.rs
reify,2874,high,2026-05-04T00:55:51.497901+00:00,2026-05-04T01:55:56.514241+00:00,1.0014,lease_expired,9,2,0,9.013,5.007,16.099,0,crates/reify-eval/src/dispatcher.rs;crates/reify-eval/src/engine_admin.rs;crates/reify-eval/src/engine_build.rs;crates/reify-eval/src/engine_tolerance.rs;crates/reify-eval/src/geometry_ops.rs;crates/reify-eval/src/lib.rs;crates/reify-eval/src/realization_cache.rs;crates/reify-eval/tests/tolerance_dispatch_budget.rs;crates/reify-eval/tests/tolerance_wiring_e2e.rs
reify,2874,high,2026-05-04T01:56:12.171422+00:00,2026-05-04T02:56:17.434533+00:00,1.0015,lease_expired,9,2,0,9.013,5.007,15.093,0,crates/reify-eval/src/dispatcher.rs;crates/reify-eval/src/engine_admin.rs;crates/reify-eval/src/engine_build.rs;crates/reify-eval/src/engine_tolerance.rs;crates/reify-eval/src/geometry_ops.rs;crates/reify-eval/src/lib.rs;crates/reify-eval/src/realization_cache.rs;crates/reify-eval/tests/tolerance_dispatch_budget.rs;crates/reify-eval/tests/tolerance_wiring_e2e.rs
reify,2874,high,2026-05-04T02:56:33.071870+00:00,2026-05-04T03:56:38.042607+00:00,1.0014,lease_expired,9,2,0,9.012,5.007,14.088,0,crates/reify-eval/src/dispatcher.rs;crates/reify-eval/src/engine_admin.rs;crates/reify-eval/src/engine_build.rs;crates/reify-eval/src/engine_tolerance.rs;crates/reify-eval/src/geometry_ops.rs;crates/reify-eval/src/lib.rs;crates/reify-eval/src/realization_cache.rs;crates/reify-eval/tests/tolerance_dispatch_budget.rs;crates/reify-eval/tests/tolerance_wiring_e2e.rs
reify,2874,high,2026-05-04T03:56:53.803733+00:00,2026-05-04T04:57:01.432891+00:00,1.0021,lease_expired,9,2,0,9.019,5.011,13.081,0,crates/reify-eval/src/dispatcher.rs;crates/reify-eval/src/engine_admin.rs;crates/reify-eval/src/engine_build.rs;crates/reify-eval/src/engine_tolerance.rs;crates/reify-eval/src/geometry_ops.rs;crates/reify-eval/src/lib.rs;crates/reify-eval/src/realization_cache.rs;crates/reify-eval/tests/tolerance_dispatch_budget.rs;crates/reify-eval/tests/tolerance_wiring_e2e.rs
reify,2874,high,2026-05-04T04:57:17.133174+00:00,2026-05-04T05:57:24.034044+00:00,1.0019,lease_expired,9,2,0,9.017,5.010,12.075,0,crates/reify-eval/src/dispatcher.rs;crates/reify-eval/src/engine_admin.rs;crates/reify-eval/src/engine_build.rs;crates/reify-eval/src/engine_tolerance.rs;crates/reify-eval/src/geometry_ops.rs;crates/reify-eval/src/lib.rs;crates/reify-eval/src/realization_cache.rs;crates/reify-eval/tests/tolerance_dispatch_budget.rs;crates/reify-eval/tests/tolerance_wiring_e2e.rs
reify,2874,high,2026-05-04T05:57:39.844865+00:00,2026-05-04T06:57:44.892853+00:00,1.0014,lease_expired,9,2,0,9.013,5.007,11.069,0,crates/reify-eval/src/dispatcher.rs;crates/reify-eval/src/engine_admin.rs;crates/reify-eval/src/engine_build.rs;crates/reify-eval/src/engine_tolerance.rs;crates/reify-eval/src/geometry_ops.rs;crates/reify-eval/src/lib.rs;crates/reify-eval/src/realization_cache.rs;crates/reify-eval/tests/tolerance_dispatch_budget.rs;crates/reify-eval/tests/tolerance_wiring_e2e.rs
reify,2874,high,2026-05-04T06:58:00.572397+00:00,2026-05-04T07:58:05.715804+00:00,1.0014,lease_expired,9,2,0,9.013,5.007,10.063,0,crates/reify-eval/src/dispatcher.rs;crates/reify-eval/src/engine_admin.rs;crates/reify-eval/src/engine_build.rs;crates/reify-eval/src/engine_tolerance.rs;crates/reify-eval/src/geometry_ops.rs;crates/reify-eval/src/lib.rs;crates/reify-eval/src/realization_cache.rs;crates/reify-eval/tests/tolerance_dispatch_budget.rs;crates/reify-eval/tests/tolerance_wiring_e2e.rs
reify,2874,high,2026-05-04T07:58:21.404235+00:00,2026-05-04T08:58:27.490213+00:00,1.0017,lease_expired,9,2,0,9.015,5.008,9.057,0,crates/reify-eval/src/dispatcher.rs;crates/reify-eval/src/engine_admin.rs;crates/reify-eval/src/engine_build.rs;crates/reify-eval/src/engine_tolerance.rs;crates/reify-eval/src/geometry_ops.rs;crates/reify-eval/src/lib.rs;crates/reify-eval/src/realization_cache.rs;crates/reify-eval/tests/tolerance_dispatch_budget.rs;crates/reify-eval/tests/tolerance_wiring_e2e.rs
reify,2874,high,2026-05-04T08:58:43.189352+00:00,2026-05-04T09:58:54.452304+00:00,1.0031,lease_expired,9,2,0,9.028,5.016,8.050,0,crates/reify-eval/src/dispatcher.rs;crates/reify-eval/src/engine_admin.rs;crates/reify-eval/src/engine_build.rs;crates/reify-eval/src/engine_tolerance.rs;crates/reify-eval/src/geometry_ops.rs;crates/reify-eval/src/lib.rs;crates/reify-eval/src/realization_cache.rs;crates/reify-eval/tests/tolerance_dispatch_budget.rs;crates/reify-eval/tests/tolerance_wiring_e2e.rs
reify,2874,high,2026-05-04T09:59:10.251465+00:00,2026-05-04T10:59:16.787418+00:00,1.0018,lease_expired,9,2,0,9.016,5.009,7.044,0,crates/reify-eval/src/dispatcher.rs;crates/reify-eval/src/engine_admin.rs;crates/reify-eval/src/engine_build.rs;crates/reify-eval/src/engine_tolerance.rs;crates/reify-eval/src/geometry_ops.rs;crates/reify-eval/src/lib.rs;crates/reify-eval/src/realization_cache.rs;crates/reify-eval/tests/tolerance_dispatch_budget.rs;crates/reify-eval/tests/tolerance_wiring_e2e.rs
reify,2874,high,2026-05-04T10:59:32.580881+00:00,2026-05-04T11:59:38.776599+00:00,1.0017,lease_expired,9,2,0,9.015,5.009,6.037,0,crates/reify-eval/src/dispatcher.rs;crates/reify-eval/src/engine_admin.rs;crates/reify-eval/src/engine_build.rs;crates/reify-eval/src/engine_tolerance.rs;crates/reify-eval/src/geometry_ops.rs;crates/reify-eval/src/lib.rs;crates/reify-eval/src/realization_cache.rs;crates/reify-eval/tests/tolerance_dispatch_budget.rs;crates/reify-eval/tests/tolerance_wiring_e2e.rs
reify,2874,high,2026-05-04T11:59:54.471196+00:00,2026-05-04T13:00:00.417815+00:00,1.0017,lease_expired,9,2,0,9.015,5.008,5.031,0,crates/reify-eval/src/dispatcher.rs;crates/reify-eval/src/engine_admin.rs;crates/reify-eval/src/engine_build.rs;crates/reify-eval/src/engine_tolerance.rs;crates/reify-eval/src/geometry_ops.rs;crates/reify-eval/src/lib.rs;crates/reify-eval/src/realization_cache.rs;crates/reify-eval/tests/tolerance_dispatch_budget.rs;crates/reify-eval/tests/tolerance_wiring_e2e.rs
reify,2874,high,2026-05-04T13:00:16.114755+00:00,2026-05-04T14:00:22.317842+00:00,1.0017,lease_expired,9,2,0,9.016,5.009,4.025,0,crates/reify-eval/src/dispatcher.rs;crates/reify-eval/src/engine_admin.rs;crates/reify-eval/src/engine_build.rs;crates/reify-eval/src/engine_tolerance.rs;crates/reify-eval/src/geometry_ops.rs;crates/reify-eval/src/lib.rs;crates/reify-eval/src/realization_cache.rs;crates/reify-eval/tests/tolerance_dispatch_budget.rs;crates/reify-eval/tests/tolerance_wiring_e2e.rs
reify,2874,high,2026-05-04T14:00:37.962697+00:00,2026-05-04T15:00:44.692346+00:00,1.0019,lease_expired,9,2,0,9.017,5.009,3.019,0,crates/reify-eval/src/dispatcher.rs;crates/reify-eval/src/engine_admin.rs;crates/reify-eval/src/engine_build.rs;crates/reify-eval/src/engine_tolerance.rs;crates/reify-eval/src/geometry_ops.rs;crates/reify-eval/src/lib.rs;crates/reify-eval/src/realization_cache.rs;crates/reify-eval/tests/tolerance_dispatch_budget.rs;crates/reify-eval/tests/tolerance_wiring_e2e.rs
reify,2874,high,2026-05-04T15:01:00.398168+00:00,2026-05-04T16:01:08.141065+00:00,1.0022,lease_expired,9,2,0,9.019,5.011,2.013,0,crates/reify-eval/src/dispatcher.rs;crates/reify-eval/src/engine_admin.rs;crates/reify-eval/src/engine_build.rs;crates/reify-eval/src/engine_tolerance.rs;crates/reify-eval/src/geometry_ops.rs;crates/reify-eval/src/lib.rs;crates/reify-eval/src/realization_cache.rs;crates/reify-eval/tests/tolerance_dispatch_budget.rs;crates/reify-eval/tests/tolerance_wiring_e2e.rs
reify,2874,high,2026-05-04T16:01:23.794854+00:00,2026-05-04T17:01:31.097591+00:00,1.0020,lease_expired,9,2,0,9.018,5.010,1.006,0,crates/reify-eval/src/dispatcher.rs;crates/reify-eval/src/engine_admin.rs;crates/reify-eval/src/engine_build.rs;crates/reify-eval/src/engine_tolerance.rs;crates/reify-eval/src/geometry_ops.rs;crates/reify-eval/src/lib.rs;crates/reify-eval/src/realization_cache.rs;crates/reify-eval/tests/tolerance_dispatch_budget.rs;crates/reify-eval/tests/tolerance_wiring_e2e.rs
reify,2874,high,2026-05-04T17:01:46.786869+00:00,2026-05-04T18:01:51.419863+00:00,1.0013,lease_expired,9,2,0,9.012,5.006,0.001,0,crates/reify-eval/src/dispatcher.rs;crates/reify-eval/src/engine_admin.rs;crates/reify-eval/src/engine_build.rs;crates/reify-eval/src/engine_tolerance.rs;crates/reify-eval/src/geometry_ops.rs;crates/reify-eval/src/lib.rs;crates/reify-eval/src/realization_cache.rs;crates/reify-eval/tests/tolerance_dispatch_budget.rs;crates/reify-eval/tests/tolerance_wiring_e2e.rs
reify,2874,high,2026-05-04T18:01:55.381227+00:00,2026-05-04T19:02:08.338228+00:00,1.0036,lease_expired,9,2,0,9.032,4.014,2.013,0,crates/reify-eval/src/dispatcher.rs;crates/reify-eval/src/engine_admin.rs;crates/reify-eval/src/engine_build.rs;crates/reify-eval/src/engine_tolerance.rs;crates/reify-eval/src/geometry_ops.rs;crates/reify-eval/src/lib.rs;crates/reify-eval/src/realization_cache.rs;crates/reify-eval/tests/tolerance_dispatch_budget.rs;crates/reify-eval/tests/tolerance_wiring_e2e.rs
reify,2874,high,2026-05-04T19:02:24.028997+00:00,2026-05-04T20:02:34.033952+00:00,1.0028,lease_expired,9,2,0,9.025,4.011,1.006,0,crates/reify-eval/src/dispatcher.rs;crates/reify-eval/src/engine_admin.rs;crates/reify-eval/src/engine_build.rs;crates/reify-eval/src/engine_tolerance.rs;crates/reify-eval/src/geometry_ops.rs;crates/reify-eval/src/lib.rs;crates/reify-eval/src/realization_cache.rs;crates/reify-eval/tests/tolerance_dispatch_budget.rs;crates/reify-eval/tests/tolerance_wiring_e2e.rs
reify,2874,high,2026-05-04T20:02:49.834812+00:00,2026-05-04T21:02:53.622716+00:00,1.0011,lease_expired,9,2,0,9.009,4.004,0.000,0,crates/reify-eval/src/dispatcher.rs;crates/reify-eval/src/engine_admin.rs;crates/reify-eval/src/engine_build.rs;crates/reify-eval/src/engine_tolerance.rs;crates/reify-eval/src/geometry_ops.rs;crates/reify-eval/src/lib.rs;crates/reify-eval/src/realization_cache.rs;crates/reify-eval/tests/tolerance_dispatch_budget.rs;crates/reify-eval/tests/tolerance_wiring_e2e.rs
reify,2874,high,2026-05-04T21:02:54.305002+00:00,2026-05-04T22:02:55.597747+00:00,1.0004,lease_expired,9,2,0,9.003,4.001,3.872,0,crates/reify-eval/src/dispatcher.rs;crates/reify-eval/src/engine_admin.rs;crates/reify-eval/src/engine_build.rs;crates/reify-eval/src/engine_tolerance.rs;crates/reify-eval/src/geometry_ops.rs;crates/reify-eval/src/lib.rs;crates/reify-eval/src/realization_cache.rs;crates/reify-eval/tests/tolerance_dispatch_budget.rs;crates/reify-eval/tests/tolerance_wiring_e2e.rs
reify,2872,high,2026-05-04T21:31:06.376155+00:00,2026-05-04T22:31:20.605752+00:00,1.0040,lease_expired,3,2,0,3.012,1.004,44.317,0,crates/reify-compiler/src/entity.rs;crates/reify-compiler/src/scope.rs;crates/reify-compiler/tests/match_arm_decl_group_compile_tests.rs
reify,2872,high,2026-05-04T22:31:36.297646+00:00,2026-05-04T23:31:44.366799+00:00,1.0022,lease_expired,3,2,0,3.007,1.002,43.310,0,crates/reify-compiler/src/entity.rs;crates/reify-compiler/src/scope.rs;crates/reify-compiler/tests/match_arm_decl_group_compile_tests.rs
reify,2872,high,2026-05-04T23:32:00.214861+00:00,2026-05-05T00:32:08.067562+00:00,1.0022,lease_expired,3,2,0,3.007,1.002,42.303,0,crates/reify-compiler/src/entity.rs;crates/reify-compiler/src/scope.rs;crates/reify-compiler/tests/match_arm_decl_group_compile_tests.rs
reify,2872,high,2026-05-05T00:32:23.744688+00:00,2026-05-05T01:32:32.193332+00:00,1.0023,lease_expired,3,2,0,3.007,1.002,41.297,0,crates/reify-compiler/src/entity.rs;crates/reify-compiler/src/scope.rs;crates/reify-compiler/tests/match_arm_decl_group_compile_tests.rs
reify,2872,high,2026-05-05T01:32:47.906464+00:00,2026-05-05T02:32:52.483040+00:00,1.0013,lease_expired,3,2,0,3.004,1.001,40.291,0,crates/reify-compiler/src/entity.rs;crates/reify-compiler/src/scope.rs;crates/reify-compiler/tests/match_arm_decl_group_compile_tests.rs
reify,2872,high,2026-05-05T02:33:08.141242+00:00,2026-05-05T03:33:17.559161+00:00,1.0026,lease_expired,3,2,0,3.008,1.003,39.284,0,crates/reify-compiler/src/entity.rs;crates/reify-compiler/src/scope.rs;crates/reify-compiler/tests/match_arm_decl_group_compile_tests.rs
reify,2872,high,2026-05-05T03:33:33.244195+00:00,2026-05-05T04:33:40.969767+00:00,1.0021,lease_expired,3,2,0,3.006,1.002,38.278,0,crates/reify-compiler/src/entity.rs;crates/reify-compiler/src/scope.rs;crates/reify-compiler/tests/match_arm_decl_group_compile_tests.rs
reify,2872,high,2026-05-05T04:33:56.654896+00:00,2026-05-05T05:34:06.159709+00:00,1.0026,lease_expired,3,2,0,3.008,1.003,37.271,0,crates/reify-compiler/src/entity.rs;crates/reify-compiler/src/scope.rs;crates/reify-compiler/tests/match_arm_decl_group_compile_tests.rs
reify,2872,high,2026-05-05T05:34:21.776009+00:00,2026-05-05T06:34:30.256419+00:00,1.0024,lease_expired,3,2,0,3.007,1.002,36.264,0,crates/reify-compiler/src/entity.rs;crates/reify-compiler/src/scope.rs;crates/reify-compiler/tests/match_arm_decl_group_compile_tests.rs
reify,2872,high,2026-05-05T06:34:46.084901+00:00,2026-05-05T07:34:54.682027+00:00,1.0024,lease_expired,3,2,0,3.007,1.002,35.257,0,crates/reify-compiler/src/entity.rs;crates/reify-compiler/src/scope.rs;crates/reify-compiler/tests/match_arm_decl_group_compile_tests.rs
reify,2872,high,2026-05-05T07:35:10.336726+00:00,2026-05-05T08:35:18.817678+00:00,1.0024,lease_expired,3,2,0,3.007,1.002,34.250,0,crates/reify-compiler/src/entity.rs;crates/reify-compiler/src/scope.rs;crates/reify-compiler/tests/match_arm_decl_group_compile_tests.rs
reify,2872,high,2026-05-05T08:35:34.503214+00:00,2026-05-05T09:35:45.205532+00:00,1.0030,lease_expired,3,2,0,3.009,1.003,33.243,0,crates/reify-compiler/src/entity.rs;crates/reify-compiler/src/scope.rs;crates/reify-compiler/tests/match_arm_decl_group_compile_tests.rs
reify,2872,high,2026-05-05T09:36:01.071145+00:00,2026-05-05T10:36:01.928081+00:00,1.0002,lease_expired,3,2,0,3.001,1.000,32.238,0,crates/reify-compiler/src/entity.rs;crates/reify-compiler/src/scope.rs;crates/reify-compiler/tests/match_arm_decl_group_compile_tests.rs
reify,2872,high,2026-05-05T10:36:17.602503+00:00,2026-05-05T10:40:00.528846+00:00,0.0619,used,3,2,0,0.186,0.062,32.172,0,crates/reify-compiler/src/entity.rs;crates/reify-compiler/src/scope.rs;crates/reify-compiler/tests/match_arm_decl_group_compile_tests.rs
reify,2874,high,2026-05-05T10:40:16.286967+00:00,2026-05-06T10:36:35.901421+00:00,23.9388,lease_expired,9,2,0,215.449,119.913,0.306,0,crates/reify-eval/src/dispatcher.rs;crates/reify-eval/src/engine_admin.rs;crates/reify-eval/src/engine_build.rs;crates/reify-eval/src/engine_tolerance.rs;crates/reify-eval/src/geometry_ops.rs;crates/reify-eval/src/lib.rs;crates/reify-eval/src/realization_cache.rs;crates/reify-eval/tests/tolerance_dispatch_budget.rs;crates/reify-eval/tests/tolerance_wiring_e2e.rs
reify,2324,high,2026-05-06T10:36:36.867396+00:00,2026-05-06T10:54:58.757156+00:00,0.3061,used,4,2,0,1.224,0.000,4.913,0,crates/reify-eval/src/geometry_ops.rs;crates/reify-kernel-occt/src/ffi.rs;crates/reify-kernel-occt/src/lib.rs;crates/reify-kernel-occt/src/stubs.rs
reify,2874,high,2026-05-06T10:55:14.643313+00:00,2026-05-06T11:55:19.867026+00:00,1.0015,lease_expired,9,2,0,9.013,6.829,0.000,0,crates/reify-eval/src/dispatcher.rs;crates/reify-eval/src/engine_admin.rs;crates/reify-eval/src/engine_build.rs;crates/reify-eval/src/engine_tolerance.rs;crates/reify-eval/src/geometry_ops.rs;crates/reify-eval/src/lib.rs;crates/reify-eval/src/realization_cache.rs;crates/reify-eval/tests/tolerance_dispatch_budget.rs;crates/reify-eval/tests/tolerance_wiring_e2e.rs
reify,2874,high,2026-05-06T11:55:20.532671+00:00,2026-05-06T12:36:13.590013+00:00,0.6814,era_death,9,2,0,6.133,4.089,1.726,0,crates/reify-eval/src/dispatcher.rs;crates/reify-eval/src/engine_admin.rs;crates/reify-eval/src/engine_build.rs;crates/reify-eval/src/engine_tolerance.rs;crates/reify-eval/src/geometry_ops.rs;crates/reify-eval/src/lib.rs;crates/reify-eval/src/realization_cache.rs;crates/reify-eval/tests/tolerance_dispatch_budget.rs;crates/reify-eval/tests/tolerance_wiring_e2e.rs
reify,2874,high,2026-05-06T14:19:47.847398+00:00,2026-05-06T14:50:18.016939+00:00,0.5084,lease_expired,9,2,0,4.575,3.706,0.000,0,crates/reify-eval/src/dispatcher.rs;crates/reify-eval/src/engine_admin.rs;crates/reify-eval/src/engine_build.rs;crates/reify-eval/src/engine_tolerance.rs;crates/reify-eval/src/geometry_ops.rs;crates/reify-eval/src/lib.rs;crates/reify-eval/src/realization_cache.rs;crates/reify-eval/tests/tolerance_dispatch_budget.rs;crates/reify-eval/tests/tolerance_wiring_e2e.rs
reify,2874,high,2026-05-06T14:50:23.230571+00:00,2026-05-06T15:50:23.659422+00:00,1.0001,lease_expired,9,2,0,9.001,7.001,3.038,0,crates/reify-eval/src/dispatcher.rs;crates/reify-eval/src/engine_admin.rs;crates/reify-eval/src/engine_build.rs;crates/reify-eval/src/engine_tolerance.rs;crates/reify-eval/src/geometry_ops.rs;crates/reify-eval/src/lib.rs;crates/reify-eval/src/realization_cache.rs;crates/reify-eval/tests/tolerance_dispatch_budget.rs;crates/reify-eval/tests/tolerance_wiring_e2e.rs
reify,2874,high,2026-05-06T15:50:40.654351+00:00,2026-05-06T16:43:03.056828+00:00,0.8729,used,9,2,0,7.856,6.878,2.160,0,crates/reify-eval/src/dispatcher.rs;crates/reify-eval/src/engine_admin.rs;crates/reify-eval/src/engine_build.rs;crates/reify-eval/src/engine_tolerance.rs;crates/reify-eval/src/geometry_ops.rs;crates/reify-eval/src/lib.rs;crates/reify-eval/src/realization_cache.rs;crates/reify-eval/tests/tolerance_dispatch_budget.rs;crates/reify-eval/tests/tolerance_wiring_e2e.rs
reify,3024,high,2026-05-06T16:43:18.728624+00:00,2026-05-06T17:43:24.225550+00:00,1.0015,lease_expired,2,2,0,2.003,1.002,1.535,0,crates/reify-compiler/src/annotations.rs;crates/reify-eval/src/engine_build.rs
reify,3024,high,2026-05-06T17:43:39.905792+00:00,2026-05-06T18:43:48.210933+00:00,1.0023,lease_expired,2,2,0,2.005,1.002,0.528,0,crates/reify-compiler/src/annotations.rs;crates/reify-eval/src/engine_build.rs
reify,3024,high,2026-05-06T18:44:03.865804+00:00,2026-05-06T18:52:40.424330+00:00,0.1435,used,2,2,0,0.287,0.143,0.380,0,crates/reify-compiler/src/annotations.rs;crates/reify-eval/src/engine_build.rs
reify,3025,high,2026-05-06T18:52:41.919470+00:00,2026-05-06T19:15:28.959871+00:00,0.3797,used,2,2,0,0.759,0.000,1.164,0,crates/reify-compiler/src/annotations.rs;crates/reify-eval/src/engine_build.rs
reify,2874,high,2026-05-06T19:15:30.467637+00:00,2026-05-06T20:15:32.983180+00:00,1.0007,lease_expired,7,2,0,7.005,2.830,0.163,198,crates/reify-eval/src/engine_admin.rs;crates/reify-eval/src/engine_build.rs;crates/reify-eval/src/engine_purposes.rs;crates/reify-eval/src/engine_tolerance.rs;crates/reify-eval/src/lib.rs;crates/reify-eval/tests/tolerance_wiring_e2e.rs;crates/reify-test-support/src/mocks.rs
reify,2324,high,2026-05-06T19:25:07.359310+00:00,2026-05-06T20:25:19.079438+00:00,1.0033,lease_expired,12,2,0,12.039,10.033,0.000,0,crates/reify-compiler/src/expr.rs;crates/reify-compiler/src/units.rs;crates/reify-eval/src/engine_build.rs;crates/reify-eval/src/geometry_ops.rs;crates/reify-eval/src/topology_selectors.rs;crates/reify-eval/tests/topology_selector_runtime.rs;crates/reify-kernel-occt/src/lib.rs;crates/reify-kernel-occt/tests/closest_point_on_shape_integration.rs;crates/reify-kernel-occt/tests/point_on_shape_integration.rs;crates/reify-kernel-occt/tests/surface_angle_integration.rs;crates/reify-test-support/src/mocks.rs;crates/reify-types/src/geometry.rs
reify,2324,high,2026-05-06T20:25:19.793482+00:00,2026-05-06T21:25:20.115338+00:00,1.0001,lease_expired,12,2,0,12.001,9.001,0.000,0,crates/reify-compiler/src/expr.rs;crates/reify-compiler/src/units.rs;crates/reify-eval/src/engine_build.rs;crates/reify-eval/src/geometry_ops.rs;crates/reify-eval/src/topology_selectors.rs;crates/reify-eval/tests/topology_selector_runtime.rs;crates/reify-kernel-occt/src/lib.rs;crates/reify-kernel-occt/tests/closest_point_on_shape_integration.rs;crates/reify-kernel-occt/tests/point_on_shape_integration.rs;crates/reify-kernel-occt/tests/surface_angle_integration.rs;crates/reify-test-support/src/mocks.rs;crates/reify-types/src/geometry.rs
reify,2959,high,2026-05-06T22:00:44.851983+00:00,2026-05-06T22:24:58.034606+00:00,0.4037,used,3,2,0,1.211,0.807,8.155,0,gui/src-tauri/src/engine.rs;gui/src-tauri/src/types.rs;gui/src/viewport/meshManager.ts
reify,2324,high,2026-05-06T21:25:21.158400+00:00,2026-05-06T22:25:35.145347+00:00,1.0039,lease_expired,12,2,0,12.047,9.035,0.000,0,crates/reify-compiler/src/expr.rs;crates/reify-compiler/src/units.rs;crates/reify-eval/src/engine_build.rs;crates/reify-eval/src/geometry_ops.rs;crates/reify-eval/src/topology_selectors.rs;crates/reify-eval/tests/topology_selector_runtime.rs;crates/reify-kernel-occt/src/lib.rs;crates/reify-kernel-occt/tests/closest_point_on_shape_integration.rs;crates/reify-kernel-occt/tests/point_on_shape_integration.rs;crates/reify-kernel-occt/tests/surface_angle_integration.rs;crates/reify-test-support/src/mocks.rs;crates/reify-types/src/geometry.rs
reify,3030,high,2026-05-06T22:24:59.923906+00:00,2026-05-06T23:25:12.044856+00:00,1.0034,lease_expired,2,2,0,2.007,0.000,2.786,0,crates/reify-compiler/stdlib/fea.ri;crates/reify-stdlib/src/fea.rs
reify,3030,high,2026-05-06T23:25:27.913617+00:00,2026-05-07T00:25:32.254170+00:00,1.0012,lease_expired,2,2,0,2.002,0.000,1.781,0,crates/reify-compiler/stdlib/fea.ri;crates/reify-stdlib/src/fea.rs
reify,3030,high,2026-05-07T00:25:48.448106+00:00,2026-05-07T01:08:52.433132+00:00,0.7178,used,2,2,0,1.436,0.383,1.058,0,crates/reify-compiler/stdlib/fea.ri;crates/reify-stdlib/src/fea.rs
reify,3028,high,2026-05-07T01:09:03.412585+00:00,2026-05-07T02:09:06.262075+00:00,1.0008,lease_expired,3,2,0,3.002,1.001,0.272,0,crates/reify-compiler/stdlib/fea.ri;crates/reify-solver-elastic/src/shell_result.rs;crates/reify-stdlib/src/fea.rs
reify,3028,high,2026-05-07T02:09:21.966691+00:00,2026-05-07T02:12:22.814155+00:00,0.0502,used,3,2,0,0.151,0.050,0.218,0,crates/reify-compiler/stdlib/fea.ri;crates/reify-solver-elastic/src/shell_result.rs;crates/reify-stdlib/src/fea.rs
reify,2324,high,2026-05-07T02:12:41.803069+00:00,2026-05-07T03:12:46.331586+00:00,1.0013,lease_expired,12,2,0,12.015,7.009,10.361,0,crates/reify-compiler/src/expr.rs;crates/reify-compiler/src/units.rs;crates/reify-eval/src/engine_build.rs;crates/reify-eval/src/geometry_ops.rs;crates/reify-eval/src/topology_selectors.rs;crates/reify-eval/tests/topology_selector_runtime.rs;crates/reify-kernel-occt/src/lib.rs;crates/reify-kernel-occt/tests/closest_point_on_shape_integration.rs;crates/reify-kernel-occt/tests/point_on_shape_integration.rs;crates/reify-kernel-occt/tests/surface_angle_integration.rs;crates/reify-test-support/src/mocks.rs;crates/reify-types/src/geometry.rs
reify,2915,high,2026-05-07T02:20:06.377161+00:00,2026-05-07T03:20:13.580609+00:00,1.0020,lease_expired,3,2,0,3.006,1.002,14.548,0,crates/reify-solver-elastic/src/assembly;crates/reify-solver-elastic/src/constitutive.rs;crates/reify-solver-elastic/src/lib.rs
reify,2915,high,2026-05-07T03:20:30.069055+00:00,2026-05-07T04:20:38.016741+00:00,1.0022,lease_expired,3,2,0,3.007,1.002,13.541,0,crates/reify-solver-elastic/src/assembly;crates/reify-solver-elastic/src/constitutive.rs;crates/reify-solver-elastic/src/lib.rs
reify,2915,high,2026-05-07T04:20:54.056314+00:00,2026-05-07T05:21:02.121412+00:00,1.0022,lease_expired,3,2,0,3.007,1.002,12.534,0,crates/reify-solver-elastic/src/assembly;crates/reify-solver-elastic/src/constitutive.rs;crates/reify-solver-elastic/src/lib.rs
reify,2915,high,2026-05-07T05:21:17.905407+00:00,2026-05-07T06:21:25.076506+00:00,1.0020,lease_expired,3,2,0,3.006,1.002,11.528,0,crates/reify-solver-elastic/src/assembly;crates/reify-solver-elastic/src/constitutive.rs;crates/reify-solver-elastic/src/lib.rs
reify,2915,high,2026-05-07T06:21:43.794013+00:00,2026-05-07T09:09:32.567895+00:00,2.7969,era_death,3,2,0,8.391,2.797,8.726,0,crates/reify-solver-elastic/src/assembly;crates/reify-solver-elastic/src/constitutive.rs;crates/reify-solver-elastic/src/lib.rs
reify,3008,high,2026-05-07T13:34:29.329131+00:00,2026-05-07T14:05:13.649761+00:00,0.5123,lease_expired,4,2,0,2.049,1.537,6.706,0,Cargo.toml;crates/reify-shell-extract/Cargo.toml;crates/reify-shell-extract/src/lib.rs;crates/reify-shell-extract/src/medial.rs
reify,3008,high,2026-05-07T14:05:30.816101+00:00,2026-05-07T14:43:51.197908+00:00,0.6390,lease_expired,4,2,0,2.556,1.917,6.062,0,Cargo.toml;crates/reify-shell-extract/Cargo.toml;crates/reify-shell-extract/src/lib.rs;crates/reify-shell-extract/src/medial.rs
reify,3008,high,2026-05-07T14:44:10.747847+00:00,2026-05-07T15:41:54.908486+00:00,0.9623,lease_expired,4,2,0,3.849,2.887,5.094,0,Cargo.toml;crates/reify-shell-extract/Cargo.toml;crates/reify-shell-extract/src/lib.rs;crates/reify-shell-extract/src/medial.rs
reify,3008,high,2026-05-07T15:42:14.908200+00:00,2026-05-07T16:42:27.148069+00:00,1.0034,lease_expired,4,2,0,4.014,3.010,4.085,0,Cargo.toml;crates/reify-shell-extract/Cargo.toml;crates/reify-shell-extract/src/lib.rs;crates/reify-shell-extract/src/medial.rs
reify,3008,high,2026-05-07T16:42:42.905611+00:00,2026-05-07T17:16:33.584998+00:00,0.5641,used,4,2,0,2.256,1.693,3.517,0,Cargo.toml;crates/reify-shell-extract/Cargo.toml;crates/reify-shell-extract/src/lib.rs;crates/reify-shell-extract/src/medial.rs
reify,3014,high,2026-05-07T17:16:37.234659+00:00,2026-05-07T17:53:06.270865+00:00,0.6081,used,2,2,0,1.216,0.608,6.297,0,crates/reify-solver-elastic/src/lib.rs;crates/reify-solver-elastic/src/shell_assembly.rs
reify,3028,high,2026-05-07T17:53:09.102167+00:00,2026-05-07T18:53:23.195890+00:00,1.0039,lease_expired,6,2,0,6.023,4.016,2.013,0,crates/reify-compiler/stdlib/fea.ri;crates/reify-compiler/stdlib/solver_elastic.ri;crates/reify-compiler/tests/solver_elastic_tests.rs;crates/reify-solver-elastic/Cargo.toml;crates/reify-solver-elastic/src/lib.rs;crates/reify-solver-elastic/src/shell_result.rs
reify,3028,high,2026-05-07T18:53:39.150875+00:00,2026-05-07T19:53:49.749653+00:00,1.0029,lease_expired,6,2,0,6.018,4.012,1.006,0,crates/reify-compiler/stdlib/fea.ri;crates/reify-compiler/stdlib/solver_elastic.ri;crates/reify-compiler/tests/solver_elastic_tests.rs;crates/reify-solver-elastic/Cargo.toml;crates/reify-solver-elastic/src/lib.rs;crates/reify-solver-elastic/src/shell_result.rs
reify,3028,high,2026-05-07T19:54:09.445133+00:00,2026-05-07T20:54:10.905313+00:00,1.0004,lease_expired,6,2,0,6.002,4.562,0.000,0,crates/reify-compiler/stdlib/fea.ri;crates/reify-compiler/stdlib/solver_elastic.ri;crates/reify-compiler/tests/solver_elastic_tests.rs;crates/reify-solver-elastic/Cargo.toml;crates/reify-solver-elastic/src/lib.rs;crates/reify-solver-elastic/src/shell_result.rs
reify,3028,high,2026-05-07T20:54:12.332491+00:00,2026-05-07T21:54:14.625055+00:00,1.0006,lease_expired,6,2,0,6.004,3.062,2.022,0,crates/reify-compiler/stdlib/fea.ri;crates/reify-compiler/stdlib/solver_elastic.ri;crates/reify-compiler/tests/solver_elastic_tests.rs;crates/reify-solver-elastic/Cargo.toml;crates/reify-solver-elastic/src/lib.rs;crates/reify-solver-elastic/src/shell_result.rs
reify,3028,high,2026-05-07T21:54:32.271774+00:00,2026-05-07T22:55:25.181234+00:00,1.0147,lease_expired,6,2,0,6.088,4.815,1.003,0,crates/reify-compiler/stdlib/fea.ri;crates/reify-compiler/stdlib/solver_elastic.ri;crates/reify-compiler/tests/solver_elastic_tests.rs;crates/reify-solver-elastic/Cargo.toml;crates/reify-solver-elastic/src/lib.rs;crates/reify-solver-elastic/src/shell_result.rs
reify,3028,high,2026-05-07T22:55:31.041774+00:00,2026-05-07T23:55:32.201974+00:00,1.0003,lease_expired,6,2,0,6.002,5.002,0.001,0,crates/reify-compiler/stdlib/fea.ri;crates/reify-compiler/stdlib/solver_elastic.ri;crates/reify-compiler/tests/solver_elastic_tests.rs;crates/reify-solver-elastic/Cargo.toml;crates/reify-solver-elastic/src/lib.rs;crates/reify-solver-elastic/src/shell_result.rs
reify,3028,high,2026-05-07T23:55:36.332115+00:00,2026-05-08T00:55:43.461171+00:00,1.0020,lease_expired,6,2,1,6.012,1.200,2.313,176,crates/reify-compiler/stdlib/fea.ri;crates/reify-compiler/stdlib/solver_elastic.ri;crates/reify-compiler/tests/solver_elastic_tests.rs;crates/reify-solver-elastic/Cargo.toml;crates/reify-solver-elastic/src/lib.rs;crates/reify-solver-elastic/src/shell_result.rs
reify,3019,high,2026-05-08T00:00:25.109955+00:00,2026-05-08T01:00:27.574429+00:00,1.0007,lease_expired,2,2,0,2.001,1.001,3.224,0,crates/reify-shell-extract/src/lib.rs;crates/reify-shell-extract/src/mesher.rs
reify,3016,high,2026-05-08T00:10:55.081673+00:00,2026-05-08T01:11:03.270112+00:00,1.0023,lease_expired,2,2,0,2.005,0.000,4.248,0,crates/reify-solver-elastic/src/lib.rs;crates/reify-solver-elastic/src/shell_result.rs
reify,3016,high,2026-05-08T01:11:21.622201+00:00,2026-05-08T02:11:36.249958+00:00,1.0041,lease_expired,2,2,0,2.008,0.000,3.239,0,crates/reify-solver-elastic/src/lib.rs;crates/reify-solver-elastic/src/shell_result.rs
reify,3016,high,2026-05-08T02:11:56.952189+00:00,2026-05-08T03:12:02.579308+00:00,1.0016,lease_expired,2,2,0,2.003,0.000,2.231,0,crates/reify-solver-elastic/src/lib.rs;crates/reify-solver-elastic/src/shell_result.rs
reify,3016,high,2026-05-08T03:12:20.471179+00:00,2026-05-08T03:14:29.848311+00:00,0.0359,used,2,2,0,0.072,0.000,2.190,0,crates/reify-solver-elastic/src/lib.rs;crates/reify-solver-elastic/src/shell_result.rs
reify,2916,high,2026-05-08T03:14:45.749263+00:00,2026-05-08T04:14:56.176311+00:00,1.0029,lease_expired,4,2,0,4.012,1.888,2.307,0,Cargo.toml;crates/reify-solver-elastic/Cargo.toml;crates/reify-solver-elastic/src/assembly;crates/reify-solver-elastic/src/lib.rs
reify,2916,high,2026-05-08T04:14:57.136892+00:00,2026-05-08T05:25:54.673624+00:00,1.1826,lease_expired,4,2,0,4.731,2.569,1.124,0,Cargo.toml;crates/reify-solver-elastic/Cargo.toml;crates/reify-solver-elastic/src/assembly;crates/reify-solver-elastic/src/lib.rs
reify,2324,high,2026-05-08T05:25:56.620150+00:00,2026-05-08T06:21:48.698078+00:00,0.9311,used,12,2,0,11.174,5.587,4.666,0,crates/reify-compiler/src/expr.rs;crates/reify-compiler/src/units.rs;crates/reify-eval/src/engine_build.rs;crates/reify-eval/src/geometry_ops.rs;crates/reify-eval/src/topology_selectors.rs;crates/reify-eval/tests/topology_selector_runtime.rs;crates/reify-kernel-occt/src/lib.rs;crates/reify-kernel-occt/tests/closest_point_on_shape_integration.rs;crates/reify-kernel-occt/tests/point_on_shape_integration.rs;crates/reify-kernel-occt/tests/surface_angle_integration.rs;crates/reify-test-support/src/mocks.rs;crates/reify-types/src/geometry.rs
reify,2918,high,2026-05-08T06:33:23.604459+00:00,2026-05-08T06:43:49.015251+00:00,0.1737,used,1,2,0,0.174,0.000,0.873,0,crates/reify-solver-elastic/src/boundary
reify,2983,medium,2026-05-08T06:22:51.403329+00:00,2026-05-08T07:22:55.322003+00:00,1.0011,lease_expired,2,6,1,2.002,0.176,0.221,150,crates/reify-solver-elastic/src/elements;crates/reify-solver-elastic/src/lib.rs
reify,2917,high,2026-05-08T06:44:44.232199+00:00,2026-05-08T07:36:12.143283+00:00,0.8578,used,2,2,0,1.716,0.000,10.513,0,crates/reify-solver-elastic/src/boundary;crates/reify-solver-elastic/src/lib.rs
reify,2918,high,2026-05-08T07:36:13.069095+00:00,2026-05-08T08:36:16.120304+00:00,1.0008,lease_expired,2,2,0,2.002,0.000,6.816,0,crates/reify-solver-elastic/src/boundary;crates/reify-solver-elastic/src/lib.rs
reify,2918,high,2026-05-08T08:36:32.073868+00:00,2026-05-08T09:36:42.084089+00:00,1.0028,lease_expired,2,2,0,2.006,0.000,5.809,0,crates/reify-solver-elastic/src/boundary;crates/reify-solver-elastic/src/lib.rs
reify,2918,high,2026-05-08T09:36:57.807863+00:00,2026-05-08T10:37:14.833712+00:00,1.0047,lease_expired,2,2,0,2.009,0.000,4.800,0,crates/reify-solver-elastic/src/boundary;crates/reify-solver-elastic/src/lib.rs
reify,2918,high,2026-05-08T10:37:33.888479+00:00,2026-05-08T11:16:17.612108+00:00,0.6455,era_death,2,2,0,1.291,0.003,4.149,0,crates/reify-solver-elastic/src/boundary;crates/reify-solver-elastic/src/lib.rs
reify,2918,high,2026-05-08T15:25:14.338511+00:00,2026-05-08T15:55:59.508706+00:00,0.5125,lease_expired,2,2,0,1.025,0.000,10.774,0,crates/reify-solver-elastic/src/boundary;crates/reify-solver-elastic/src/lib.rs
reify,2918,high,2026-05-08T15:56:19.202331+00:00,2026-05-08T16:56:28.128165+00:00,1.0025,lease_expired,2,2,0,2.005,0.000,9.766,0,crates/reify-solver-elastic/src/boundary;crates/reify-solver-elastic/src/lib.rs
reify,2918,high,2026-05-08T16:56:44.663621+00:00,2026-05-08T17:56:46.997491+00:00,1.0006,lease_expired,2,2,0,2.001,0.000,8.761,0,crates/reify-solver-elastic/src/boundary;crates/reify-solver-elastic/src/lib.rs
reify,2918,high,2026-05-08T17:57:06.131347+00:00,2026-05-08T18:06:59.127917+00:00,0.1647,used,2,2,0,0.329,0.000,8.591,0,crates/reify-solver-elastic/src/boundary;crates/reify-solver-elastic/src/lib.rs
reify,3017,high,2026-05-08T18:07:16.301774+00:00,2026-05-08T19:07:28.389723+00:00,1.0034,lease_expired,2,2,0,2.007,1.003,13.991,0,crates/reify-solver-elastic/src/lib.rs;crates/reify-solver-elastic/src/shell_boundary.rs
reify,3017,high,2026-05-08T19:07:44.431935+00:00,2026-05-08T20:07:44.610689+00:00,1.0000,lease_expired,2,2,0,2.000,1.000,12.987,0,crates/reify-solver-elastic/src/lib.rs;crates/reify-solver-elastic/src/shell_boundary.rs
reify,3017,high,2026-05-08T20:08:00.348177+00:00,2026-05-08T21:08:15.824292+00:00,1.0043,lease_expired,2,2,0,2.009,1.004,11.978,0,crates/reify-solver-elastic/src/lib.rs;crates/reify-solver-elastic/src/shell_boundary.rs
reify,3017,high,2026-05-08T21:08:40.491759+00:00,2026-05-08T22:08:51.000367+00:00,1.0029,lease_expired,2,2,0,2.006,1.003,10.968,0,crates/reify-solver-elastic/src/lib.rs;crates/reify-solver-elastic/src/shell_boundary.rs
reify,3017,high,2026-05-08T22:09:07.367085+00:00,2026-05-08T23:09:18.782242+00:00,1.0032,lease_expired,2,2,0,2.006,1.003,9.961,0,crates/reify-solver-elastic/src/lib.rs;crates/reify-solver-elastic/src/shell_boundary.rs
reify,3017,high,2026-05-08T23:09:36.241320+00:00,2026-05-09T00:09:40.520274+00:00,1.0012,lease_expired,2,2,0,2.002,1.001,8.955,0,crates/reify-solver-elastic/src/lib.rs;crates/reify-solver-elastic/src/shell_boundary.rs
reify,3017,high,2026-05-09T00:09:57.251848+00:00,2026-05-09T01:09:58.530583+00:00,1.0004,lease_expired,2,2,0,2.001,1.000,7.950,0,crates/reify-solver-elastic/src/lib.rs;crates/reify-solver-elastic/src/shell_boundary.rs
reify,3017,high,2026-05-09T01:10:19.483333+00:00,2026-05-09T02:19:44.824952+00:00,1.1570,lease_expired,2,2,0,2.314,1.157,6.787,0,crates/reify-solver-elastic/src/lib.rs;crates/reify-solver-elastic/src/shell_boundary.rs
reify,3017,high,2026-05-09T02:19:46.300555+00:00,2026-05-09T02:42:25.713408+00:00,0.3776,used,2,2,0,0.755,0.379,6.409,0,crates/reify-solver-elastic/src/lib.rs;crates/reify-solver-elastic/src/shell_boundary.rs
reify,3021,high,2026-05-09T02:42:33.923293+00:00,2026-05-09T03:42:35.640899+00:00,1.0005,lease_expired,3,2,0,3.001,2.001,9.941,0,crates/reify-solver-elastic/src/assembly;crates/reify-solver-elastic/src/lib.rs;crates/reify-solver-elastic/src/mpc.rs
reify,3021,high,2026-05-09T03:42:52.672627+00:00,2026-05-09T04:43:05.858368+00:00,1.0037,lease_expired,3,2,0,3.011,2.007,8.933,0,crates/reify-solver-elastic/src/assembly;crates/reify-solver-elastic/src/lib.rs;crates/reify-solver-elastic/src/mpc.rs
reify,3021,high,2026-05-09T04:43:26.267361+00:00,2026-05-09T05:43:37.244227+00:00,1.0030,lease_expired,3,2,0,3.009,2.006,7.924,0,crates/reify-solver-elastic/src/assembly;crates/reify-solver-elastic/src/lib.rs;crates/reify-solver-elastic/src/mpc.rs
reify,3021,high,2026-05-09T05:43:54.018274+00:00,2026-05-09T06:43:59.286503+00:00,1.0015,lease_expired,3,2,0,3.004,2.003,6.918,0,crates/reify-solver-elastic/src/assembly;crates/reify-solver-elastic/src/lib.rs;crates/reify-solver-elastic/src/mpc.rs
reify,3021,high,2026-05-09T06:44:21.796314+00:00,2026-05-09T07:44:28.576398+00:00,1.0019,lease_expired,3,2,0,3.006,2.004,5.910,0,crates/reify-solver-elastic/src/assembly;crates/reify-solver-elastic/src/lib.rs;crates/reify-solver-elastic/src/mpc.rs
reify,3021,high,2026-05-09T07:44:47.756989+00:00,2026-05-09T08:44:57.231689+00:00,1.0026,lease_expired,3,2,0,3.008,2.005,4.902,0,crates/reify-solver-elastic/src/assembly;crates/reify-solver-elastic/src/lib.rs;crates/reify-solver-elastic/src/mpc.rs
reify,3021,high,2026-05-09T08:45:14.251992+00:00,2026-05-09T09:45:25.864657+00:00,1.0032,lease_expired,3,2,1,3.010,0.724,3.894,146,crates/reify-solver-elastic/src/assembly;crates/reify-solver-elastic/src/lib.rs;crates/reify-solver-elastic/src/mpc.rs
reify,3020,high,2026-05-09T09:06:58.056470+00:00,2026-05-09T10:06:59.747400+00:00,1.0005,lease_expired,2,2,0,2.001,0.000,8.679,0,crates/reify-solver-elastic/src/lib.rs;crates/reify-solver-elastic/src/mpc.rs
reify,3020,high,2026-05-09T10:07:17.311399+00:00,2026-05-09T11:07:32.060065+00:00,1.0041,lease_expired,2,2,0,2.008,0.000,7.670,0,crates/reify-solver-elastic/src/lib.rs;crates/reify-solver-elastic/src/mpc.rs
reify,3020,high,2026-05-09T11:07:48.748096+00:00,2026-05-09T12:08:00.275199+00:00,1.0032,lease_expired,2,2,0,2.006,0.000,6.662,0,crates/reify-solver-elastic/src/lib.rs;crates/reify-solver-elastic/src/mpc.rs
reify,3020,high,2026-05-09T12:08:18.098866+00:00,2026-05-09T13:13:22.859964+00:00,1.0847,lease_expired,2,2,0,2.169,0.000,5.572,0,crates/reify-solver-elastic/src/lib.rs;crates/reify-solver-elastic/src/mpc.rs
reify,3020,high,2026-05-09T13:13:23.927923+00:00,2026-05-09T13:39:03.777408+00:00,0.4277,used,2,2,0,0.855,0.000,5.144,0,crates/reify-solver-elastic/src/lib.rs;crates/reify-solver-elastic/src/mpc.rs
reify,2919,high,2026-05-09T13:39:21.301683+00:00,2026-05-09T14:39:29.961867+00:00,1.0024,lease_expired,2,2,0,2.005,0.000,9.895,0,crates/reify-solver-elastic/src/lib.rs;crates/reify-solver-elastic/src/solver.rs
reify,2919,high,2026-05-09T14:39:46.944477+00:00,2026-05-09T15:39:48.042406+00:00,1.0003,lease_expired,2,2,0,2.001,0.000,8.890,0,crates/reify-solver-elastic/src/lib.rs;crates/reify-solver-elastic/src/solver.rs
reify,2919,high,2026-05-09T15:40:03.878435+00:00,2026-05-09T16:40:17.004761+00:00,1.0036,lease_expired,2,2,0,2.007,0.000,7.882,0,crates/reify-solver-elastic/src/lib.rs;crates/reify-solver-elastic/src/solver.rs
reify,2919,high,2026-05-09T16:40:32.831747+00:00,2026-05-09T17:40:35.802132+00:00,1.0008,lease_expired,2,2,0,2.002,0.000,6.876,0,crates/reify-solver-elastic/src/lib.rs;crates/reify-solver-elastic/src/solver.rs
reify,2919,high,2026-05-09T17:40:54.412373+00:00,2026-05-09T18:41:09.376944+00:00,1.0042,lease_expired,2,2,0,2.008,0.000,5.867,0,crates/reify-solver-elastic/src/lib.rs;crates/reify-solver-elastic/src/solver.rs
reify,2919,high,2026-05-09T18:41:26.882819+00:00,2026-05-09T18:47:42.815455+00:00,0.1044,used,2,2,0,0.209,0.000,5.758,0,crates/reify-solver-elastic/src/lib.rs;crates/reify-solver-elastic/src/solver.rs
reify,2984,medium,2026-05-09T18:48:41.605948+00:00,2026-05-09T19:48:51.437280+00:00,1.0027,lease_expired,2,6,0,2.005,1.003,8.030,0,crates/reify-solver-elastic/src/elements;crates/reify-solver-elastic/src/lib.rs
reify,2984,medium,2026-05-09T19:50:09.903907+00:00,2026-05-09T20:50:18.828461+00:00,1.0025,lease_expired,2,6,0,2.005,1.002,7.006,0,crates/reify-solver-elastic/src/elements;crates/reify-solver-elastic/src/lib.rs
reify,2984,medium,2026-05-09T20:51:38.132796+00:00,2026-05-09T21:51:50.990865+00:00,1.0036,lease_expired,2,6,0,2.007,1.004,5.980,0,crates/reify-solver-elastic/src/elements;crates/reify-solver-elastic/src/lib.rs
reify,2984,medium,2026-05-09T21:53:09.995176+00:00,2026-05-09T22:53:18.361255+00:00,1.0023,lease_expired,2,6,0,2.005,1.002,4.956,0,crates/reify-solver-elastic/src/elements;crates/reify-solver-elastic/src/lib.rs
reify,2984,medium,2026-05-09T22:54:42.065470+00:00,2026-05-10T00:10:21.253902+00:00,1.2609,lease_expired,2,6,0,2.522,1.261,3.672,0,crates/reify-solver-elastic/src/elements;crates/reify-solver-elastic/src/lib.rs
reify,3329,high,2026-05-10T00:10:23.227820+00:00,2026-05-10T00:32:58.865798+00:00,0.3766,used,1,2,0,0.377,0.000,0.303,0,gui/sidecar/src/__tests__
reify,2987,medium,2026-05-10T00:33:17.807080+00:00,2026-05-10T01:33:31.085476+00:00,1.0037,lease_expired,2,6,0,2.007,1.004,2.286,197,crates/reify-solver-elastic/src/lib.rs;crates/reify-solver-elastic/src/mesher.rs
reify,2923,high,2026-05-10T00:42:47.145645+00:00,2026-05-10T01:42:49.431737+00:00,1.0006,lease_expired,2,2,0,2.001,0.000,2.130,223,crates/reify-solver-elastic/src/lib.rs;crates/reify-solver-elastic/src/progressive.rs
reify,2920,high,2026-05-10T00:45:39.035627+00:00,2026-05-10T01:45:40.106385+00:00,1.0003,lease_expired,3,2,0,3.001,0.000,11.495,0,crates/reify-solver-elastic/src/interpolation.rs;crates/reify-solver-elastic/src/lib.rs;crates/reify-solver-elastic/src/result.rs
reify,2920,high,2026-05-10T01:45:56.161483+00:00,2026-05-10T02:46:10.882211+00:00,1.0041,lease_expired,3,2,0,3.012,0.000,10.486,0,crates/reify-solver-elastic/src/interpolation.rs;crates/reify-solver-elastic/src/lib.rs;crates/reify-solver-elastic/src/result.rs
reify,2920,high,2026-05-10T02:46:26.885771+00:00,2026-05-10T03:46:29.469691+00:00,1.0007,lease_expired,3,2,0,3.002,0.000,9.481,0,crates/reify-solver-elastic/src/interpolation.rs;crates/reify-solver-elastic/src/lib.rs;crates/reify-solver-elastic/src/result.rs
reify,2920,high,2026-05-10T03:46:47.265335+00:00,2026-05-10T03:50:39.074325+00:00,0.0644,used,3,2,0,0.193,0.001,9.412,0,crates/reify-solver-elastic/src/interpolation.rs;crates/reify-solver-elastic/src/lib.rs;crates/reify-solver-elastic/src/result.rs
reify,2923,high,2026-05-10T03:50:44.553622+00:00,2026-05-10T04:50:49.670281+00:00,1.0014,lease_expired,2,2,0,2.003,0.000,9.103,0,crates/reify-solver-elastic/src/lib.rs;crates/reify-solver-elastic/src/progressive.rs
reify,2923,high,2026-05-10T04:51:05.437188+00:00,2026-05-10T05:51:08.828107+00:00,1.0009,lease_expired,2,2,0,2.002,0.000,8.097,0,crates/reify-solver-elastic/src/lib.rs;crates/reify-solver-elastic/src/progressive.rs
reify,2923,high,2026-05-10T05:51:25.685799+00:00,2026-05-10T06:51:35.026641+00:00,1.0026,lease_expired,2,2,0,2.005,0.000,7.090,0,crates/reify-solver-elastic/src/lib.rs;crates/reify-solver-elastic/src/progressive.rs
reify,2923,high,2026-05-10T06:51:50.938322+00:00,2026-05-10T07:52:06.031007+00:00,1.0042,lease_expired,2,2,0,2.008,0.000,6.081,0,crates/reify-solver-elastic/src/lib.rs;crates/reify-solver-elastic/src/progressive.rs
reify,2923,high,2026-05-10T07:52:22.123968+00:00,2026-05-10T08:52:28.225515+00:00,1.0017,lease_expired,2,2,0,2.003,0.000,5.075,0,crates/reify-solver-elastic/src/lib.rs;crates/reify-solver-elastic/src/progressive.rs
reify,2923,high,2026-05-10T08:52:46.805458+00:00,2026-05-10T09:52:53.606639+00:00,1.0019,lease_expired,2,2,0,2.004,0.000,4.068,0,crates/reify-solver-elastic/src/lib.rs;crates/reify-solver-elastic/src/progressive.rs
reify,2923,high,2026-05-10T09:52:56.083728+00:00,2026-05-10T13:15:20.486422+00:00,3.3734,lease_expired,2,2,0,6.747,2.826,0.694,0,crates/reify-solver-elastic/src/lib.rs;crates/reify-solver-elastic/src/progressive.rs
reify,2921,high,2026-05-10T13:15:23.586474+00:00,2026-05-10T13:43:37.992942+00:00,0.4707,era_death,3,2,0,1.412,0.324,1.078,0,crates/reify-solver-elastic/src/lib.rs;crates/reify-solver-elastic/src/solver.rs;crates/reify-solver-elastic/src/warm_state.rs
reify,2923,high,2026-05-10T13:57:00.732791+00:00,2026-05-10T14:27:34.389856+00:00,0.5093,lease_expired,2,2,0,1.019,0.509,4.029,0,crates/reify-solver-elastic/src/lib.rs;crates/reify-solver-elastic/src/progressive.rs
reify,2923,high,2026-05-10T14:27:53.063430+00:00,2026-05-10T14:48:18.402457+00:00,0.3404,used,2,2,0,0.681,0.340,3.683,0,crates/reify-solver-elastic/src/lib.rs;crates/reify-solver-elastic/src/progressive.rs
reify,2985,medium,2026-05-10T14:49:29.806542+00:00,2026-05-10T15:49:45.022271+00:00,1.0042,lease_expired,2,6,0,2.008,1.004,4.116,0,crates/reify-solver-elastic/src/assembly;crates/reify-solver-elastic/src/lib.rs
reify,2985,medium,2026-05-10T15:51:02.847576+00:00,2026-05-10T16:51:10.245439+00:00,1.0021,lease_expired,2,6,0,2.004,1.002,3.092,0,crates/reify-solver-elastic/src/assembly;crates/reify-solver-elastic/src/lib.rs
reify,2985,medium,2026-05-10T16:52:27.737760+00:00,2026-05-10T17:52:35.120319+00:00,1.0021,lease_expired,2,6,0,2.004,1.002,2.069,0,crates/reify-solver-elastic/src/assembly;crates/reify-solver-elastic/src/lib.rs
reify,2924,high,2026-05-10T18:29:08.877737+00:00,2026-05-10T18:49:24.211046+00:00,0.3376,used,3,2,0,1.013,0.675,0.199,0,crates/reify-eval/src/dispatcher.rs;crates/reify-eval/src/engine_build.rs;crates/reify-eval/src/engine_eval.rs
reify,2985,medium,2026-05-10T17:53:53.119565+00:00,2026-05-10T18:53:59.024177+00:00,1.0016,lease_expired,2,6,1,2.003,0.591,1.046,19,crates/reify-solver-elastic/src/assembly;crates/reify-solver-elastic/src/lib.rs
reify,2987,medium,2026-05-10T18:50:12.500894+00:00,2026-05-10T19:50:15.303549+00:00,1.0008,lease_expired,2,6,0,2.002,0.000,9.419,0,crates/reify-solver-elastic/src/lib.rs;crates/reify-solver-elastic/src/mesher.rs
reify,2987,medium,2026-05-10T19:51:50.945966+00:00,2026-05-10T19:56:45.908827+00:00,0.0819,used,2,6,0,0.164,0.001,9.310,0,crates/reify-solver-elastic/src/lib.rs;crates/reify-solver-elastic/src/mesher.rs
reify,3023,high,2026-05-10T19:12:09.256580+00:00,2026-05-10T20:12:12.907376+00:00,1.0010,lease_expired,2,2,0,2.002,1.001,10.972,0,crates/reify-eval/src/engine_build.rs;crates/reify-shell-extract/src/lib.rs
reify,2996,medium,2026-05-10T19:58:26.635955+00:00,2026-05-10T20:58:38.916232+00:00,1.0034,lease_expired,2,6,0,2.007,1.003,8.279,0,crates/reify-solver-elastic/src/error_estimator.rs;crates/reify-solver-elastic/src/lib.rs
reify,2996,medium,2026-05-10T20:59:56.872083+00:00,2026-05-10T22:00:08.827222+00:00,1.0033,lease_expired,2,6,0,2.007,1.003,7.254,0,crates/reify-solver-elastic/src/error_estimator.rs;crates/reify-solver-elastic/src/lib.rs
reify,2996,medium,2026-05-10T22:01:26.561688+00:00,2026-05-10T23:01:38.960275+00:00,1.0034,lease_expired,2,6,0,2.007,1.003,6.229,0,crates/reify-solver-elastic/src/error_estimator.rs;crates/reify-solver-elastic/src/lib.rs
reify,2996,medium,2026-05-10T23:02:11.873320+00:00,2026-05-11T00:02:14.704439+00:00,1.0008,lease_expired,2,6,0,2.002,1.001,5.219,0,crates/reify-solver-elastic/src/error_estimator.rs;crates/reify-solver-elastic/src/lib.rs
reify,2996,medium,2026-05-11T00:03:38.339716+00:00,2026-05-11T01:03:49.689902+00:00,1.0032,lease_expired,2,6,0,2.006,1.003,4.193,0,crates/reify-solver-elastic/src/error_estimator.rs;crates/reify-solver-elastic/src/lib.rs
reify,2996,medium,2026-05-11T01:05:16.751400+00:00,2026-05-11T05:15:20.307502+00:00,4.1677,lease_expired,2,6,0,8.335,7.638,0.001,0,crates/reify-solver-elastic/src/error_estimator.rs;crates/reify-solver-elastic/src/lib.rs
reify,2996,medium,2026-05-11T05:15:28.371931+00:00,2026-05-11T06:15:44.696829+00:00,1.0045,lease_expired,2,6,0,2.009,1.005,4.432,0,crates/reify-solver-elastic/src/error_estimator.rs;crates/reify-solver-elastic/src/lib.rs
reify,3381,high,2026-05-11T05:24:37.945570+00:00,2026-05-11T06:24:54.379623+00:00,1.0046,lease_expired,2,2,0,2.009,1.005,4.274,0,crates/reify-eval/src/compute_cache_key.rs;crates/reify-eval/src/lib.rs
reify,3381,high,2026-05-11T06:25:20.973392+00:00,2026-05-11T07:25:31.443148+00:00,1.0029,lease_expired,2,2,0,2.006,1.003,3.264,0,crates/reify-eval/src/compute_cache_key.rs;crates/reify-eval/src/lib.rs
reify,3381,high,2026-05-11T07:25:48.224162+00:00,2026-05-11T07:49:12.531187+00:00,0.3901,used,2,2,0,0.780,0.390,2.869,0,crates/reify-eval/src/compute_cache_key.rs;crates/reify-eval/src/lib.rs
reify,3383,high,2026-05-11T07:49:14.016602+00:00,2026-05-11T08:49:19.687886+00:00,1.0016,lease_expired,12,2,0,12.019,11.017,10.528,0,crates/reify-eval/src/concurrent.rs;crates/reify-eval/src/engine_admin.rs;crates/reify-eval/src/engine_compute.rs;crates/reify-eval/src/engine_eval.rs;crates/reify-eval/src/graph.rs;crates/reify-eval/src/lib.rs;crates/reify-eval/tests/compute_dispatch_tests.rs;crates/reify-expr/src/lib.rs;crates/reify-test-support/src/lib.rs;crates/reify-test-support/src/mocks.rs;crates/reify-types/src/compute.rs;crates/reify-types/src/lib.rs
reify,3383,high,2026-05-11T08:49:35.434536+00:00,2026-05-11T09:49:42.300563+00:00,1.0019,lease_expired,12,2,0,12.023,11.021,9.522,0,crates/reify-eval/src/concurrent.rs;crates/reify-eval/src/engine_admin.rs;crates/reify-eval/src/engine_compute.rs;crates/reify-eval/src/engine_eval.rs;crates/reify-eval/src/graph.rs;crates/reify-eval/src/lib.rs;crates/reify-eval/tests/compute_dispatch_tests.rs;crates/reify-expr/src/lib.rs;crates/reify-test-support/src/lib.rs;crates/reify-test-support/src/mocks.rs;crates/reify-types/src/compute.rs;crates/reify-types/src/lib.rs
reify,3383,high,2026-05-11T09:50:02.323556+00:00,2026-05-11T10:41:22.134690+00:00,0.8555,used,12,2,0,10.266,9.411,8.661,0,crates/reify-eval/src/concurrent.rs;crates/reify-eval/src/engine_admin.rs;crates/reify-eval/src/engine_compute.rs;crates/reify-eval/src/engine_eval.rs;crates/reify-eval/src/graph.rs;crates/reify-eval/src/lib.rs;crates/reify-eval/tests/compute_dispatch_tests.rs;crates/reify-expr/src/lib.rs;crates/reify-test-support/src/lib.rs;crates/reify-test-support/src/mocks.rs;crates/reify-types/src/compute.rs;crates/reify-types/src/lib.rs
reify,3399,high,2026-05-11T10:41:25.177071+00:00,2026-05-11T11:41:30.030622+00:00,1.0013,lease_expired,8,2,0,8.011,6.861,0.000,0,crates/reify-compiler/src/annotations.rs;crates/reify-compiler/src/types.rs;crates/reify-compiler/tests/scene_annotation_tests.rs;crates/reify-types/src/annotation.rs;crates/reify-types/src/lib.rs;gui/src-tauri/src/engine.rs;gui/src-tauri/src/tests;gui/src-tauri/src/types.rs
reify,3382,high,2026-05-11T10:52:08.713760+00:00,2026-05-11T11:52:18.810962+00:00,1.0028,lease_expired,7,2,0,7.020,6.017,47.143,0,crates/reify-eval/src/cache.rs;crates/reify-eval/src/demand.rs;crates/reify-eval/src/deps.rs;crates/reify-eval/src/dirty.rs;crates/reify-eval/src/engine_edit.rs;crates/reify-eval/src/engine_eval.rs;crates/reify-eval/src/freshness_walk.rs
reify,3382,high,2026-05-11T11:52:35.028775+00:00,2026-05-11T12:52:46.444708+00:00,1.0032,lease_expired,7,2,0,7.022,6.019,46.135,0,crates/reify-eval/src/cache.rs;crates/reify-eval/src/demand.rs;crates/reify-eval/src/deps.rs;crates/reify-eval/src/dirty.rs;crates/reify-eval/src/engine_edit.rs;crates/reify-eval/src/engine_eval.rs;crates/reify-eval/src/freshness_walk.rs
reify,3382,high,2026-05-11T12:53:02.348841+00:00,2026-05-11T13:53:13.912431+00:00,1.0032,lease_expired,7,2,0,7.022,6.019,45.128,0,crates/reify-eval/src/cache.rs;crates/reify-eval/src/demand.rs;crates/reify-eval/src/deps.rs;crates/reify-eval/src/dirty.rs;crates/reify-eval/src/engine_edit.rs;crates/reify-eval/src/engine_eval.rs;crates/reify-eval/src/freshness_walk.rs
reify,3382,high,2026-05-11T13:53:29.656046+00:00,2026-05-11T14:53:37.181594+00:00,1.0021,lease_expired,7,2,0,7.015,6.013,44.121,0,crates/reify-eval/src/cache.rs;crates/reify-eval/src/demand.rs;crates/reify-eval/src/deps.rs;crates/reify-eval/src/dirty.rs;crates/reify-eval/src/engine_edit.rs;crates/reify-eval/src/engine_eval.rs;crates/reify-eval/src/freshness_walk.rs
reify,3382,high,2026-05-11T14:53:59.508917+00:00,2026-05-11T15:54:05.135291+00:00,1.0016,lease_expired,7,2,0,7.011,6.009,43.113,0,crates/reify-eval/src/cache.rs;crates/reify-eval/src/demand.rs;crates/reify-eval/src/deps.rs;crates/reify-eval/src/dirty.rs;crates/reify-eval/src/engine_edit.rs;crates/reify-eval/src/engine_eval.rs;crates/reify-eval/src/freshness_walk.rs
reify,3382,high,2026-05-11T15:54:21.712335+00:00,2026-05-11T16:54:34.706802+00:00,1.0036,lease_expired,7,2,0,7.025,6.022,42.105,0,crates/reify-eval/src/cache.rs;crates/reify-eval/src/demand.rs;crates/reify-eval/src/deps.rs;crates/reify-eval/src/dirty.rs;crates/reify-eval/src/engine_edit.rs;crates/reify-eval/src/engine_eval.rs;crates/reify-eval/src/freshness_walk.rs
reify,3382,high,2026-05-11T16:54:50.493001+00:00,2026-05-11T17:55:03.941256+00:00,1.0037,lease_expired,7,2,0,7.026,6.022,41.097,0,crates/reify-eval/src/cache.rs;crates/reify-eval/src/demand.rs;crates/reify-eval/src/deps.rs;crates/reify-eval/src/dirty.rs;crates/reify-eval/src/engine_edit.rs;crates/reify-eval/src/engine_eval.rs;crates/reify-eval/src/freshness_walk.rs
reify,3382,high,2026-05-11T17:55:19.701963+00:00,2026-05-11T18:55:32.433884+00:00,1.0035,lease_expired,7,2,0,7.025,6.021,40.089,0,crates/reify-eval/src/cache.rs;crates/reify-eval/src/demand.rs;crates/reify-eval/src/deps.rs;crates/reify-eval/src/dirty.rs;crates/reify-eval/src/engine_edit.rs;crates/reify-eval/src/engine_eval.rs;crates/reify-eval/src/freshness_walk.rs
reify,3382,high,2026-05-11T18:55:48.179506+00:00,2026-05-11T19:20:59.985501+00:00,0.4199,used,7,2,0,2.940,2.520,39.665,0,crates/reify-eval/src/cache.rs;crates/reify-eval/src/demand.rs;crates/reify-eval/src/deps.rs;crates/reify-eval/src/dirty.rs;crates/reify-eval/src/engine_edit.rs;crates/reify-eval/src/engine_eval.rs;crates/reify-eval/src/freshness_walk.rs
reify,3399,high,2026-05-11T19:21:01.967065+00:00,2026-05-11T20:21:08.737403+00:00,1.0019,lease_expired,8,2,0,8.015,4.008,0.467,99,crates/reify-compiler/src/annotations.rs;crates/reify-compiler/src/types.rs;crates/reify-compiler/tests/scene_annotation_tests.rs;crates/reify-types/src/annotation.rs;crates/reify-types/src/lib.rs;gui/src-tauri/src/engine.rs;gui/src-tauri/src/tests;gui/src-tauri/src/types.rs
reify,3383,high,2026-05-11T19:53:59.973129+00:00,2026-05-11T20:54:08.007749+00:00,1.0022,lease_expired,12,2,0,12.027,8.018,37.466,0,crates/reify-eval/src/concurrent.rs;crates/reify-eval/src/engine_admin.rs;crates/reify-eval/src/engine_compute.rs;crates/reify-eval/src/engine_eval.rs;crates/reify-eval/src/graph.rs;crates/reify-eval/src/lib.rs;crates/reify-eval/tests/compute_dispatch_tests.rs;crates/reify-expr/src/lib.rs;crates/reify-test-support/src/lib.rs;crates/reify-test-support/src/mocks.rs;crates/reify-types/src/compute.rs;crates/reify-types/src/lib.rs
reify,3383,high,2026-05-11T20:54:23.904091+00:00,2026-05-11T21:54:33.133691+00:00,1.0026,lease_expired,12,2,0,12.031,8.021,36.459,0,crates/reify-eval/src/concurrent.rs;crates/reify-eval/src/engine_admin.rs;crates/reify-eval/src/engine_compute.rs;crates/reify-eval/src/engine_eval.rs;crates/reify-eval/src/graph.rs;crates/reify-eval/src/lib.rs;crates/reify-eval/tests/compute_dispatch_tests.rs;crates/reify-expr/src/lib.rs;crates/reify-test-support/src/lib.rs;crates/reify-test-support/src/mocks.rs;crates/reify-types/src/compute.rs;crates/reify-types/src/lib.rs
reify,3383,high,2026-05-11T21:54:49.376389+00:00,2026-05-11T22:54:51.194882+00:00,1.0005,lease_expired,12,2,0,12.006,8.004,35.454,0,crates/reify-eval/src/concurrent.rs;crates/reify-eval/src/engine_admin.rs;crates/reify-eval/src/engine_compute.rs;crates/reify-eval/src/engine_eval.rs;crates/reify-eval/src/graph.rs;crates/reify-eval/src/lib.rs;crates/reify-eval/tests/compute_dispatch_tests.rs;crates/reify-expr/src/lib.rs;crates/reify-test-support/src/lib.rs;crates/reify-test-support/src/mocks.rs;crates/reify-types/src/compute.rs;crates/reify-types/src/lib.rs
reify,3383,high,2026-05-11T22:55:07.548659+00:00,2026-05-11T23:55:08.690066+00:00,1.0003,lease_expired,12,2,0,12.004,8.003,34.449,0,crates/reify-eval/src/concurrent.rs;crates/reify-eval/src/engine_admin.rs;crates/reify-eval/src/engine_compute.rs;crates/reify-eval/src/engine_eval.rs;crates/reify-eval/src/graph.rs;crates/reify-eval/src/lib.rs;crates/reify-eval/tests/compute_dispatch_tests.rs;crates/reify-expr/src/lib.rs;crates/reify-test-support/src/lib.rs;crates/reify-test-support/src/mocks.rs;crates/reify-types/src/compute.rs;crates/reify-types/src/lib.rs
reify,3383,high,2026-05-11T23:55:24.465486+00:00,2026-05-12T00:55:36.071623+00:00,1.0032,lease_expired,12,2,0,12.039,8.551,33.441,0,crates/reify-eval/src/concurrent.rs;crates/reify-eval/src/engine_admin.rs;crates/reify-eval/src/engine_compute.rs;crates/reify-eval/src/engine_eval.rs;crates/reify-eval/src/graph.rs;crates/reify-eval/src/lib.rs;crates/reify-eval/tests/compute_dispatch_tests.rs;crates/reify-expr/src/lib.rs;crates/reify-test-support/src/lib.rs;crates/reify-test-support/src/mocks.rs;crates/reify-types/src/compute.rs;crates/reify-types/src/lib.rs
reify,3383,high,2026-05-12T00:55:53.548480+00:00,2026-05-12T01:56:06.793081+00:00,1.0037,lease_expired,12,2,0,12.044,9.777,32.433,0,crates/reify-eval/src/concurrent.rs;crates/reify-eval/src/engine_admin.rs;crates/reify-eval/src/engine_compute.rs;crates/reify-eval/src/engine_eval.rs;crates/reify-eval/src/graph.rs;crates/reify-eval/src/lib.rs;crates/reify-eval/tests/compute_dispatch_tests.rs;crates/reify-expr/src/lib.rs;crates/reify-test-support/src/lib.rs;crates/reify-test-support/src/mocks.rs;crates/reify-types/src/compute.rs;crates/reify-types/src/lib.rs
reify,3383,high,2026-05-12T01:56:22.803715+00:00,2026-05-12T02:56:26.949688+00:00,1.0012,lease_expired,12,2,0,12.014,10.012,31.427,0,crates/reify-eval/src/concurrent.rs;crates/reify-eval/src/engine_admin.rs;crates/reify-eval/src/engine_compute.rs;crates/reify-eval/src/engine_eval.rs;crates/reify-eval/src/graph.rs;crates/reify-eval/src/lib.rs;crates/reify-eval/tests/compute_dispatch_tests.rs;crates/reify-expr/src/lib.rs;crates/reify-test-support/src/lib.rs;crates/reify-test-support/src/mocks.rs;crates/reify-types/src/compute.rs;crates/reify-types/src/lib.rs
reify,3383,high,2026-05-12T02:56:42.891841+00:00,2026-05-12T03:56:49.674507+00:00,1.0019,lease_expired,12,2,0,12.023,10.019,30.421,0,crates/reify-eval/src/concurrent.rs;crates/reify-eval/src/engine_admin.rs;crates/reify-eval/src/engine_compute.rs;crates/reify-eval/src/engine_eval.rs;crates/reify-eval/src/graph.rs;crates/reify-eval/src/lib.rs;crates/reify-eval/tests/compute_dispatch_tests.rs;crates/reify-expr/src/lib.rs;crates/reify-test-support/src/lib.rs;crates/reify-test-support/src/mocks.rs;crates/reify-types/src/compute.rs;crates/reify-types/src/lib.rs
reify,3383,high,2026-05-12T03:57:05.691720+00:00,2026-05-12T04:57:11.668057+00:00,1.0017,lease_expired,12,2,0,12.020,10.017,29.415,0,crates/reify-eval/src/concurrent.rs;crates/reify-eval/src/engine_admin.rs;crates/reify-eval/src/engine_compute.rs;crates/reify-eval/src/engine_eval.rs;crates/reify-eval/src/graph.rs;crates/reify-eval/src/lib.rs;crates/reify-eval/tests/compute_dispatch_tests.rs;crates/reify-expr/src/lib.rs;crates/reify-test-support/src/lib.rs;crates/reify-test-support/src/mocks.rs;crates/reify-types/src/compute.rs;crates/reify-types/src/lib.rs
reify,3383,high,2026-05-12T04:57:27.662458+00:00,2026-05-12T05:57:33.063465+00:00,1.0015,lease_expired,12,2,0,12.018,10.015,28.409,0,crates/reify-eval/src/concurrent.rs;crates/reify-eval/src/engine_admin.rs;crates/reify-eval/src/engine_compute.rs;crates/reify-eval/src/engine_eval.rs;crates/reify-eval/src/graph.rs;crates/reify-eval/src/lib.rs;crates/reify-eval/tests/compute_dispatch_tests.rs;crates/reify-expr/src/lib.rs;crates/reify-test-support/src/lib.rs;crates/reify-test-support/src/mocks.rs;crates/reify-types/src/compute.rs;crates/reify-types/src/lib.rs
reify,3383,high,2026-05-12T05:57:49.396189+00:00,2026-05-12T06:57:50.313179+00:00,1.0003,lease_expired,12,2,0,12.003,10.003,27.404,0,crates/reify-eval/src/concurrent.rs;crates/reify-eval/src/engine_admin.rs;crates/reify-eval/src/engine_compute.rs;crates/reify-eval/src/engine_eval.rs;crates/reify-eval/src/graph.rs;crates/reify-eval/src/lib.rs;crates/reify-eval/tests/compute_dispatch_tests.rs;crates/reify-expr/src/lib.rs;crates/reify-test-support/src/lib.rs;crates/reify-test-support/src/mocks.rs;crates/reify-types/src/compute.rs;crates/reify-types/src/lib.rs
reify,3383,high,2026-05-12T06:58:06.089376+00:00,2026-05-12T07:58:14.013590+00:00,1.0022,lease_expired,12,2,0,12.026,10.022,26.398,0,crates/reify-eval/src/concurrent.rs;crates/reify-eval/src/engine_admin.rs;crates/reify-eval/src/engine_compute.rs;crates/reify-eval/src/engine_eval.rs;crates/reify-eval/src/graph.rs;crates/reify-eval/src/lib.rs;crates/reify-eval/tests/compute_dispatch_tests.rs;crates/reify-expr/src/lib.rs;crates/reify-test-support/src/lib.rs;crates/reify-test-support/src/mocks.rs;crates/reify-types/src/compute.rs;crates/reify-types/src/lib.rs
reify,3383,high,2026-05-12T07:58:29.829295+00:00,2026-05-12T08:58:35.391267+00:00,1.0015,lease_expired,12,2,0,12.019,10.015,25.392,0,crates/reify-eval/src/concurrent.rs;crates/reify-eval/src/engine_admin.rs;crates/reify-eval/src/engine_compute.rs;crates/reify-eval/src/engine_eval.rs;crates/reify-eval/src/graph.rs;crates/reify-eval/src/lib.rs;crates/reify-eval/tests/compute_dispatch_tests.rs;crates/reify-expr/src/lib.rs;crates/reify-test-support/src/lib.rs;crates/reify-test-support/src/mocks.rs;crates/reify-types/src/compute.rs;crates/reify-types/src/lib.rs
reify,3383,high,2026-05-12T08:58:51.159434+00:00,2026-05-12T09:59:03.725282+00:00,1.0035,lease_expired,12,2,0,12.042,10.035,24.384,0,crates/reify-eval/src/concurrent.rs;crates/reify-eval/src/engine_admin.rs;crates/reify-eval/src/engine_compute.rs;crates/reify-eval/src/engine_eval.rs;crates/reify-eval/src/graph.rs;crates/reify-eval/src/lib.rs;crates/reify-eval/tests/compute_dispatch_tests.rs;crates/reify-expr/src/lib.rs;crates/reify-test-support/src/lib.rs;crates/reify-test-support/src/mocks.rs;crates/reify-types/src/compute.rs;crates/reify-types/src/lib.rs
reify,3383,high,2026-05-12T09:59:19.677046+00:00,2026-05-12T10:59:22.823300+00:00,1.0009,lease_expired,12,2,0,12.010,10.009,23.378,0,crates/reify-eval/src/concurrent.rs;crates/reify-eval/src/engine_admin.rs;crates/reify-eval/src/engine_compute.rs;crates/reify-eval/src/engine_eval.rs;crates/reify-eval/src/graph.rs;crates/reify-eval/src/lib.rs;crates/reify-eval/tests/compute_dispatch_tests.rs;crates/reify-expr/src/lib.rs;crates/reify-test-support/src/lib.rs;crates/reify-test-support/src/mocks.rs;crates/reify-types/src/compute.rs;crates/reify-types/src/lib.rs
reify,3383,high,2026-05-12T10:59:38.812100+00:00,2026-05-12T11:59:41.641303+00:00,1.0008,lease_expired,12,2,0,12.009,10.008,22.373,0,crates/reify-eval/src/concurrent.rs;crates/reify-eval/src/engine_admin.rs;crates/reify-eval/src/engine_compute.rs;crates/reify-eval/src/engine_eval.rs;crates/reify-eval/src/graph.rs;crates/reify-eval/src/lib.rs;crates/reify-eval/tests/compute_dispatch_tests.rs;crates/reify-expr/src/lib.rs;crates/reify-test-support/src/lib.rs;crates/reify-test-support/src/mocks.rs;crates/reify-types/src/compute.rs;crates/reify-types/src/lib.rs
reify,3383,high,2026-05-12T11:59:57.496422+00:00,2026-05-12T13:00:09.234985+00:00,1.0033,lease_expired,12,2,0,12.039,10.033,21.366,0,crates/reify-eval/src/concurrent.rs;crates/reify-eval/src/engine_admin.rs;crates/reify-eval/src/engine_compute.rs;crates/reify-eval/src/engine_eval.rs;crates/reify-eval/src/graph.rs;crates/reify-eval/src/lib.rs;crates/reify-eval/tests/compute_dispatch_tests.rs;crates/reify-expr/src/lib.rs;crates/reify-test-support/src/lib.rs;crates/reify-test-support/src/mocks.rs;crates/reify-types/src/compute.rs;crates/reify-types/src/lib.rs
reify,3383,high,2026-05-12T13:00:25.423006+00:00,2026-05-12T14:00:30.136277+00:00,1.0013,lease_expired,12,2,0,12.016,10.013,20.360,0,crates/reify-eval/src/concurrent.rs;crates/reify-eval/src/engine_admin.rs;crates/reify-eval/src/engine_compute.rs;crates/reify-eval/src/engine_eval.rs;crates/reify-eval/src/graph.rs;crates/reify-eval/src/lib.rs;crates/reify-eval/tests/compute_dispatch_tests.rs;crates/reify-expr/src/lib.rs;crates/reify-test-support/src/lib.rs;crates/reify-test-support/src/mocks.rs;crates/reify-types/src/compute.rs;crates/reify-types/src/lib.rs
reify,3383,high,2026-05-12T14:00:46.015489+00:00,2026-05-12T15:00:53.408893+00:00,1.0021,lease_expired,12,2,0,12.025,10.021,19.353,0,crates/reify-eval/src/concurrent.rs;crates/reify-eval/src/engine_admin.rs;crates/reify-eval/src/engine_compute.rs;crates/reify-eval/src/engine_eval.rs;crates/reify-eval/src/graph.rs;crates/reify-eval/src/lib.rs;crates/reify-eval/tests/compute_dispatch_tests.rs;crates/reify-expr/src/lib.rs;crates/reify-test-support/src/lib.rs;crates/reify-test-support/src/mocks.rs;crates/reify-types/src/compute.rs;crates/reify-types/src/lib.rs
reify,3383,high,2026-05-12T15:01:09.197992+00:00,2026-05-12T16:01:09.385930+00:00,1.0001,lease_expired,12,2,0,12.001,10.001,18.349,0,crates/reify-eval/src/concurrent.rs;crates/reify-eval/src/engine_admin.rs;crates/reify-eval/src/engine_compute.rs;crates/reify-eval/src/engine_eval.rs;crates/reify-eval/src/graph.rs;crates/reify-eval/src/lib.rs;crates/reify-eval/tests/compute_dispatch_tests.rs;crates/reify-expr/src/lib.rs;crates/reify-test-support/src/lib.rs;crates/reify-test-support/src/mocks.rs;crates/reify-types/src/compute.rs;crates/reify-types/src/lib.rs
reify,3383,high,2026-05-12T16:01:25.237878+00:00,2026-05-12T17:01:33.337519+00:00,1.0022,lease_expired,12,2,0,12.027,10.022,17.342,0,crates/reify-eval/src/concurrent.rs;crates/reify-eval/src/engine_admin.rs;crates/reify-eval/src/engine_compute.rs;crates/reify-eval/src/engine_eval.rs;crates/reify-eval/src/graph.rs;crates/reify-eval/src/lib.rs;crates/reify-eval/tests/compute_dispatch_tests.rs;crates/reify-expr/src/lib.rs;crates/reify-test-support/src/lib.rs;crates/reify-test-support/src/mocks.rs;crates/reify-types/src/compute.rs;crates/reify-types/src/lib.rs
reify,3383,high,2026-05-12T17:01:49.512954+00:00,2026-05-12T18:01:50.633120+00:00,1.0003,lease_expired,12,2,0,12.004,10.003,16.337,101,crates/reify-eval/src/concurrent.rs;crates/reify-eval/src/engine_admin.rs;crates/reify-eval/src/engine_compute.rs;crates/reify-eval/src/engine_eval.rs;crates/reify-eval/src/graph.rs;crates/reify-eval/src/lib.rs;crates/reify-eval/tests/compute_dispatch_tests.rs;crates/reify-expr/src/lib.rs;crates/reify-test-support/src/lib.rs;crates/reify-test-support/src/mocks.rs;crates/reify-types/src/compute.rs;crates/reify-types/src/lib.rs
reify,3399,high,2026-05-12T17:38:30.332587+00:00,2026-05-12T18:38:31.056729+00:00,1.0002,lease_expired,8,2,0,8.002,4.001,18.694,0,crates/reify-compiler/src/annotations.rs;crates/reify-compiler/src/types.rs;crates/reify-compiler/tests/scene_annotation_tests.rs;crates/reify-types/src/annotation.rs;crates/reify-types/src/lib.rs;gui/src-tauri/src/engine.rs;gui/src-tauri/src/tests;gui/src-tauri/src/types.rs
reify,2924,high,2026-05-12T17:48:40.677132+00:00,2026-05-12T18:48:50.701906+00:00,1.0028,lease_expired,7,2,0,7.019,7.019,18.522,0,crates/reify-compiler/stdlib/solver_elastic.ri;crates/reify-eval/src/engine_eval.rs;crates/reify-eval/src/engine_tolerance.rs;crates/reify-eval/src/graph.rs;crates/reify-eval/tests/optimized_registry_tests.rs;crates/reify-eval/tests/solver_pragma_dispatch.rs;crates/reify-types/src/warm.rs
reify,2924,high,2026-05-12T18:49:06.810691+00:00,2026-05-12T19:49:18.501585+00:00,1.0032,lease_expired,7,2,0,7.023,7.023,17.514,0,crates/reify-compiler/stdlib/solver_elastic.ri;crates/reify-eval/src/engine_eval.rs;crates/reify-eval/src/engine_tolerance.rs;crates/reify-eval/src/graph.rs;crates/reify-eval/tests/optimized_registry_tests.rs;crates/reify-eval/tests/solver_pragma_dispatch.rs;crates/reify-types/src/warm.rs
reify,2924,high,2026-05-12T19:49:35.007328+00:00,2026-05-12T20:49:40.035204+00:00,1.0014,lease_expired,7,2,0,7.010,7.010,16.508,0,crates/reify-compiler/stdlib/solver_elastic.ri;crates/reify-eval/src/engine_eval.rs;crates/reify-eval/src/engine_tolerance.rs;crates/reify-eval/src/graph.rs;crates/reify-eval/tests/optimized_registry_tests.rs;crates/reify-eval/tests/solver_pragma_dispatch.rs;crates/reify-types/src/warm.rs
reify,2924,high,2026-05-12T20:49:55.978931+00:00,2026-05-13T10:11:10.094883+00:00,13.3539,lease_expired,7,2,0,93.477,93.477,3.150,0,crates/reify-compiler/stdlib/solver_elastic.ri;crates/reify-eval/src/engine_eval.rs;crates/reify-eval/src/engine_tolerance.rs;crates/reify-eval/src/graph.rs;crates/reify-eval/tests/optimized_registry_tests.rs;crates/reify-eval/tests/solver_pragma_dispatch.rs;crates/reify-types/src/warm.rs
reify,2924,high,2026-05-13T10:11:14.053486+00:00,2026-05-13T11:00:53.579612+00:00,0.8276,used,7,2,0,5.794,5.794,2.321,0,crates/reify-compiler/stdlib/solver_elastic.ri;crates/reify-eval/src/engine_eval.rs;crates/reify-eval/src/engine_tolerance.rs;crates/reify-eval/src/graph.rs;crates/reify-eval/tests/optimized_registry_tests.rs;crates/reify-eval/tests/solver_pragma_dispatch.rs;crates/reify-types/src/warm.rs
reify,3528,critical,2026-05-13T13:20:09.185556+00:00,2026-05-13T13:25:54.551024+00:00,0.0959,gc_missing,1,1,0,0.096,0.000,4.719,0,crates/reify-types/src
reify,2999,medium,2026-05-13T13:25:58.789096+00:00,2026-05-13T18:01:37.385865+00:00,4.5941,used,8,2,0,36.752,20.534,1.124,0,crates/reify-kernel-gmsh/src/ffi.rs;crates/reify-kernel-gmsh/src/lib.rs;crates/reify-kernel-gmsh/src/refine_volume.rs;crates/reify-kernel-gmsh/tests/refine_volume_tests.rs;crates/reify-solver-elastic/Cargo.toml;crates/reify-solver-elastic/src/lib.rs;crates/reify-solver-elastic/src/mesher.rs;crates/reify-solver-elastic/tests/mesher_tests.rs
reify,2987,medium,2026-05-13T18:01:38.752615+00:00,2026-05-13T19:09:05.350657+00:00,1.1241,used,2,2,0,2.248,0.000,0.001,0,crates/reify-solver-elastic/src/lib.rs;crates/reify-solver-elastic/src/mesher.rs
reify,3157,medium,2026-05-13T19:09:26.934629+00:00,2026-05-13T19:48:05.175658+00:00,0.6440,era_death,4,2,0,2.576,1.932,20.784,0,crates/reify-solver-elastic/src/lib.rs;crates/reify-solver-elastic/src/shell_assembly.rs;crates/reify-solver-elastic/src/shell_kinematics.rs;crates/reify-solver-elastic/src/shell_result.rs
reify,3421,high,2026-05-14T16:35:03.353524+00:00,2026-05-14T16:35:08.078055+00:00,0.0013,used,2,1,0,0.003,0.000,0.004,0,crates/reify-eval/src;crates/reify-eval/tests
reify,3432,high,2026-05-14T16:35:08.629818+00:00,2026-05-14T16:35:22.141750+00:00,0.0038,used,3,1,0,0.011,0.004,1.889,0,crates/reify-eval/src/cache.rs;crates/reify-eval/tests;crates/reify-types/src
reify,3433,high,2026-05-14T16:35:25.297575+00:00,2026-05-14T18:28:41.565968+00:00,1.8879,used,2,1,0,3.776,0.001,0.003,0,crates/reify-eval/src/cache.rs;crates/reify-eval/tests
reify,3434,high,2026-05-14T18:28:43.698470+00:00,2026-05-14T18:28:53.142310+00:00,0.0026,used,2,1,0,0.005,0.003,0.001,0,crates/reify-eval/tests;crates/reify-types/src/diagnostics.rs
reify,3463,high,2026-05-14T18:28:54.215383+00:00,2026-05-14T18:28:58.303508+00:00,0.0011,used,3,1,0,0.003,0.003,0.052,0,crates/reify-eval/src/engine_build.rs;crates/reify-eval/src/geometry_ops.rs;crates/reify-eval/tests
reify,2924,high,2026-05-14T20:53:47.376868+00:00,2026-05-14T20:54:33.956896+00:00,0.0129,gc_deps_unsatisfied,2,1,0,0.026,0.013,2.006,0,crates/reify-eval/src/engine_build.rs;crates/reify-solver-elastic/src
reify,3540,high,2026-05-14T18:28:59.072943+00:00,2026-05-15T00:52:24.266434+00:00,6.3903,used,27,1,0,172.539,159.581,0.155,3,crates/reify-compiler/src/compile.rs;crates/reify-compiler/src/lowering.rs;crates/reify-compiler/src/structure_def.rs;crates/reify-compiler/src/trait_def.rs;crates/reify-compiler/stdlib/fea_multi_case.ri;crates/reify-eval/src/cache.rs;crates/reify-eval/src/engine_eval.rs;crates/reify-eval/src/freshness_walk.rs;crates/reify-eval/src/geometry_ops.rs;crates/reify-eval/src/lib.rs;crates/reify-eval/src/persistent_cache.rs;crates/reify-eval/src/significance_filter.rs;crates/reify-eval/tests/structure_instance_e2e.rs;crates/reify-expr/src/lib.rs;crates/reify-stdlib/src/fea.rs;crates/reify-stdlib/src/geometry.rs;crates/reify-stdlib/src/joints.rs;crates/reify-stdlib/src/loads.rs;crates/reify-stdlib/src/loop_closure.rs;crates/reify-stdlib/src/loop_closure_solver.rs;crates/reify-stdlib/src/mechanism.rs;crates/reify-stdlib/src/snapshot.rs;crates/reify-stdlib/src/supports.rs;crates/reify-stdlib/src/sweep.rs;crates/reify-types/src/structure_registry.rs;crates/reify-types/src/value.rs;examples/structure-instance.ri
reify,3561,high,2026-05-15T00:52:25.126554+00:00,2026-05-15T03:42:08.901305+00:00,2.8288,used,3,1,0,8.486,5.658,0.155,0,crates/reify-eval/tests;crates/reify-runtime/src;crates/reify-types/src/node_traits.rs
reify,3420,high,2026-05-15T03:42:11.990077+00:00,2026-05-15T03:51:28.099520+00:00,0.1545,used,2,1,0,0.309,0.000,1.808,0,crates/reify-eval/src/cache.rs;crates/reify-eval/tests
reify,3421,high,2026-05-15T03:51:28.678887+00:00,2026-05-15T05:39:56.558535+00:00,1.8077,used,2,1,0,3.615,0.000,0.109,0,crates/reify-eval/src;crates/reify-eval/tests
reify,3449,high,2026-05-15T05:39:57.928195+00:00,2026-05-15T07:35:26.283935+00:00,1.9245,used,4,1,0,7.698,3.240,0.000,0,crates/reify-compiler/src;crates/reify-compiler/tests;crates/reify-syntax/src/lib.rs;tree-sitter-reify/grammar.js
reify,3540,high,2026-05-15T07:35:27.424853+00:00,2026-05-15T16:46:24.594867+00:00,9.1825,silent_owner_dispatch_then_release,34,1,1,312.207,24.307,0.000,1364,crates/reify-cli/src/main.rs;crates/reify-compiler/src/annotations.rs;crates/reify-compiler/src/compile.rs;crates/reify-compiler/src/compile_builder;crates/reify-compiler/src/entity.rs;crates/reify-compiler/src/lowering.rs;crates/reify-compiler/src/traits.rs;crates/reify-compiler/src/types.rs;crates/reify-compiler/stdlib/fea_multi_case.ri;crates/reify-eval/src/cache.rs;crates/reify-eval/src/engine_eval.rs;crates/reify-eval/src/freshness_walk.rs;crates/reify-eval/src/geometry_ops.rs;crates/reify-eval/src/lib.rs;crates/reify-eval/src/persistent_cache.rs;crates/reify-eval/src/significance_filter.rs;crates/reify-eval/tests/golden;crates/reify-eval/tests/structure_instance_e2e.rs;crates/reify-expr/src/lib.rs;crates/reify-stdlib/src/fea.rs;crates/reify-stdlib/src/geometry.rs;crates/reify-stdlib/src/joints.rs;crates/reify-stdlib/src/loads.rs;crates/reify-stdlib/src/loop_closure.rs;crates/reify-stdlib/src/loop_closure_solver.rs;crates/reify-stdlib/src/mechanism.rs;crates/reify-stdlib/src/snapshot.rs;crates/reify-stdlib/src/supports.rs;crates/reify-stdlib/src/sweep.rs;crates/reify-types/src/expr.rs;crates/reify-types/src/lib.rs;crates/reify-types/src/structure_registry.rs;crates/reify-types/src/value.rs;examples/structure-instance.ri
reify,3422,high,2026-05-15T10:42:09.811794+00:00,2026-05-15T16:46:25.056457+00:00,6.0709,used,1,1,0,6.071,5.814,0.611,0,crates/reify-eval/src/engine_build.rs
reify,3623,high,2026-05-15T16:46:25.779580+00:00,2026-05-15T17:23:00.102938+00:00,0.6095,used,4,1,0,2.438,0.610,3.098,0,crates/reify-eval/src/geometry_ops.rs;crates/reify-eval/tests/query_capability_gating.rs;crates/reify-types/src/diagnostics.rs;crates/reify-types/src/geometry.rs
reify,3566,high,2026-05-15T18:56:21.072930+00:00,2026-05-15T21:43:57.706160+00:00,2.7935,used,3,1,0,8.381,0.000,0.205,0,crates/reify-eval/tests;crates/reify-runtime/src;crates/reify-types/src/node_traits.rs
reify,3422,high,2026-05-15T21:44:01.185505+00:00,2026-05-15T21:56:16.128744+00:00,0.2042,used,7,1,0,1.429,0.004,5.730,0,crates/reify-eval/src/engine_admin.rs;crates/reify-eval/src/engine_compute.rs;crates/reify-eval/src/engine_eval.rs;crates/reify-eval/src/graph.rs;crates/reify-eval/src/lib.rs;crates/reify-eval/tests/compute_dispatch_registry.rs;crates/reify-eval/tests/fixtures
reify,3579,high,2026-05-16T01:21:50.584986+00:00,2026-05-16T03:40:03.102732+00:00,2.3035,used,5,1,0,11.517,4.607,0.766,0,crates/reify-eval/tests;crates/reify-kernel-occt/src;crates/reify-runtime/src;crates/reify-solver-elastic/src;crates/reify-types/src
reify,3597,high,2026-05-15T21:56:16.633185+00:00,2026-05-16T03:40:03.567083+00:00,5.7297,used,5,1,0,28.649,22.919,0.766,0,crates/reify-eval/src;gui/src/__tests__/types.test.ts;gui/src/__tests__/types.typecheck.ts;gui/src/bridge.ts;gui/src/types.ts
reify,3540,high,2026-05-16T03:40:04.060945+00:00,2026-05-16T04:26:02.319059+00:00,0.7662,used,27,667,0,20.687,11.491,0.671,0,crates/reify-compiler/src/compile.rs;crates/reify-compiler/src/lowering.rs;crates/reify-compiler/src/structure_def.rs;crates/reify-compiler/src/trait_def.rs;crates/reify-compiler/stdlib/fea_multi_case.ri;crates/reify-eval/src/cache.rs;crates/reify-eval/src/engine_eval.rs;crates/reify-eval/src/freshness_walk.rs;crates/reify-eval/src/geometry_ops.rs;crates/reify-eval/src/lib.rs;crates/reify-eval/src/persistent_cache.rs;crates/reify-eval/src/significance_filter.rs;crates/reify-eval/tests/structure_instance_e2e.rs;crates/reify-expr/src/lib.rs;crates/reify-stdlib/src/fea.rs;crates/reify-stdlib/src/geometry.rs;crates/reify-stdlib/src/joints.rs;crates/reify-stdlib/src/loads.rs;crates/reify-stdlib/src/loop_closure.rs;crates/reify-stdlib/src/loop_closure_solver.rs;crates/reify-stdlib/src/mechanism.rs;crates/reify-stdlib/src/snapshot.rs;crates/reify-stdlib/src/supports.rs;crates/reify-stdlib/src/sweep.rs;crates/reify-types/src/structure_registry.rs;crates/reify-types/src/value.rs;examples/structure-instance.ri
reify,3434,high,2026-05-16T04:26:02.793474+00:00,2026-05-16T05:06:16.201581+00:00,0.6704,used,3,1,0,2.011,0.670,3.850,0,crates/reify-eval/src/dispatcher.rs;crates/reify-eval/src/lib.rs;crates/reify-types/src/diagnostics.rs
reify,3422,high,2026-05-16T05:06:16.768671+00:00,2026-05-16T08:57:17.579188+00:00,3.8502,used,7,1,0,26.952,7.700,2.267,0,crates/reify-eval/src/engine_admin.rs;crates/reify-eval/src/engine_compute.rs;crates/reify-eval/src/engine_eval.rs;crates/reify-eval/src/graph.rs;crates/reify-eval/src/lib.rs;crates/reify-eval/tests/compute_dispatch_registry.rs;crates/reify-eval/tests/fixtures
reify,3463,high,2026-05-15T17:23:03.067232+00:00,2026-05-16T11:13:17.723976+00:00,17.8374,silent_owner_dispatch_then_release,2,1,1,35.675,3.098,0.000,1974,crates/reify-eval/src;crates/reify-eval/src/engine_purposes.rs
reify,3540,high,2026-05-16T08:57:18.496635+00:00,2026-05-16T11:13:18.636944+00:00,2.2667,used,27,1,0,61.201,34.001,0.108,0,crates/reify-compiler/src/compile.rs;crates/reify-compiler/src/lowering.rs;crates/reify-compiler/src/structure_def.rs;crates/reify-compiler/src/trait_def.rs;crates/reify-compiler/stdlib/fea_multi_case.ri;crates/reify-eval/src/cache.rs;crates/reify-eval/src/engine_eval.rs;crates/reify-eval/src/freshness_walk.rs;crates/reify-eval/src/geometry_ops.rs;crates/reify-eval/src/lib.rs;crates/reify-eval/src/persistent_cache.rs;crates/reify-eval/src/significance_filter.rs;crates/reify-eval/tests/structure_instance_e2e.rs;crates/reify-expr/src/lib.rs;crates/reify-stdlib/src/fea.rs;crates/reify-stdlib/src/geometry.rs;crates/reify-stdlib/src/joints.rs;crates/reify-stdlib/src/loads.rs;crates/reify-stdlib/src/loop_closure.rs;crates/reify-stdlib/src/loop_closure_solver.rs;crates/reify-stdlib/src/mechanism.rs;crates/reify-stdlib/src/snapshot.rs;crates/reify-stdlib/src/supports.rs;crates/reify-stdlib/src/sweep.rs;crates/reify-types/src/structure_registry.rs;crates/reify-types/src/value.rs;examples/structure-instance.ri
reify,3698,high,2026-05-16T11:13:20.896299+00:00,2026-05-16T17:45:44.114286+00:00,6.5398,silent_owner_dispatch_then_release,6,1,1,39.239,24.237,15.508,1208,crates/reify-cli/src/cache.rs;crates/reify-cli/src/main.rs;crates/reify-eval/src/engine_admin.rs;crates/reify-eval/tests;gui/src-tauri/src/engine.rs;gui/src-tauri/src/main.rs
reify,3423,high,2026-05-16T12:34:30.478113+00:00,2026-05-16T21:26:08.938430+00:00,8.8607,era_death,2,1,0,17.721,0.000,12.132,0,crates/reify-eval/src/cache.rs;crates/reify-eval/src/freshness_walk.rs
reify,3425,high,2026-05-17T09:16:12.545713+00:00,2026-05-17T09:34:04.886815+00:00,0.2979,used,2,1,0,0.596,0.000,0.003,0,crates/reify-eval/src;crates/reify-eval/tests
reify,3435,high,2026-05-17T09:34:07.435594+00:00,2026-05-17T09:34:13.932667+00:00,0.0018,used,3,1,0,0.005,0.004,0.006,0,crates/reify-eval/tests;crates/reify-kernel-occt/src;crates/reify-types/src/geometry.rs
reify,3463,high,2026-05-17T09:34:15.080217+00:00,2026-05-17T09:34:33.739747+00:00,0.0052,used,3,1,0,0.016,0.011,0.058,0,crates/reify-eval/src/engine_build.rs;crates/reify-eval/src/geometry_ops.rs;crates/reify-eval/tests/ad_hoc_selector_smoke_tests.rs
reify,3603,high,2026-05-17T09:34:34.331389+00:00,2026-05-17T09:40:15.644764+00:00,0.0948,used,6,1,0,0.569,0.474,0.697,0,crates/reify-compiler/src/units.rs;crates/reify-compiler/stdlib/structural_physical.ri;crates/reify-compiler/tests/structural_physical_spec_shape.rs;crates/reify-compiler/tests/structural_physical_tests.rs;crates/reify-eval/tests;crates/reify-types/src/dimension.rs
reify,3698,high,2026-05-17T09:40:18.375751+00:00,2026-05-17T10:22:01.619802+00:00,0.6953,used,6,1,0,4.172,1.391,0.001,0,crates/reify-cli/src/cache.rs;crates/reify-cli/src/main.rs;crates/reify-eval/src/engine_admin.rs;crates/reify-eval/tests;gui/src-tauri/src/engine.rs;gui/src-tauri/src/main.rs
reify,3423,high,2026-05-17T10:22:04.642247+00:00,2026-05-17T15:49:45.595176+00:00,5.4614,gc_terminal:done,8,1,1,43.691,6.579,0.001,592,crates/reify-eval/src/cache.rs;crates/reify-eval/src/engine_admin.rs;crates/reify-eval/src/engine_compute.rs;crates/reify-eval/src/engine_eval.rs;crates/reify-eval/src/freshness_walk.rs;crates/reify-eval/src/lib.rs;crates/reify-eval/tests/freshness_pending_compute_dispatch.rs;crates/reify-types/src/value.rs
reify,3436,high,2026-05-17T13:06:20.543057+00:00,2026-05-18T12:42:30.901276+00:00,23.6029,era_death,1,1,0,23.603,23.603,189.667,4554,crates/reify-eval/src/engine_build.rs
reify,3424,high,2026-05-17T15:49:45.669913+00:00,2026-05-18T12:42:30.901276+00:00,20.8792,era_death,1,1,0,20.879,0.000,189.895,0,crates/reify-eval/tests
reify,3425,high,2026-05-26T10:22:32.269606+00:00,2026-05-26T10:36:11.819645+00:00,0.2277,used,6,1,0,1.366,0.000,0.413,0,crates/reify-eval/src/cache.rs;crates/reify-eval/src/engine_admin.rs;crates/reify-eval/src/engine_edit.rs;crates/reify-eval/src/engine_eval.rs;crates/reify-eval/src/lib.rs;crates/reify-eval/tests/opaque_state_lifecycle.rs
reify,3436,high,2026-05-26T10:36:12.252813+00:00,2026-05-26T10:59:04.078044+00:00,0.3811,era_death,3,1,0,1.143,0.000,0.032,0,crates/reify-eval/src/engine_build.rs;crates/reify-eval/src/engine_eval.rs;crates/reify-eval/tests
reify,3425,high,2026-05-26T11:00:58.977745+00:00,2026-05-26T12:35:56.740743+00:00,1.5827,used,6,1,0,9.496,4.749,0.984,0,crates/reify-eval/src/cache.rs;crates/reify-eval/src/engine_compute.rs;crates/reify-eval/src/engine_edit.rs;crates/reify-eval/src/engine_eval.rs;crates/reify-eval/tests/freshness_pending_compute_dispatch.rs;crates/reify-eval/tests/opaque_state_lifecycle.rs
reify,3436,high,2026-05-26T12:35:57.529340+00:00,2026-05-26T13:35:00.695635+00:00,0.9842,used,3,1,0,2.953,0.984,0.232,0,crates/reify-eval/src/engine_build.rs;crates/reify-eval/src/engine_eval.rs;crates/reify-eval/tests
reify,3604,high,2026-05-26T13:35:01.416607+00:00,2026-05-26T13:48:57.538157+00:00,0.2323,used,11,1,0,2.555,1.626,0.127,0,crates/reify-eval/src/engine_admin.rs;crates/reify-eval/src/engine_edit.rs;crates/reify-eval/src/engine_eval.rs;crates/reify-eval/src/geometry.rs;crates/reify-eval/src/geometry_ops.rs;crates/reify-eval/src/lib.rs;crates/reify-expr/src/lib.rs;crates/reify-kernel-openvdb/src/ingest.rs;crates/reify-stdlib/src;crates/reify-types/src/ty.rs;crates/reify-types/src/value.rs
reify,3425,high,2026-05-26T13:48:58.034340+00:00,2026-05-26T13:56:36.339194+00:00,0.1273,used,7,1,0,0.891,0.082,4.642,0,crates/reify-eval/src/cache.rs;crates/reify-eval/src/engine_compute.rs;crates/reify-eval/src/engine_edit.rs;crates/reify-eval/src/engine_eval.rs;crates/reify-eval/tests/cancellation_compute_dispatch.rs;crates/reify-eval/tests/freshness_pending_compute_dispatch.rs;crates/reify-eval/tests/opaque_state_lifecycle.rs
reify,2992,medium,2026-05-26T13:56:53.981233+00:00,2026-05-26T13:57:09.448628+00:00,0.0043,evicted,4,2,0,0.017,0.009,2.627,1,crates/reify-eval/src;crates/reify-eval/tests;crates/reify-kernel-gmsh/src;crates/reify-types/src/diagnostics.rs
reify,3604,high,2026-05-26T13:57:09.447883+00:00,2026-05-26T16:32:36.527380+00:00,2.5909,era_death,17,1,0,44.045,15.546,0.036,0,crates/reify-eval/src/engine_admin.rs;crates/reify-eval/src/engine_edit.rs;crates/reify-eval/src/engine_eval.rs;crates/reify-eval/src/geometry_ops.rs;crates/reify-eval/src/lib.rs;crates/reify-eval/tests;crates/reify-eval/tests/edit_source.rs;crates/reify-eval/tests/m5_integration.rs;crates/reify-eval/tests/m8_m11_regression_checkpoint.rs;crates/reify-eval/tests/value_cell_type_invariants.rs;crates/reify-expr/src/lib.rs;crates/reify-expr/tests;crates/reify-kernel-fidget/src/kernel.rs;crates/reify-kernel-openvdb/src/ingest.rs;crates/reify-stdlib/src;crates/reify-types/src/ty.rs;crates/reify-types/src/value.rs
reify,3770,critical,2026-05-26T16:34:44.997798+00:00,2026-05-26T16:56:30.291610+00:00,0.3626,used,3,1,0,1.088,0.725,3.688,0,crates/reify-types/src/annotation.rs;crates/reify-types/src/lib.rs;crates/reify-types/src/traits.rs
reify,3771,critical,2026-05-26T18:02:15.417423+00:00,2026-05-26T20:37:47.979414+00:00,2.5924,used,4,1,0,10.370,7.777,11.430,0,Cargo.toml;crates/reify-core;crates/reify-types/Cargo.toml;crates/reify-types/src/lib.rs
reify,3604,high,2026-05-26T16:56:31.524519+00:00,2026-05-26T20:47:51.716433+00:00,3.8556,evicted,17,1,1,65.545,18.958,7.574,37,crates/reify-eval/src/engine_admin.rs;crates/reify-eval/src/engine_edit.rs;crates/reify-eval/src/engine_eval.rs;crates/reify-eval/src/geometry_ops.rs;crates/reify-eval/src/lib.rs;crates/reify-eval/tests;crates/reify-eval/tests/edit_source.rs;crates/reify-eval/tests/m5_integration.rs;crates/reify-eval/tests/m8_m11_regression_checkpoint.rs;crates/reify-eval/tests/value_cell_type_invariants.rs;crates/reify-expr/src/lib.rs;crates/reify-expr/tests;crates/reify-kernel-fidget/src/kernel.rs;crates/reify-kernel-openvdb/src/ingest.rs;crates/reify-stdlib/src;crates/reify-types/src/ty.rs;crates/reify-types/src/value.rs
reify,3771,critical,2026-05-26T20:47:51.715298+00:00,2026-05-27T04:22:19.055039+00:00,7.5743,used,23,1,0,174.208,53.020,3.688,0,Cargo.toml;crates/reify-core/Cargo.toml;crates/reify-core/src/diagnostics.rs;crates/reify-core/src/dimension.rs;crates/reify-core/src/hash.rs;crates/reify-core/src/identity.rs;crates/reify-core/src/lib.rs;crates/reify-core/src/primitives.rs;crates/reify-core/src/source_location.rs;crates/reify-core/src/spanned_ident.rs;crates/reify-core/src/ty.rs;crates/reify-core/tests/api_surface.rs;crates/reify-core/tests/dag_invariant.rs;crates/reify-types/Cargo.toml;crates/reify-types/src/diagnostics.rs;crates/reify-types/src/dimension.rs;crates/reify-types/src/hash.rs;crates/reify-types/src/identity.rs;crates/reify-types/src/lib.rs;crates/reify-types/src/primitives.rs;crates/reify-types/src/source_location.rs;crates/reify-types/src/spanned_ident.rs;crates/reify-types/src/ty.rs
reify,3437,high,2026-05-26T20:37:49.638269+00:00,2026-05-27T11:04:30.742857+00:00,14.4448,era_death,1,1,0,14.445,14.445,2.782,0,crates/reify-kernel-manifold/src
reify,3426,high,2026-05-27T08:16:45.581864+00:00,2026-05-27T11:04:30.742857+00:00,2.7959,era_death,4,1,0,11.184,5.592,2.782,0,crates/reify-compiler/stdlib/solver_elastic.ri;crates/reify-eval/src;crates/reify-eval/tests;examples
reify,3426,high,2026-05-27T13:51:28.489615+00:00,2026-05-27T14:03:56.506232+00:00,0.2078,used,4,1,0,0.831,0.208,4.238,0,crates/reify-compiler/stdlib/solver_elastic.ri;crates/reify-eval/src;crates/reify-eval/tests;examples
reify,3437,high,2026-05-27T14:03:57.413586+00:00,2026-05-27T14:04:47.688397+00:00,0.0140,evicted,3,1,0,0.042,0.000,4.224,1,crates/reify-eval/src;crates/reify-eval/tests;crates/reify-kernel-manifold/src
reify,3775,critical,2026-05-27T14:04:47.649567+00:00,2026-05-27T17:04:25.916195+00:00,2.9940,era_death,31,1,0,92.813,6.943,1.832,0,Cargo.lock;Cargo.toml;crates;crates/reify-build-utils/Cargo.toml;crates/reify-build-utils/tests/crate_dag_assertion.rs;crates/reify-cli;crates/reify-compiler;crates/reify-constraints;crates/reify-doc-build;crates/reify-eval;crates/reify-expr;crates/reify-geometry;crates/reify-kernel-fidget;crates/reify-kernel-gmsh;crates/reify-kernel-manifold;crates/reify-kernel-occt;crates/reify-kernel-openvdb;crates/reify-lsp;crates/reify-mcp;crates/reify-mesh-morph;crates/reify-runtime;crates/reify-shell-extract;crates/reify-solver-elastic;crates/reify-stdlib;crates/reify-syntax/Cargo.toml;crates/reify-syntax/src/lib.rs;crates/reify-test-support;crates/reify-types;gui/src-tauri;scripts/assert-crate-dag.sh;scripts/cutover-reify-types.py
reify,3426,high,2026-05-27T18:18:15.689979+00:00,2026-05-27T18:54:22.724626+00:00,0.6020,used,6,1,0,3.612,0.603,2.967,0,crates/reify-compiler/stdlib/solver_elastic.ri;crates/reify-compiler/tests/solver_elastic_static_stdlib_compile.rs;crates/reify-eval/src/compute_targets;crates/reify-eval/src/lib.rs;crates/reify-eval/tests/solve_elastic_static_e2e.rs;examples/fea_cantilever_smoke.ri
reify,3437,high,2026-05-27T18:54:24.291277+00:00,2026-05-27T20:14:46.529484+00:00,1.3395,era_death,3,1,0,4.019,1.340,1.756,0,crates/reify-eval/src;crates/reify-eval/tests;crates/reify-kernel-manifold/src
reify,3438,high,2026-05-27T21:52:25.806938+00:00,2026-05-27T22:00:09.494074+00:00,0.1288,used,3,1,0,0.386,0.258,0.164,0,crates/reify-eval/tests;crates/reify-kernel-openvdb/src;crates/reify-types/src/geometry.rs
reify,4042,critical,2026-05-27T22:10:55.405394+00:00,2026-05-27T22:14:35.428721+00:00,0.0611,used,29,1,0,1.772,1.535,9.538,0,crates/reify-syntax/tests/ad_hoc_selector_tests.rs;crates/reify-syntax/tests/annotation_tests.rs;crates/reify-syntax/tests/auto_binding_sites_lowering_tests.rs;crates/reify-syntax/tests/boundary1_producer.rs;crates/reify-syntax/tests/connect_chain_tests.rs;crates/reify-syntax/tests/constraint_def_tests.rs;crates/reify-syntax/tests/constraint_inst_tests.rs;crates/reify-syntax/tests/edge_case_tests.rs;crates/reify-syntax/tests/field_tests.rs;crates/reify-syntax/tests/fn_param_default_tests.rs;crates/reify-syntax/tests/forall_statement_tests.rs;crates/reify-syntax/tests/function_call_named_args_tests.rs;crates/reify-syntax/tests/guard_tests.rs;crates/reify-syntax/tests/lambda_tests.rs;crates/reify-syntax/tests/match_tests.rs;crates/reify-syntax/tests/occurrence_tests.rs;crates/reify-syntax/tests/option_tests.rs;crates/reify-syntax/tests/port_tests.rs;crates/reify-syntax/tests/pragma_tests.rs;crates/reify-syntax/tests/purpose_tests.rs;crates/reify-syntax/tests/qualified_access_tests.rs;crates/reify-syntax/tests/quantifier_tests.rs;crates/reify-syntax/tests/scientific_notation_tests.rs;crates/reify-syntax/tests/trait_tests.rs;crates/reify-syntax/tests/type_alias_tests.rs;crates/reify-syntax/tests/type_expr_kind_tests.rs;crates/reify-syntax/tests/unit_decl_tests.rs;crates/reify-syntax/tests/visibility_tests.rs;orchestrator.yaml
reify,4042,critical,2026-05-28T00:46:56.935208+00:00,2026-05-28T00:49:31.754718+00:00,0.0430,used,2,1,0,0.086,0.001,17.676,0,scripts/verify.sh;tests/infra/test_typecheck_compiles_tests.sh
reify,3605,high,2026-05-27T22:00:10.238705+00:00,2026-05-28T00:52:32.889759+00:00,2.8730,used,12,1,0,34.476,25.298,4.026,0,crates/reify-compiler/Cargo.toml;crates/reify-compiler/src/entity.rs;crates/reify-compiler/src/geometry.rs;crates/reify-compiler/src/guards.rs;crates/reify-compiler/src/units.rs;crates/reify-compiler/tests/solid_param_tests.rs;crates/reify-eval/src/engine_build.rs;crates/reify-eval/src/engine_eval.rs;crates/reify-eval/tests/cross_sub_geometry_e2e.rs;crates/reify-eval/tests/geometry_handle_value_cell_e2e.rs;crates/reify-expr/src/lib.rs;examples/solid-param-direct.ri
reify,3780,high,2026-05-28T00:52:34.122406+00:00,2026-05-28T07:00:11.730712+00:00,6.1271,used,2,1,0,12.254,0.825,0.064,0,crates/reify-compiler/stdlib;crates/reify-eval/src
reify,3792,high,2026-05-28T07:00:13.456081+00:00,2026-05-28T07:10:25.076145+00:00,0.1699,used,8,1,0,1.359,0.962,0.858,0,crates/reify-compiler/src/stdlib_loader.rs;crates/reify-compiler/stdlib/tensegrity.ri;crates/reify-compiler/tests/tensegrity_stdlib_tests.rs;crates/reify-eval/tests/golden;crates/reify-eval/tests/tensegrity_t0a.rs;crates/reify-stdlib/src/lib.rs;crates/reify-stdlib/src/tensegrity.rs;examples/tensegrity_t_prism.ri
reify,3805,high,2026-05-28T07:10:27.022684+00:00,2026-05-28T07:46:48.576170+00:00,0.6060,used,10,1,0,6.060,3.695,0.001,0,crates/reify-compiler/src/expr.rs;crates/reify-compiler/tests/value_pow_compile_tests.rs;crates/reify-core/src/diagnostics.rs;crates/reify-eval/tests/value_pow_eval_tests.rs;crates/reify-syntax/tests/value_pow_lowering_tests.rs;tree-sitter-reify/grammar.js;tree-sitter-reify/src/grammar.json;tree-sitter-reify/src/node-types.json;tree-sitter-reify/src/parser.c;tree-sitter-reify/test/corpus/value_pow.txt
reify,3806,high,2026-05-28T07:46:50.568678+00:00,2026-05-28T15:00:36.958192+00:00,7.2296,era_death,3,1,0,21.689,14.110,3.491,0,crates/reify-compiler/src;crates/reify-eval/src;examples/auto_binding_sites.ri
reify,3605,high,2026-05-28T18:30:07.003122+00:00,2026-05-28T18:30:16.195759+00:00,0.0026,used,13,1,0,0.033,0.021,0.003,0,crates/reify-compiler/Cargo.toml;crates/reify-compiler/src/entity.rs;crates/reify-compiler/src/geometry.rs;crates/reify-compiler/src/guards.rs;crates/reify-compiler/src/units.rs;crates/reify-compiler/tests/cross_sub_geometry_diagnostic_tests.rs;crates/reify-compiler/tests/solid_param_tests.rs;crates/reify-eval/src/engine_build.rs;crates/reify-eval/src/engine_eval.rs;crates/reify-eval/tests/cross_sub_geometry_e2e.rs;crates/reify-eval/tests/geometry_handle_value_cell_e2e.rs;crates/reify-expr/src/lib.rs;examples/solid-param-direct.ri
reify,3806,high,2026-05-28T18:30:19.915123+00:00,2026-05-28T18:30:27.175882+00:00,0.0020,used,3,1,0,0.006,0.002,18.395,0,crates/reify-compiler/src;crates/reify-eval/src;examples/auto_binding_sites.ri
reify,3819,high,2026-05-28T18:30:29.114848+00:00,2026-05-28T21:35:17.291651+00:00,3.0800,era_death,4,1,0,12.320,11.596,15.549,0,crates/reify-eval/src/lib.rs;crates/reify-eval/src/modal_ops.rs;crates/reify-stdlib/src/lib.rs;crates/reify-stdlib/src/modal
reify,3454,high,2026-05-29T12:54:08.807865+00:00,2026-05-29T13:08:11.932816+00:00,0.2342,used,4,1,0,0.937,0.468,0.090,0,crates/reify-compiler/stdlib;crates/reify-eval/src;crates/reify-eval/tests;examples
reify,3594,high,2026-05-29T13:08:13.524093+00:00,2026-05-29T13:13:37.029273+00:00,0.0899,used,2,1,0,0.180,0.000,0.338,0,crates/reify-eval/src/engine_build.rs;crates/reify-solver-elastic/src/shell_result.rs
reify,3596,high,2026-05-29T13:13:38.209147+00:00,2026-05-29T13:33:53.250793+00:00,0.3375,used,3,1,0,1.013,0.169,0.283,0,crates/reify-eval/src;crates/reify-eval/src/engine_build.rs;crates/reify-eval/tests
reify,3610,high,2026-05-29T13:33:58.690672+00:00,2026-05-29T13:50:53.611368+00:00,0.2819,used,4,1,0,1.128,0.282,0.348,0,crates/reify-eval/src/geometry_ops.rs;crates/reify-eval/tests;crates/reify-kernel-manifold/src/queries.rs;examples/kernel_queries/distance_box_point.ri
reify,3611,high,2026-05-29T13:50:55.511029+00:00,2026-05-29T14:11:45.755667+00:00,0.3473,used,6,1,0,2.084,1.042,0.265,0,crates/reify-eval/src/geometry_ops.rs;crates/reify-kernel-manifold/src/queries.rs;crates/reify-kernel-occt/src/ffi.rs;crates/reify-kernel-occt/src/lib.rs;crates/reify-types/src/geometry.rs;examples/kernel_queries/contains_box.ri
reify,3612,high,2026-05-29T14:11:47.080035+00:00,2026-05-29T14:27:40.232196+00:00,0.2648,used,3,1,0,0.794,0.000,0.128,0,crates/reify-eval/src/geometry_ops.rs;crates/reify-kernel-manifold/src/queries.rs;examples/kernel_queries/intersects_smoke.ri
reify,3613,high,2026-05-29T14:27:43.502900+00:00,2026-05-29T14:35:19.442190+00:00,0.1266,used,7,1,0,0.887,0.127,0.327,0,crates/reify-eval/src/geometry_ops.rs;crates/reify-kernel-manifold/src/queries.rs;crates/reify-kernel-occt/src/ffi.rs;crates/reify-kernel-occt/src/lib.rs;crates/reify-kernel-occt/tests/geo_equiv.rs;crates/reify-types/src/geometry.rs;examples/kernel_queries/geo_equiv_smoke.ri
reify,3615,high,2026-05-29T14:35:21.799129+00:00,2026-05-29T14:54:56.067519+00:00,0.3262,used,3,1,0,0.979,0.000,0.287,0,crates/reify-eval/src/geometry_ops.rs;crates/reify-kernel-occt/src/lib.rs;examples/kernel_queries/normal_smoke.ri
reify,3620,high,2026-05-29T14:54:59.633860+00:00,2026-05-29T15:12:09.520422+00:00,0.2861,used,3,1,0,0.858,0.000,6.129,0,crates/reify-eval/src/geometry_ops.rs;crates/reify-kernel-occt/src/lib.rs;examples/kernel_queries/moment_of_inertia_box.ri
reify,3780,high,2026-05-29T15:12:10.335738+00:00,2026-05-29T21:36:02.287100+00:00,6.3978,silent_owner_dispatch_then_release,2,1,1,12.796,0.029,10.332,71,crates/reify-compiler/stdlib;crates/reify-eval/src
reify,3616,high,2026-05-29T21:18:20.774732+00:00,2026-05-30T07:55:58.927938+00:00,10.6273,used,3,1,0,31.882,0.000,11.871,0,crates/reify-eval/tests/topology_selectors_tests.rs;examples/kernel_queries/box_edges.ri;examples/kernel_queries/box_faces.ri
reify,3781,high,2026-05-30T07:55:59.562778+00:00,2026-05-30T09:59:29.136913+00:00,2.0582,era_death,2,1,0,4.116,0.000,0.025,0,crates/reify-eval/src;crates/reify-solver-elastic/src
reify,3611,high,2026-05-30T10:01:02.272040+00:00,2026-05-30T10:03:46.497941+00:00,0.0456,era_death,11,1,0,0.502,0.456,1.385,0,crates/reify-eval/src/geometry_ops.rs;crates/reify-eval/tests/kernel_queries_contains.rs;crates/reify-ir/src/geometry.rs;crates/reify-kernel-occt/cpp/occt_wrapper.cpp;crates/reify-kernel-occt/cpp/occt_wrapper.h;crates/reify-kernel-occt/src/ffi.rs;crates/reify-kernel-occt/src/lib.rs;crates/reify-kernel-occt/src/stubs.rs;crates/reify-kernel-occt/tests/contains.rs;crates/reify-test-support/src/mocks.rs;examples/kernel_queries/contains_box.ri
reify,3613,high,2026-05-30T10:04:27.168766+00:00,2026-05-30T11:26:51.633859+00:00,1.3735,used,9,1,0,12.361,2.750,1.328,0,crates/reify-eval/src/geometry_ops.rs;crates/reify-ir/src/geometry.rs;crates/reify-kernel-occt/cpp/occt_wrapper.cpp;crates/reify-kernel-occt/cpp/occt_wrapper.h;crates/reify-kernel-occt/src/ffi.rs;crates/reify-kernel-occt/src/lib.rs;crates/reify-kernel-occt/tests/geo_equiv.rs;crates/reify-test-support/src/mocks.rs;examples/kernel_queries/geo_equiv_smoke.ri
reify,3615,high,2026-05-30T11:26:53.161466+00:00,2026-05-30T12:46:31.411037+00:00,1.3273,used,12,1,0,15.927,6.145,2.130,0,crates/reify-compiler/src/units.rs;crates/reify-eval/src/geometry_ops.rs;crates/reify-eval/tests/kernel_queries_normal_smoke.rs;crates/reify-ir/src/geometry.rs;crates/reify-kernel-occt/cpp/occt_wrapper.cpp;crates/reify-kernel-occt/cpp/occt_wrapper.h;crates/reify-kernel-occt/src/ffi.rs;crates/reify-kernel-occt/src/lib.rs;crates/reify-kernel-occt/src/stubs.rs;crates/reify-kernel-occt/tests/face_differential_integration.rs;crates/reify-test-support/src/mocks.rs;examples/kernel_queries/normal_smoke.ri
reify,3616,high,2026-05-30T12:46:33.510182+00:00,2026-05-30T14:54:18.048626+00:00,2.1290,used,5,1,0,10.645,8.516,2.705,0,crates/reify-eval/src/geometry_ops.rs;crates/reify-eval/src/topology_selectors.rs;crates/reify-eval/tests/topology_selectors_tests.rs;examples/kernel_queries/box_edges.ri;examples/kernel_queries/box_faces.ri
reify,3781,high,2026-05-30T14:54:19.514652+00:00,2026-05-30T17:36:36.595060+00:00,2.7047,used,2,1,0,5.409,0.000,2.193,0,crates/reify-eval/src;crates/reify-solver-elastic/src
reify,3617,high,2026-05-30T18:44:30.257491+00:00,2026-05-30T20:01:53.638600+00:00,1.2898,used,1,1,0,1.290,1.290,17.078,0,examples/kernel_queries/filtered_edges.ri
reify,3618,high,2026-05-30T20:01:54.963496+00:00,2026-05-30T20:12:05.058288+00:00,0.1695,used,2,1,0,0.339,0.169,3.090,0,crates/reify-eval/src/geometry_ops.rs;examples/kernel_queries/directional_selectors.ri
reify,3619,high,2026-05-30T20:12:06.676644+00:00,2026-05-30T23:17:29.060946+00:00,3.0896,used,2,1,0,6.179,3.090,2.249,0,crates/reify-eval/src/geometry_ops.rs;examples/kernel_queries/adjacent_faces.ri
reify,3621,high,2026-05-30T23:17:32.174091+00:00,2026-05-31T01:32:25.109357+00:00,2.2480,used,5,1,0,11.240,8.992,1.870,0,crates/reify-eval/src/geometry_ops.rs;crates/reify-kernel-occt/src/ffi.rs;crates/reify-kernel-occt/src/lib.rs;crates/reify-types/src/geometry.rs;examples/kernel_queries/curvature_smoke.ri
reify,3622,high,2026-05-31T01:32:26.334096+00:00,2026-05-31T03:24:37.887307+00:00,1.8699,used,2,1,0,3.740,1.870,1.411,0,crates/reify-eval/src/geometry_ops.rs;examples/kernel_queries/length_perimeter.ri
reify,3806,high,2026-05-31T03:24:40.520773+00:00,2026-05-31T04:49:16.360635+00:00,1.4100,used,3,1,0,4.230,1.410,3.474,0,crates/reify-compiler/src;crates/reify-eval/src;examples/auto_binding_sites.ri
reify,3901,high,2026-05-31T04:49:16.870308+00:00,2026-05-31T08:17:41.603278+00:00,3.4735,used,5,1,0,17.368,6.948,0.001,0,crates/reify-compiler/src/types.rs;crates/reify-eval/src;crates/reify-eval/src/geometry_ops.rs;crates/reify-kernel-occt/src;crates/reify-kernel-occt/src/ffi.rs
reify,3902,high,2026-05-31T08:17:42.254058+00:00,2026-05-31T08:17:45.562559+00:00,0.0009,used,1,1,0,0.001,0.000,4.810,0,crates/reify-eval/src/geometry_ops.rs
reify,3997,high,2026-05-31T08:17:49.047999+00:00,2026-05-31T10:27:26.658658+00:00,2.1604,used,27,1,0,58.332,45.371,0.244,0,crates/reify-compiler/src/entity.rs;crates/reify-compiler/src/lib.rs;crates/reify-compiler/src/traits.rs;crates/reify-compiler/src/types.rs;crates/reify-compiler/tests/boundary2_producer.rs;crates/reify-compiler/tests/objective_set_lowering.rs;crates/reify-compiler/tests/purpose_compile_tests.rs;crates/reify-constraints/src/registry.rs;crates/reify-constraints/src/solver.rs;crates/reify-constraints/tests/registry_tests.rs;crates/reify-constraints/tests/solver_integration.rs;crates/reify-constraints/tests/solver_tracing.rs;crates/reify-doc-build/src/build.rs;crates/reify-eval/src/concurrent.rs;crates/reify-eval/src/engine_eval.rs;crates/reify-eval/src/engine_purposes.rs;crates/reify-eval/src/lib.rs;crates/reify-eval/tests/edit_source.rs;crates/reify-eval/tests/fixtures;crates/reify-eval/tests/objective_set_signal.rs;crates/reify-eval/tests/purpose_activation.rs;crates/reify-eval/tests/resolution.rs;crates/reify-ir/src/constraint.rs;crates/reify-ir/src/lib.rs;crates/reify-ir/tests/api_surface.rs;crates/reify-ir/tests/objective_set.rs;crates/reify-test-support/src/builders
reify,3903,high,2026-05-31T13:06:20.608063+00:00,2026-05-31T17:55:53.175184+00:00,4.8257,used,1,1,0,4.826,4.026,0.265,0,crates/reify-eval/src/lib.rs
reify,3829,high,2026-05-31T17:56:00.194892+00:00,2026-05-31T18:11:48.027822+00:00,0.2633,used,9,1,0,2.370,1.053,2.890,0,crates/reify-compiler/stdlib/dynamics.ri;crates/reify-compiler/tests/dynamics_stdlib_compile.rs;crates/reify-core/src/diagnostics.rs;crates/reify-eval/src/dynamics_ops.rs;crates/reify-eval/src/engine_build.rs;crates/reify-eval/src/lib.rs;crates/reify-eval/tests/dynamics_body_mass_props.rs;crates/reify-stdlib/src/dynamics;crates/reify-stdlib/src/lib.rs
reify,3794,high,2026-05-30T17:36:38.025918+00:00,2026-05-31T18:11:49.352630+00:00,24.5865,reinstall_anomaly,3,1,1,73.759,0.000,0.000,4838,crates/reify-compiler/stdlib;crates/reify-eval/src;crates/reify-solver-elastic/src
reify,3794,high,2026-05-31T18:11:49.352630+00:00,2026-05-31T19:55:39.098316+00:00,1.7305,used,6,250,0,10.383,3.461,8.811,0,crates/reify-compiler/stdlib/tensegrity.ri;crates/reify-eval/src/compute_targets;crates/reify-eval/tests/tensegrity_t1a_form_find.rs;crates/reify-solver-elastic/src/form_find.rs;crates/reify-solver-elastic/src/lib.rs;examples/tensegrity_cable_net.ri
reify,3594,high,2026-05-31T19:55:47.219652+00:00,2026-05-31T21:16:05.934000+00:00,1.3385,evicted,7,1,0,9.370,1.339,0.433,1,crates/reify-eval/src/compute_targets;crates/reify-eval/src/engine_eval.rs;crates/reify-eval/tests/shell_solve_e2e.rs;crates/reify-solver-elastic/src/lib.rs;crates/reify-solver-elastic/src/shell_result.rs;crates/reify-solver-elastic/src/shell_solve.rs;examples/fea_shell_flexure.ri
reify,3997,critical,2026-05-31T21:16:05.933188+00:00,2026-05-31T21:47:19.663041+00:00,0.5205,reinstall_anomaly,9,1,1,4.684,0.433,6.950,35,crates/reify-compiler/src/entity.rs;crates/reify-compiler/src/traits.rs;crates/reify-compiler/src/types.rs;crates/reify-constraints/src/registry.rs;crates/reify-eval/src/concurrent.rs;crates/reify-eval/src/engine_edit.rs;crates/reify-eval/src/engine_eval.rs;crates/reify-eval/src/engine_purposes.rs;crates/reify-ir/src/constraint.rs
reify,4048,high,2026-05-31T10:27:31.821315+00:00,2026-06-01T00:52:50.545691+00:00,14.4219,silent_owner_dispatch_then_release,8,1,1,115.375,13.755,0.000,1752,crates/reify-eval/src/dispatcher.rs;crates/reify-eval/src/engine_admin.rs;crates/reify-eval/src/engine_build.rs;crates/reify-eval/src/geometry_ops.rs;crates/reify-eval/src/realization_cache.rs;crates/reify-eval/tests/tolerance_wiring_e2e.rs;crates/reify-ir/src/geometry.rs;crates/reify-ir/src/lib.rs
reify,3997,critical,2026-05-31T21:47:19.663041+00:00,2026-06-01T04:44:08.769714+00:00,6.9470,gc_terminal:done,32,83,1,222.303,24.252,0.003,0,crates/reify-compiler/src/compile_builder;crates/reify-compiler/src/entity.rs;crates/reify-compiler/src/lib.rs;crates/reify-compiler/src/traits.rs;crates/reify-compiler/src/types.rs;crates/reify-compiler/tests/boundary2_producer.rs;crates/reify-compiler/tests/fn_arg_trait_conformance_tests.rs;crates/reify-compiler/tests/objective_set_lowering.rs;crates/reify-compiler/tests/purpose_compile_tests.rs;crates/reify-constraints/src/decompose.rs;crates/reify-constraints/src/registry.rs;crates/reify-constraints/src/solver.rs;crates/reify-constraints/tests/registry_tests.rs;crates/reify-constraints/tests/solver_integration.rs;crates/reify-constraints/tests/solver_tracing.rs;crates/reify-doc-build/src/build.rs;crates/reify-eval/src/concurrent.rs;crates/reify-eval/src/engine_admin.rs;crates/reify-eval/src/engine_edit.rs;crates/reify-eval/src/engine_eval.rs;crates/reify-eval/src/engine_purposes.rs;crates/reify-eval/src/lib.rs;crates/reify-eval/tests/edit_source.rs;crates/reify-eval/tests/fixtures;crates/reify-eval/tests/objective_set_signal.rs;crates/reify-eval/tests/purpose_activation.rs;crates/reify-eval/tests/resolution.rs;crates/reify-ir/src/constraint.rs;crates/reify-ir/src/lib.rs;crates/reify-ir/tests/api_surface.rs;crates/reify-ir/tests/objective_set.rs;crates/reify-test-support/src/builders
reify,3598,high,2026-06-01T09:23:17.317903+00:00,2026-06-01T10:05:28.486497+00:00,0.7031,used,2,1,0,1.406,0.703,0.303,0,gui/src-tauri/src/engine.rs;gui/src-tauri/src/tests
reify,3904,high,2026-06-01T10:05:29.710311+00:00,2026-06-01T10:23:38.619340+00:00,0.3025,used,2,1,0,0.605,0.302,12.174,0,gui/src;gui/src-tauri/src
reify,3906,high,2026-06-01T10:23:40.535855+00:00,2026-06-01T10:26:07.769083+00:00,0.0409,used,2,1,0,0.082,0.041,1.676,0,crates/reify-eval/src/geometry_ops.rs;crates/reify-stdlib/src/snapshot.rs
reify,4016,high,2026-06-01T10:26:09.177210+00:00,2026-06-01T12:07:01.103429+00:00,1.6811,used,4,1,0,6.724,1.681,1.508,0,crates/reify-cli/tests;crates/reify-compiler/src/stdlib_loader.rs;crates/reify-compiler/stdlib/determinacy_purposes.ri;crates/reify-eval/tests
reify,4013,high,2026-06-01T12:07:03.224920+00:00,2026-06-01T22:34:05.091609+00:00,10.4505,gc_terminal:done,5,1,1,52.253,8.349,0.000,1976,crates/reify-constraints/src/solver.rs;crates/reify-eval/src/engine_admin.rs;crates/reify-eval/src/engine_eval.rs;crates/reify-eval/src/lib.rs;crates/reify-eval/tests/centrality_default.rs
reify,3437,high,2026-06-01T13:37:31.624144+00:00,2026-06-02T13:26:18.481769+00:00,23.8130,era_death,2,1,0,47.626,47.626,4.250,0,crates/reify-kernel-manifold/src/kernel.rs;examples/multi_kernel/manifold_boolean.ri
reify,2699,high,2026-06-02T08:12:08.425390+00:00,2026-06-02T13:26:18.481769+00:00,5.2361,era_death,7,1,0,36.653,15.709,0.530,1155,crates/reify-compiler/src/units.rs;crates/reify-eval/src/geometry_ops.rs;crates/reify-eval/tests;crates/reify-kernel-occt/src/lib.rs;crates/reify-types/src/geometry.rs;docs/prds/topology-selectors.md;examples/topology_selectors
reify,3437,high,2026-06-02T13:58:09.611800+00:00,2026-06-02T14:23:23.242597+00:00,0.4205,used,3,1,0,1.261,0.841,0.183,0,crates/reify-eval/tests;crates/reify-kernel-manifold/src/kernel.rs;examples/multi_kernel/manifold_boolean.ri
reify,3599,high,2026-06-02T14:23:24.799230+00:00,2026-06-02T14:34:21.516753+00:00,0.1824,used,2,1,0,0.365,0.182,2.794,0,crates/reify-eval/tests;examples/shells/thin_walled_bracket.ri
reify,3908,high,2026-06-02T14:34:22.582669+00:00,2026-06-03T04:32:17.545518+00:00,13.9653,used,3,1,0,41.896,13.965,0.205,0,crates/reify-cli/src;crates/reify-eval/src;examples
reify,4156,high,2026-06-03T04:32:18.315486+00:00,2026-06-03T10:57:09.381547+00:00,6.4142,used,16,1,0,102.627,57.326,21.102,0,crates/reify-compiler/src/geometry.rs;crates/reify-compiler/src/geometry_traits_inference.rs;crates/reify-compiler/src/types.rs;crates/reify-compiler/src/units.rs;crates/reify-eval/src/engine_build.rs;crates/reify-eval/src/geometry_ops.rs;crates/reify-eval/src/primitive_attribute_seed.rs;crates/reify-eval/tests/cone_primitive_e2e.rs;crates/reify-eval/tests/topology_attribute_primitives_direct.rs;crates/reify-ir/src/geometry.rs;crates/reify-kernel-occt/cpp/occt_wrapper.cpp;crates/reify-kernel-occt/cpp/occt_wrapper.h;crates/reify-kernel-occt/src/ffi.rs;crates/reify-kernel-occt/src/lib.rs;crates/reify-kernel-occt/src/register.rs;crates/reify-kernel-occt/tests/inventory_registration.rs
reify,4320,critical,2026-06-03T14:44:34.798527+00:00,2026-06-03T15:01:11.081392+00:00,0.2767,used,4,1,0,1.107,0.553,13.387,0,gui/src-tauri/src/commands.rs;gui/src/App.tsx;gui/src/editor/Editor.tsx;gui/src/stores/editorStore.ts
reify,4320,critical,2026-06-03T15:11:17.742476+00:00,2026-06-03T22:09:03.311212+00:00,6.9627,used,6,1,0,41.776,27.852,6.256,0,gui/src/App.tsx;gui/src/__tests__/App.test.tsx;gui/src/__tests__/Editor.test.tsx;gui/src/__tests__/editorStore.test.ts;gui/src/editor/Editor.tsx;gui/src/stores/editorStore.ts
reify,4157,high,2026-06-03T10:57:12.562641+00:00,2026-06-04T10:35:37.096963+00:00,23.6401,silent_owner_dispatch_then_release,15,1,1,354.602,0.003,0.053,3124,crates/reify-compiler/src/geometry.rs;crates/reify-compiler/src/geometry_traits_inference.rs;crates/reify-compiler/src/types.rs;crates/reify-compiler/src/units.rs;crates/reify-eval/src/engine_build.rs;crates/reify-eval/src/geometry_ops.rs;crates/reify-eval/src/primitive_attribute_seed.rs;crates/reify-eval/tests/topology_attribute_primitives_direct.rs;crates/reify-ir/src/geometry.rs;crates/reify-kernel-occt/cpp/occt_wrapper.cpp;crates/reify-kernel-occt/cpp/occt_wrapper.h;crates/reify-kernel-occt/src/ffi.rs;crates/reify-kernel-occt/src/lib.rs;crates/reify-kernel-occt/src/register.rs;crates/reify-kernel-occt/tests/inventory_registration.rs
reify,3205,high,2026-06-03T12:04:01.792685+00:00,2026-06-04T10:35:37.219523+00:00,22.5265,era_death,11,1,0,247.792,202.739,8.218,0,crates/reify-compiler/src/geometry_modify.rs;crates/reify-core/src/diagnostics.rs;crates/reify-eval/src/sweep_classifier.rs;crates/reify-eval/tests/boundary4_geometry.rs;crates/reify-eval/tests/fillet_e2e.rs;crates/reify-eval/tests/topology_selector_smoke_tests.rs;crates/reify-kernel-fidget/src/kernel.rs;crates/reify-kernel-occt/src/handle.rs;crates/reify-kernel-occt/tests/fillet_curated_edges_integration.rs;crates/reify-kernel-occt/tests/topology_extract_integration.rs;crates/reify-test-support/src/mocks.rs
reify,4156,high,2026-06-04T10:38:54.486321+00:00,2026-06-04T18:48:38.010092+00:00,8.1621,used,17,1,0,138.756,65.309,15.556,0,crates/reify-compiler/src/geometry.rs;crates/reify-compiler/src/geometry_traits_inference.rs;crates/reify-compiler/src/types.rs;crates/reify-compiler/src/units.rs;crates/reify-compiler/tests/geometry_traits_inference_tests.rs;crates/reify-eval/src/engine_build.rs;crates/reify-eval/src/geometry_ops.rs;crates/reify-eval/src/primitive_attribute_seed.rs;crates/reify-eval/tests/cone_primitive_e2e.rs;crates/reify-eval/tests/topology_attribute_primitives_direct.rs;crates/reify-ir/src/geometry.rs;crates/reify-kernel-occt/cpp/occt_wrapper.cpp;crates/reify-kernel-occt/cpp/occt_wrapper.h;crates/reify-kernel-occt/src/ffi.rs;crates/reify-kernel-occt/src/lib.rs;crates/reify-kernel-occt/src/register.rs;crates/reify-kernel-occt/tests/inventory_registration.rs
reify,4157,high,2026-06-04T18:48:43.213690+00:00,2026-06-04T21:27:18.394493+00:00,2.6431,era_death,15,1,0,39.647,0.004,0.035,0,crates/reify-compiler/src/geometry.rs;crates/reify-compiler/src/geometry_traits_inference.rs;crates/reify-compiler/src/types.rs;crates/reify-compiler/src/units.rs;crates/reify-eval/src/engine_build.rs;crates/reify-eval/src/geometry_ops.rs;crates/reify-eval/src/primitive_attribute_seed.rs;crates/reify-eval/tests/topology_attribute_primitives_direct.rs;crates/reify-ir/src/geometry.rs;crates/reify-kernel-occt/cpp/occt_wrapper.cpp;crates/reify-kernel-occt/cpp/occt_wrapper.h;crates/reify-kernel-occt/src/ffi.rs;crates/reify-kernel-occt/src/lib.rs;crates/reify-kernel-occt/src/register.rs;crates/reify-kernel-occt/tests/inventory_registration.rs
reify,4157,high,2026-06-04T21:29:26.345377+00:00,2026-06-05T10:22:01.206856+00:00,12.8764,used,15,1,0,193.145,0.004,0.003,0,crates/reify-compiler/src/geometry.rs;crates/reify-compiler/src/geometry_traits_inference.rs;crates/reify-compiler/src/types.rs;crates/reify-compiler/src/units.rs;crates/reify-eval/src/engine_build.rs;crates/reify-eval/src/geometry_ops.rs;crates/reify-eval/src/primitive_attribute_seed.rs;crates/reify-eval/tests/topology_attribute_primitives_direct.rs;crates/reify-ir/src/geometry.rs;crates/reify-kernel-occt/cpp/occt_wrapper.cpp;crates/reify-kernel-occt/cpp/occt_wrapper.h;crates/reify-kernel-occt/src/ffi.rs;crates/reify-kernel-occt/src/lib.rs;crates/reify-kernel-occt/src/register.rs;crates/reify-kernel-occt/tests/inventory_registration.rs
reify,4158,high,2026-06-05T10:22:02.805365+00:00,2026-06-05T10:22:12.468175+00:00,0.0027,used,15,1,0,0.040,0.023,8.840,0,crates/reify-compiler/src/geometry.rs;crates/reify-compiler/src/geometry_traits_inference.rs;crates/reify-compiler/src/types.rs;crates/reify-compiler/src/units.rs;crates/reify-eval/src/engine_build.rs;crates/reify-eval/src/geometry_ops.rs;crates/reify-eval/src/primitive_attribute_seed.rs;crates/reify-eval/tests/wedge_e2e.rs;crates/reify-ir/src/geometry.rs;crates/reify-kernel-occt/cpp/occt_wrapper.cpp;crates/reify-kernel-occt/cpp/occt_wrapper.h;crates/reify-kernel-occt/src/ffi.rs;crates/reify-kernel-occt/src/lib.rs;crates/reify-kernel-occt/src/register.rs;crates/reify-kernel-occt/tests/inventory_registration.rs
reify,4160,high,2026-06-05T10:22:17.400536+00:00,2026-06-05T19:12:34.729848+00:00,8.8381,used,16,1,0,141.410,35.355,4.127,0,crates/reify-compiler/src/geometry.rs;crates/reify-compiler/src/geometry_traits_inference.rs;crates/reify-compiler/src/types.rs;crates/reify-compiler/src/units.rs;crates/reify-compiler/tests/geometry_profile_precondition_tests.rs;crates/reify-compiler/tests/geometry_traits_inference_tests.rs;crates/reify-eval/src/deps.rs;crates/reify-eval/src/engine_build.rs;crates/reify-eval/src/geometry_ops.rs;crates/reify-eval/tests/profile_2d_e2e.rs;crates/reify-ir/src/geometry.rs;crates/reify-kernel-occt/cpp/occt_wrapper.cpp;crates/reify-kernel-occt/cpp/occt_wrapper.h;crates/reify-kernel-occt/src/ffi.rs;crates/reify-kernel-occt/src/lib.rs;crates/reify-kernel-occt/src/register.rs
reify,4161,high,2026-06-05T19:12:36.125680+00:00,2026-06-05T23:20:10.468893+00:00,4.1262,used,14,1,0,57.767,4.134,0.206,0,crates/reify-compiler/src/geometry.rs;crates/reify-compiler/src/geometry_traits_inference.rs;crates/reify-compiler/src/types.rs;crates/reify-compiler/src/units.rs;crates/reify-compiler/tests/geometry_traits_inference_tests.rs;crates/reify-eval/src/engine_build.rs;crates/reify-eval/src/geometry_ops.rs;crates/reify-eval/tests/profile_constructors_e2e.rs;crates/reify-ir/src/geometry.rs;crates/reify-kernel-occt/cpp/occt_wrapper.cpp;crates/reify-kernel-occt/cpp/occt_wrapper.h;crates/reify-kernel-occt/src/ffi.rs;crates/reify-kernel-occt/src/lib.rs;crates/reify-kernel-occt/src/register.rs
reify,3437,high,2026-06-06T11:58:33.845484+00:00,2026-06-06T12:09:59.454794+00:00,0.1904,used,2,1,0,0.381,0.381,74.794,0,crates/reify-eval/Cargo.toml;examples/multi_kernel/manifold_boolean.ri
reify,4170,high,2026-06-06T12:10:03.622929+00:00,2026-06-06T13:13:28.546120+00:00,1.0569,used,3,1,0,3.171,0.057,0.206,0,crates/reify-compiler/src/geometry.rs;crates/reify-eval/src/geometry_ops.rs;crates/reify-eval/tests
reify,4189,high,2026-06-06T13:13:30.708091+00:00,2026-06-07T00:43:24.797451+00:00,11.4984,used,7,1,0,80.489,24.682,0.308,0,crates/reify-compiler/src/geometry.rs;crates/reify-compiler/src/units.rs;crates/reify-eval/src/geometry_ops.rs;crates/reify-ir/src/geometry.rs;crates/reify-kernel-occt/cpp/occt_wrapper.cpp;crates/reify-kernel-occt/src/ffi.rs;crates/reify-kernel-occt/src/lib.rs
reify,4190,high,2026-06-07T00:43:27.656785+00:00,2026-06-07T01:01:52.921116+00:00,0.3070,used,8,1,0,2.456,0.000,4.234,0,crates/reify-compiler/src/geometry.rs;crates/reify-compiler/src/units.rs;crates/reify-eval/src/geometry_ops.rs;crates/reify-ir/src/geometry.rs;crates/reify-kernel-occt/cpp/occt_wrapper.cpp;crates/reify-kernel-occt/cpp/occt_wrapper.h;crates/reify-kernel-occt/src/ffi.rs;crates/reify-kernel-occt/src/lib.rs
reify,4197,high,2026-06-07T01:01:54.563088+00:00,2026-06-07T04:33:17.254476+00:00,3.5230,used,5,1,0,17.615,13.136,0.250,0,crates/reify-cli/tests;crates/reify-compiler/src/expr.rs;crates/reify-compiler/src/traits.rs;crates/reify-eval/tests;examples/determinacy_intrinsics.ri
reify,4219,high,2026-06-07T04:33:19.712378+00:00,2026-06-07T10:08:28.651877+00:00,5.5858,used,6,1,0,33.515,27.221,2.226,0,crates/reify-compiler/src/expr.rs;crates/reify-compiler/src/units.rs;crates/reify-compiler/tests/field_op_typing_tests.rs;crates/reify-expr/src/lib.rs;crates/reify-expr/tests/field_op_dispatch_tests.rs;crates/reify-ir/src/value.rs
reify,4260,high,2026-06-07T10:08:29.725781+00:00,2026-06-07T13:08:33.722941+00:00,3.0011,used,2,1,0,6.002,3.001,0.312,0,crates/reify-eval/tests;examples/stdlib/ports_breadth.ri
reify,4231,high,2026-06-07T13:08:36.474563+00:00,2026-06-07T14:33:35.550362+00:00,1.4164,used,5,1,0,7.082,4.250,4.076,0,crates/reify-compiler/src/expr.rs;crates/reify-compiler/src/type_compat.rs;crates/reify-compiler/src/type_resolution.rs;crates/reify-compiler/tests/fn_generic_call_inference_tests.rs;crates/reify-core/src/diagnostics.rs
reify,4198,high,2026-06-07T14:33:39.891685+00:00,2026-06-07T18:38:12.981204+00:00,4.0759,used,13,1,0,52.986,40.634,4.457,0,crates/reify-eval/src/engine_admin.rs;crates/reify-eval/src/engine_build.rs;crates/reify-eval/src/geometry_ops.rs;crates/reify-eval/src/lib.rs;crates/reify-eval/tests/achieved_repr_tol.rs;crates/reify-ir/src/geometry.rs;crates/reify-kernel-occt/cpp/occt_wrapper.cpp;crates/reify-kernel-occt/cpp/occt_wrapper.h;crates/reify-kernel-occt/src/ffi.rs;crates/reify-kernel-occt/src/handle.rs;crates/reify-kernel-occt/src/lib.rs;crates/reify-kernel-occt/src/stubs.rs;crates/reify-kernel-occt/tests/mesh_deviation.rs
reify,4157,high,2026-06-07T18:38:16.401443+00:00,2026-06-08T00:30:25.872553+00:00,5.8693,silent_owner_dispatch_then_release,15,1,1,88.039,22.296,0.001,550,crates/reify-compiler/src/geometry.rs;crates/reify-compiler/src/geometry_traits_inference.rs;crates/reify-compiler/src/types.rs;crates/reify-compiler/src/units.rs;crates/reify-eval/src/engine_build.rs;crates/reify-eval/src/geometry_ops.rs;crates/reify-eval/src/primitive_attribute_seed.rs;crates/reify-eval/tests/topology_attribute_primitives_direct.rs;crates/reify-ir/src/geometry.rs;crates/reify-kernel-occt/cpp/occt_wrapper.cpp;crates/reify-kernel-occt/cpp/occt_wrapper.h;crates/reify-kernel-occt/src/ffi.rs;crates/reify-kernel-occt/src/lib.rs;crates/reify-kernel-occt/src/register.rs;crates/reify-kernel-occt/tests/inventory_registration.rs
reify,4199,high,2026-06-07T23:05:13.158652+00:00,2026-06-08T00:30:28.489157+00:00,1.4209,used,4,1,0,5.684,5.684,23.563,0,crates/reify-cli/src/main.rs;crates/reify-eval/src/engine_constraints.rs;crates/reify-eval/src/tolerance_combine.rs;examples/representation_within.ri
reify,4200,high,2026-06-08T09:32:39.086626+00:00,2026-06-08T11:36:39.039768+00:00,2.0667,evicted,3,1,0,6.200,4.133,0.005,1,crates/reify-cli/tests;crates/reify-eval/tests;docs/reify-stdlib-reference.md
reify,4233,high,2026-06-07T21:40:06.646754+00:00,2026-06-08T11:36:39.041894+00:00,13.9423,evicted,3,1,0,41.827,27.885,0.005,1,crates/reify-compiler/tests;crates/reify-expr/src;examples/generics
reify,4372,critical,2026-06-08T11:36:39.038101+00:00,2026-06-08T16:01:30.279163+00:00,4.4142,silent_owner_dispatch_then_release,111,1,1,489.980,90.226,0.000,689,crates/reify-ast/src/decl.rs;crates/reify-cli/tests/cli_lsp_protocol.rs;crates/reify-cli/tests/corpus_no_bare_scalar.rs;crates/reify-cli/tests/fixtures;crates/reify-compiler/src/compile_builder;crates/reify-compiler/src/geometry.rs;crates/reify-compiler/src/geometry_modify.rs;crates/reify-compiler/tests/boolean_arg_cross_sub_diagnostic_tests.rs;crates/reify-compiler/tests/boundary1_consumer.rs;crates/reify-compiler/tests/boundary2_producer.rs;crates/reify-compiler/tests/chained_comparison_tests.rs;crates/reify-compiler/tests/collection_sub_tests.rs;crates/reify-compiler/tests/compile_api_tests.rs;crates/reify-compiler/tests/constant_compile_tests.rs;crates/reify-compiler/tests/diagnostic_coverage_checkpoint.rs;crates/reify-compiler/tests/expr_error_sentinel_tests.rs;crates/reify-compiler/tests/field_compile_tests.rs;crates/reify-compiler/tests/forall_statement_lower_tests.rs;crates/reify-compiler/tests/geometry_centered_primitives_tests.rs;crates/reify-compiler/tests/guard_compilation.rs;crates/reify-compiler/tests/import_warning_tests.rs;crates/reify-compiler/tests/let_scope_tests.rs;crates/reify-compiler/tests/module_dag_tests.rs;crates/reify-compiler/tests/objective_conflict.rs;crates/reify-compiler/tests/objective_set_lowering.rs;crates/reify-compiler/tests/parametric_field_resolution_tests.rs;crates/reify-compiler/tests/parametric_tensor_resolution_tests.rs;crates/reify-compiler/tests/parametric_vector_point_resolution_tests.rs;crates/reify-compiler/tests/ports_stdlib_compile.rs;crates/reify-compiler/tests/prelude_context_tests.rs;crates/reify-compiler/tests/purpose_compile_tests.rs;crates/reify-compiler/tests/recursive_structure_tests.rs;crates/reify-compiler/tests/self_keyword_tests.rs;crates/reify-compiler/tests/shadowing_warning_tests.rs;crates/reify-compiler/tests/silent_defaults_tests.rs;crates/reify-compiler/tests/sub_placement_lowering_tests.rs;crates/reify-compiler/tests/trait_assoc_type_conformance_tests.rs;crates/reify-compiler/tests/visibility_compile_tests.rs;crates/reify-core/src/hash.rs;crates/reify-doc-build/src/build.rs;crates/reify-doc-build/tests/build_doc_model_tests.rs;crates/reify-eval/src/compute_targets;crates/reify-eval/src/modal_ops.rs;crates/reify-eval/src/source_location.rs;crates/reify-eval/tests/boundary5_engine.rs;crates/reify-eval/tests/buckling_smoke.rs;crates/reify-eval/tests/centrality_default.rs;crates/reify-eval/tests/chained_comparison_eval.rs;crates/reify-eval/tests/chamfer_e2e.rs;crates/reify-eval/tests/collection_sub_eval.rs;crates/reify-eval/tests/determinacy_predicates.rs;crates/reify-eval/tests/edit_source.rs;crates/reify-eval/tests/eval_instrumentation_counters.rs;crates/reify-eval/tests/eval_param_overrides.rs;crates/reify-eval/tests/extrude_e2e.rs;crates/reify-eval/tests/fillet_e2e.rs;crates/reify-eval/tests/fixtures;crates/reify-eval/tests/forall_runtime_re_elaboration.rs;crates/reify-eval/tests/guard_eval.rs;crates/reify-eval/tests/purpose_activation.rs;crates/reify-eval/tests/self_keyword_eval.rs;crates/reify-eval/tests/stress_sweep_degenerate.rs;crates/reify-eval/tests/test_runner.rs;crates/reify-eval/tests/undef_cause_capture.rs;crates/reify-eval/tests/warm_state_donation.rs;crates/reify-expr/src/calculus.rs;crates/reify-expr/tests/complex_eval_tests.rs;crates/reify-expr/tests/field_analysis_tests.rs;crates/reify-expr/tests/field_calculus_tests.rs;crates/reify-expr/tests/gradient_tests.rs;crates/reify-expr/tests/point_vector_eval_tests.rs;crates/reify-lsp/src/analysis.rs;crates/reify-lsp/src/bridge.rs;crates/reify-lsp/src/completion.rs;crates/reify-lsp/src/convert.rs;crates/reify-lsp/src/diagnostics.rs;crates/reify-lsp/src/document.rs;crates/reify-lsp/src/goto_def.rs;crates/reify-lsp/src/hover.rs;crates/reify-lsp/src/references.rs;crates/reify-lsp/src/server.rs;crates/reify-lsp/tests/in_process_bridge.rs;crates/reify-stdlib/src/loop_closure.rs;crates/reify-syntax/src/ts_parser.rs;crates/reify-syntax/tests/auto_binding_sites_grammar_tests.rs;crates/reify-syntax/tests/boundary1_producer.rs;crates/reify-syntax/tests/constraint_def_tests.rs;crates/reify-syntax/tests/guard_tests.rs;crates/reify-syntax/tests/match_tests.rs;crates/reify-syntax/tests/member_span_tests.rs;crates/reify-syntax/tests/trait_tests.rs;crates/reify-syntax/tests/type_alias_tests.rs;crates/reify-syntax/tests/unit_expr_lowering_tests.rs;crates/reify-syntax/tests/visibility_tests.rs;crates/reify-test-support/src/fixtures.rs;crates/reify-test-support/src/helpers.rs;crates/reify-test-support/src/tolerance_fixtures.rs;examples/bearing_auto_seal.ri;examples/bracket.ri;examples/integration_corner_cases.ri;examples/integration_full_v01.ri;examples/m10_geometric_types.ri;examples/m11_annotations.ri;examples/m5_geometry.ri;examples/m9_determinacy.ri;examples/materials_starter_library.ri;examples/pattern_composition.ri;gui/test/fixtures/all_severities.ri;gui/test/fixtures/bracket.ri;gui/test/fixtures/broken_syntax.ri;gui/test/fixtures/small_cube.ri
reify,4164,high,2026-06-05T23:20:14.029200+00:00,2026-06-09T05:49:25.912234+00:00,78.4866,silent_owner_dispatch_then_release,5,1,1,392.433,73.119,0.001,12684,crates/reify-compiler/src/geometry_transform.rs;crates/reify-compiler/src/types.rs;crates/reify-compiler/src/units.rs;crates/reify-eval/src/geometry_ops.rs;crates/reify-eval/tests
reify,4118,critical,2026-06-08T14:30:45.797027+00:00,2026-06-09T13:37:35.330901+00:00,23.1138,era_death,2,1,0,46.228,46.228,1.334,3104,crates/reify-eval/src/topology_selectors.rs;crates/reify-ir/src/geometry.rs
reify,3798,critical,2026-06-08T21:48:48.755784+00:00,2026-06-09T13:37:35.330901+00:00,15.8129,era_death,1,1,0,15.813,13.558,1.334,0,crates/reify-solver-elastic/src
reify,3205,critical,2026-06-09T12:03:35.301025+00:00,2026-06-09T13:37:35.330901+00:00,1.5667,era_death,19,1,0,29.767,21.941,1.334,0,crates/reify-compiler/src/geometry.rs;crates/reify-compiler/src/geometry_modify.rs;crates/reify-core/src/diagnostics.rs;crates/reify-eval/src/engine_build.rs;crates/reify-eval/src/geometry_ops.rs;crates/reify-eval/src/primitive_attribute_seed.rs;crates/reify-eval/src/sweep_classifier.rs;crates/reify-eval/tests/boundary4_geometry.rs;crates/reify-eval/tests/fillet_e2e.rs;crates/reify-eval/tests/topology_selector_smoke_tests.rs;crates/reify-kernel-fidget/src/kernel.rs;crates/reify-kernel-occt/cpp/occt_wrapper.cpp;crates/reify-kernel-occt/cpp/occt_wrapper.h;crates/reify-kernel-occt/src/ffi.rs;crates/reify-kernel-occt/src/handle.rs;crates/reify-kernel-occt/src/lib.rs;crates/reify-kernel-occt/tests/fillet_curated_edges_integration.rs;crates/reify-kernel-occt/tests/topology_extract_integration.rs;crates/reify-test-support/src/mocks.rs
reify,3205,critical,2026-06-09T14:57:40.889011+00:00,2026-06-09T16:15:54.880073+00:00,1.3039,used,10,1,0,13.039,0.011,4.149,0,crates/reify-compiler/src/geometry.rs;crates/reify-compiler/src/geometry_modify.rs;crates/reify-core/src/diagnostics.rs;crates/reify-eval/src/geometry_ops.rs;crates/reify-eval/src/topology_attribute_propagation.rs;crates/reify-eval/tests;crates/reify-ir/src/geometry.rs;crates/reify-kernel-occt/cpp/occt_wrapper.cpp;crates/reify-kernel-occt/src/ffi.rs;crates/reify-kernel-occt/src/lib.rs
reify,3798,critical,2026-06-09T16:15:57.493300+00:00,2026-06-09T20:24:50.951822+00:00,4.1482,used,2,1,0,8.296,4.148,3.195,0,crates/reify-eval/src;crates/reify-solver-elastic/src
reify,4118,critical,2026-06-09T20:24:54.045439+00:00,2026-06-10T00:16:57.746953+00:00,3.8677,used,4,1,0,15.471,7.736,0.406,0,crates/reify-compiler/src/geometry.rs;crates/reify-eval/src/topology_selectors.rs;crates/reify-eval/tests;crates/reify-ir/src/geometry.rs
reify,4233,critical,2026-06-10T00:17:02.330021+00:00,2026-06-10T02:02:07.008601+00:00,1.7513,used,4,1,0,7.005,2.824,0.275,0,crates/reify-compiler/tests;crates/reify-eval/tests;crates/reify-expr/src;examples/generics
reify,4355,critical,2026-06-10T02:02:13.131252+00:00,2026-06-10T03:26:30.882521+00:00,1.4049,used,3,1,0,4.215,1.132,0.441,0,crates/reify-eval/src/dirty.rs;crates/reify-eval/src/engine_build.rs;crates/reify-eval/tests
reify,4382,critical,2026-06-10T03:26:37.127575+00:00,2026-06-10T05:15:04.391538+00:00,1.8076,used,4,1,0,7.230,1.808,0.138,0,crates/reify-compiler/src;crates/reify-ir/src/value.rs;crates/reify-types/src/ty.rs;examples
reify,4412,critical,2026-06-10T05:15:13.212234+00:00,2026-06-10T13:56:03.976381+00:00,8.6808,silent_owner_dispatch_then_release,3,1,1,26.042,4.566,0.138,723,crates/reify-compiler/stdlib/tensegrity.ri;crates/reify-eval/src;crates/reify-types/src
reify,4357,critical,2026-06-10T09:49:11.126456+00:00,2026-06-10T13:56:32.796501+00:00,4.1227,era_death,1,1,0,4.123,0.636,0.130,0,crates/reify-core/src/diagnostics.rs
reify,4118,critical,2026-06-10T14:04:22.550575+00:00,2026-06-10T14:23:35.064949+00:00,0.3201,used,12,1,0,3.842,2.561,0.197,0,crates/reify-compiler/src/expr.rs;crates/reify-compiler/src/geometry.rs;crates/reify-compiler/src/list_helpers.rs;crates/reify-compiler/src/units.rs;crates/reify-eval/src/engine_build.rs;crates/reify-eval/src/geometry_ops.rs;crates/reify-eval/src/topology_selectors.rs;crates/reify-eval/tests;crates/reify-expr/src/lib.rs;crates/reify-ir/src/expr.rs;crates/reify-ir/src/geometry.rs;examples/topology_selectors
reify,4233,critical,2026-06-10T14:23:41.958081+00:00,2026-06-10T15:33:52.353770+00:00,1.1696,era_death,4,1,0,4.678,3.124,0.099,0,crates/reify-compiler/tests;crates/reify-eval/tests;crates/reify-expr/src;examples/generics
reify,4233,critical,2026-06-10T15:39:51.696773+00:00,2026-06-10T17:20:05.584853+00:00,1.6705,era_death,4,1,0,6.682,3.344,0.106,0,crates/reify-compiler/tests;crates/reify-eval/tests;crates/reify-expr/src;examples/generics
reify,4233,critical,2026-06-10T17:26:31.010610+00:00,2026-06-10T22:24:03.962528+00:00,4.9592,used,4,1,0,19.837,14.878,2.069,0,crates/reify-compiler/tests;crates/reify-eval/tests;crates/reify-expr/src;examples/generics
reify,4357,critical,2026-06-10T22:24:05.054711+00:00,2026-06-11T00:26:29.533273+00:00,2.0401,era_death,8,1,0,16.321,9.694,0.029,0,crates/reify-core/src/diagnostics.rs;crates/reify-eval/Cargo.toml;crates/reify-eval/src/cache.rs;crates/reify-eval/src/dirty.rs;crates/reify-eval/src/engine_build.rs;crates/reify-eval/src/engine_fixpoint.rs;crates/reify-eval/src/lib.rs;crates/reify-eval/tests/unified_dag_cycle_contract.rs
reify,4119,critical,2026-06-11T04:09:19.258125+00:00,2026-06-11T04:10:05.612363+00:00,0.0129,used,3,1,0,0.039,0.026,0.342,0,crates/reify-compiler/src/geometry.rs;crates/reify-core/src/diagnostics.rs;crates/reify-eval/src/topology_selectors.rs
reify,4233,critical,2026-06-11T00:28:15.206102+00:00,2026-06-11T04:10:06.491808+00:00,3.6976,used,4,1,0,14.790,3.700,0.424,0,crates/reify-compiler/tests;crates/reify-eval/tests;crates/reify-expr/src;examples/generics
reify,4357,critical,2026-06-11T04:10:07.338925+00:00,2026-06-11T05:32:27.168211+00:00,1.3722,used,8,1,0,10.977,6.443,2.795,0,crates/reify-core/src/diagnostics.rs;crates/reify-eval/Cargo.toml;crates/reify-eval/src/cache.rs;crates/reify-eval/src/dirty.rs;crates/reify-eval/src/engine_build.rs;crates/reify-eval/src/engine_fixpoint.rs;crates/reify-eval/src/lib.rs;crates/reify-eval/tests/unified_dag_cycle_contract.rs
reify,4373,critical,2026-06-11T05:32:31.499950+00:00,2026-06-11T08:20:09.286959+00:00,2.7938,used,19,1,0,53.083,34.399,3.773,0,crates/reify-cli;crates/reify-compiler;crates/reify-compiler/src/expr.rs;crates/reify-compiler/src/math_signatures.rs;crates/reify-compiler/src/type_compat.rs;crates/reify-compiler/src/type_resolution.rs;crates/reify-compiler/tests/real_dimensionless_unification_tests.rs;crates/reify-constraints;crates/reify-core;crates/reify-core/src/ty.rs;crates/reify-eval;crates/reify-eval/src/engine_eval.rs;crates/reify-expr;crates/reify-ir;crates/reify-ir/src/value.rs;crates/reify-kernel-openvdb;crates/reify-runtime;crates/reify-stdlib;crates/reify-test-support
reify,4382,critical,2026-06-11T08:20:10.223519+00:00,2026-06-11T12:06:30.983888+00:00,3.7724,used,15,1,0,56.587,3.775,0.181,0,crates/reify-cli/tests/cli_datum_projection_check.rs;crates/reify-compiler/src/datum_projection.rs;crates/reify-compiler/src/expr.rs;crates/reify-compiler/src/lib.rs;crates/reify-compiler/src/type_compat.rs;crates/reify-compiler/src/type_resolution.rs;crates/reify-compiler/tests/datum_projection_tests.rs;crates/reify-core/src/diagnostics.rs;crates/reify-core/src/ty.rs;crates/reify-eval/src/geometry_ops.rs;crates/reify-eval/src/lib.rs;crates/reify-eval/tests/datum_projection_eval_tests.rs;crates/reify-expr/src/sanitize.rs;crates/reify-ir/src/value.rs;examples/datum_projections.ri
reify,4412,critical,2026-06-11T12:06:31.649730+00:00,2026-06-11T13:49:21.860695+00:00,1.7139,era_death,3,1,0,5.142,1.714,0.081,0,crates/reify-compiler/stdlib/tensegrity.ri;crates/reify-eval/src;crates/reify-ir/src/value.rs
reify,3798,critical,2026-06-11T13:54:15.215869+00:00,2026-06-11T15:53:43.519076+00:00,1.9912,used,4,1,0,7.965,5.977,6.057,0,crates/reify-eval/src/compute_targets;crates/reify-eval/tests;crates/reify-solver-elastic/src/lib.rs;crates/reify-solver-elastic/src/tensegrity_load.rs
reify,4358,critical,2026-06-11T15:53:49.623741+00:00,2026-06-11T20:11:04.781254+00:00,4.2875,era_death,3,1,0,12.863,4.288,0.129,0,crates/reify-eval/src/engine_build.rs;crates/reify-eval/src/engine_eval.rs;crates/reify-eval/src/geometry_ops.rs
reify,4358,critical,2026-06-11T20:18:52.089853+00:00,2026-06-11T20:24:24.953291+00:00,0.0925,era_death,3,1,0,0.277,0.185,0.066,0,crates/reify-eval/src/engine_build.rs;crates/reify-eval/src/engine_eval.rs;crates/reify-eval/src/geometry_ops.rs
reify,4358,critical,2026-06-11T20:28:24.391191+00:00,2026-06-11T22:18:03.159474+00:00,1.8274,used,3,1,0,5.482,3.656,3.701,0,crates/reify-eval/src/engine_build.rs;crates/reify-eval/src/engine_eval.rs;crates/reify-eval/src/geometry_ops.rs
reify,4373,critical,2026-06-11T22:18:05.790056+00:00,2026-06-12T04:58:07.522938+00:00,6.6671,gc_terminal:done,19,1,1,126.676,44.577,0.008,1147,crates/reify-cli;crates/reify-compiler;crates/reify-compiler/src/expr.rs;crates/reify-compiler/src/math_signatures.rs;crates/reify-compiler/src/type_compat.rs;crates/reify-compiler/src/type_resolution.rs;crates/reify-compiler/tests/real_dimensionless_unification_tests.rs;crates/reify-constraints;crates/reify-core;crates/reify-core/src/ty.rs;crates/reify-eval;crates/reify-eval/src/engine_eval.rs;crates/reify-expr;crates/reify-ir;crates/reify-ir/src/value.rs;crates/reify-kernel-openvdb;crates/reify-runtime;crates/reify-stdlib;crates/reify-test-support
reify,4120,critical,2026-06-12T04:58:07.550079+00:00,2026-06-12T04:58:34.617818+00:00,0.0075,used,1,1148,0,0.008,0.000,0.290,0,crates/reify-eval/tests
reify,4234,critical,2026-06-12T04:58:35.301441+00:00,2026-06-12T06:10:26.360481+00:00,1.1975,used,11,1,0,13.173,9.294,0.930,0,crates/reify-compiler/src/functions.rs;crates/reify-compiler/src/type_compat.rs;crates/reify-compiler/src/type_resolution.rs;crates/reify-compiler/tests/fn_generic_signature_tests.rs;crates/reify-core/src/diagnostics.rs;crates/reify-core/src/ty.rs;crates/reify-eval/src/engine_eval.rs;crates/reify-eval/tests/m8_m11_regression_checkpoint.rs;crates/reify-expr/src/lib.rs;crates/reify-ir/src/value.rs;crates/reify-kernel-openvdb/src/ingest.rs
reify,4434,critical,2026-06-12T06:10:30.605935+00:00,2026-06-12T07:06:15.837571+00:00,0.9292,used,4,1,0,3.717,2.789,5.112,0,crates/reify-compiler/src/auto_type_param.rs;crates/reify-compiler/tests/auto_fallback_soundness.rs;crates/reify-core/src/diagnostics.rs;examples/auto/bounded_fallback_unsound.ri
reify,4435,critical,2026-06-12T07:06:19.575982+00:00,2026-06-12T12:12:59.913922+00:00,5.1112,used,6,1,0,30.667,15.937,0.205,0,crates/reify-compiler/src/auto_type_param.rs;crates/reify-compiler/src/compile_builder;crates/reify-core/src/diagnostics.rs;crates/reify-eval/src/unfold.rs;crates/reify-eval/tests;examples/auto/bearing_resolved_value.ri
reify,4445,critical,2026-06-12T12:13:06.495413+00:00,2026-06-12T12:25:19.645573+00:00,0.2037,used,2,1,0,0.407,0.000,0.217,0,crates/reify-eval/tests;examples
reify,4475,critical,2026-06-12T12:25:20.462011+00:00,2026-06-12T16:09:47.717740+00:00,3.7409,used,10,1,0,37.409,32.816,4.001,0,crates/reify-cli/src/main.rs;crates/reify-cli/tests/cli_gdt_legality.rs;crates/reify-compiler/src/entity.rs;crates/reify-compiler/src/lib.rs;crates/reify-core/src/diagnostics.rs;crates/reify-eval/src/engine_constraints.rs;crates/reify-eval/tests/gdt_legality.rs;examples/tolerancing/gdt_illegal_modifier.ri;examples/tolerancing/gdt_legality_rfs.ri;examples/tolerancing/gdt_removed_2018.ri
reify,4476,critical,2026-06-12T16:09:50.164197+00:00,2026-06-12T20:09:50.470819+00:00,4.0001,used,3,1,0,12.000,3.563,1.555,0,crates/reify-compiler/src/geometry.rs;crates/reify-eval/src/geometry_ops.rs;examples
reify,4479,critical,2026-06-12T20:09:52.114656+00:00,2026-06-12T22:18:59.978385+00:00,2.1522,used,4,1,0,8.609,2.410,0.134,0,crates/reify-eval/src/geometry_ops.rs;crates/reify-eval/tests;crates/reify-ir/src/geometry.rs;crates/reify-kernel-occt/src/ffi.rs
reify,4486,critical,2026-06-12T22:19:01.544899+00:00,2026-06-12T22:32:03.657855+00:00,0.2173,used,12,1,0,2.607,0.444,3.322,0,crates/reify-compiler/src/units.rs;crates/reify-eval/src/arg_acceptance.rs;crates/reify-eval/src/geometry_ops.rs;crates/reify-eval/src/lib.rs;crates/reify-eval/tests/kernel_queries_moment_of_inertia_smoke.rs;crates/reify-eval/tests/topology_selector_runtime.rs;crates/reify-eval/tests/topology_selector_smoke_tests.rs;crates/reify-eval/tests/topology_selectors_tests.rs;examples/kernel_queries/all_queries_walk.ri;examples/kernel_queries/moment_of_inertia_box.ri;examples/topology_selectors/all_topology_selectors_wiring.ri;examples/topology_selectors/block_inertia.ri
reify,4556,critical,2026-06-12T22:32:05.472815+00:00,2026-06-13T03:25:41.198187+00:00,4.8933,silent_owner_dispatch_then_release,3,1,1,14.680,6.642,0.000,544,crates;crates/reify-audit/src/lib.rs;crates/reify-audit/src/ptodo.rs
reify,4492,critical,2026-06-13T03:25:43.999690+00:00,2026-06-13T03:43:31.630688+00:00,0.2966,used,2,1,0,0.593,0.297,0.264,0,crates/reify-eval/src/geometry_ops.rs;crates/reify-eval/tests
reify,4493,critical,2026-06-13T03:43:33.147102+00:00,2026-06-13T03:52:19.428818+00:00,0.1462,used,4,1,0,0.585,0.000,0.193,0,crates/reify-compiler/src/expr.rs;crates/reify-compiler/src/math_signatures.rs;crates/reify-compiler/src/units.rs;crates/reify-compiler/tests
reify,4358,critical,2026-06-13T03:52:21.095001+00:00,2026-06-13T08:23:24.674373+00:00,4.5177,used,6,1,0,27.106,17.959,0.710,0,crates/reify-eval/src/engine_build.rs;crates/reify-eval/src/engine_constraints.rs;crates/reify-eval/src/engine_eval.rs;crates/reify-eval/src/engine_fixpoint.rs;crates/reify-eval/src/geometry_ops.rs;crates/reify-eval/tests/unified_dag_geometry_executors.rs
reify,4382,critical,2026-06-13T08:23:32.495215+00:00,2026-06-13T09:38:00.719506+00:00,1.2412,used,18,1,0,22.341,12.240,0.141,0,crates/reify-cli/tests/cli_datum_projection_check.rs;crates/reify-compiler/src/datum_projection.rs;crates/reify-compiler/src/expr.rs;crates/reify-compiler/src/lib.rs;crates/reify-compiler/src/type_compat.rs;crates/reify-compiler/src/type_resolution.rs;crates/reify-compiler/tests/datum_projection_tests.rs;crates/reify-core/src/diagnostics.rs;crates/reify-core/src/ty.rs;crates/reify-eval/src/engine_eval.rs;crates/reify-eval/src/geometry_ops.rs;crates/reify-eval/src/lib.rs;crates/reify-eval/tests/datum_projection_eval_tests.rs;crates/reify-expr/src/lib.rs;crates/reify-expr/src/sanitize.rs;crates/reify-ir/src/value.rs;crates/reify-kernel-openvdb/src/ingest.rs;examples/datum_projections.ri
reify,4234,critical,2026-06-13T09:38:01.404850+00:00,2026-06-13T09:46:29.553236+00:00,0.1412,used,11,1,0,1.553,0.141,1.048,0,crates/reify-compiler/src/functions.rs;crates/reify-compiler/src/type_compat.rs;crates/reify-compiler/src/type_resolution.rs;crates/reify-compiler/tests/fn_generic_signature_tests.rs;crates/reify-core/src/diagnostics.rs;crates/reify-core/src/ty.rs;crates/reify-eval/src/engine_eval.rs;crates/reify-eval/tests/m8_m11_regression_checkpoint.rs;crates/reify-expr/src/lib.rs;crates/reify-ir/src/value.rs;crates/reify-kernel-openvdb/src/ingest.rs
reify,4570,critical,2026-06-13T09:46:30.368946+00:00,2026-06-13T11:02:09.779006+00:00,1.2609,silent_owner_dispatch_then_release,2,1,1,2.522,1.047,0.950,227,crates/reify-eval/tests;crates/reify-expr/tests
reify,4382,critical,2026-06-13T09:47:04.832513+00:00,2026-06-13T14:37:21.721686+00:00,4.8380,gc_terminal:done,18,1,1,87.084,9.780,0.009,862,crates/reify-cli/tests/cli_datum_projection_check.rs;crates/reify-compiler/src/datum_projection.rs;crates/reify-compiler/src/expr.rs;crates/reify-compiler/src/lib.rs;crates/reify-compiler/src/type_compat.rs;crates/reify-compiler/src/type_resolution.rs;crates/reify-compiler/tests/datum_projection_tests.rs;crates/reify-constraints/src/lib.rs;crates/reify-core/src/diagnostics.rs;crates/reify-core/src/ty.rs;crates/reify-eval/src/engine_eval.rs;crates/reify-eval/src/geometry_ops.rs;crates/reify-eval/src/lib.rs;crates/reify-expr/src/lib.rs;crates/reify-expr/src/sanitize.rs;crates/reify-ir/src/value.rs;crates/reify-kernel-openvdb/src/ingest.rs;examples/datum_projections.ri
reify,4235,critical,2026-06-13T10:49:20.699229+00:00,2026-06-13T14:37:53.242578+00:00,3.8090,used,1,1,0,3.809,3.809,13.656,0,examples/generics/dim_param.ri
reify,4476,critical,2026-06-13T14:37:55.382388+00:00,2026-06-13T15:19:32.759873+00:00,0.6937,silent_owner_dispatch_then_release,8,1,1,5.550,0.772,0.000,5,crates/reify-cli/tests/cli_gdt_zones_eval.rs;crates/reify-compiler/src/geometry.rs;crates/reify-compiler/src/geometry_traits_inference.rs;crates/reify-compiler/src/units.rs;crates/reify-compiler/tests/geometry_traits_inference_tests.rs;crates/reify-eval/src/geometry_ops.rs;crates/reify-eval/tests/zone_constructors_e2e.rs;examples/tolerancing/gdt_zones.ri
reify,4385,critical,2026-06-13T14:51:57.291347+00:00,2026-06-14T00:05:00.977473+00:00,9.2177,gc_terminal:done,19,1,1,175.136,58.064,0.008,2075,crates/reify-compiler/src/datum_projection.rs;crates/reify-compiler/src/expr.rs;crates/reify-compiler/tests/datum_projection_tests.rs;crates/reify-compiler/tests/feature_datum_axis_example_tests.rs;crates/reify-core/src/diagnostics.rs;crates/reify-eval/src/feature_datum.rs;crates/reify-eval/src/lib.rs;crates/reify-eval/src/topology_selectors.rs;crates/reify-eval/tests/datum_projection_eval_tests.rs;crates/reify-eval/tests/feature_datum_tests.rs;crates/reify-eval/tests/topology_selector_runtime.rs;crates/reify-ir/src/geometry.rs;crates/reify-kernel-occt/cpp/occt_wrapper.cpp;crates/reify-kernel-occt/cpp/occt_wrapper.h;crates/reify-kernel-occt/src/ffi.rs;crates/reify-kernel-occt/src/lib.rs;crates/reify-kernel-occt/src/stubs.rs;crates/reify-kernel-occt/tests/analytic_datum_tests.rs;examples/geometric_relations/feature_datum_axis.ri
reify,4235,critical,2026-06-13T14:53:16.162086+00:00,2026-06-14T00:05:30.828255+00:00,9.2041,used,5,1,0,46.020,0.000,1.621,0,crates/reify-cli/tests/cli_generics_eval.rs;crates/reify-compiler/src/type_compat.rs;crates/reify-compiler/src/type_resolution.rs;crates/reify-compiler/tests/fn_generic_call_inference_tests.rs;examples/generics/dim_param.ri
reify,4497,critical,2026-06-14T00:05:31.493387+00:00,2026-06-14T02:07:48.715527+00:00,2.0381,silent_owner_dispatch_then_release,12,1,1,24.457,1.621,0.000,100,crates/reify-compiler/src;crates/reify-compiler/src/ambient_defaults.rs;crates/reify-compiler/src/compile_builder;crates/reify-compiler/src/conformance;crates/reify-compiler/src/diagnostics.rs;crates/reify-compiler/src/entity.rs;crates/reify-compiler/src/lib.rs;crates/reify-compiler/tests;crates/reify-compiler/tests/ambient_default_injection_tests.rs;crates/reify-compiler/tests/default_decl_not_wired_tests.rs;crates/reify-compiler/tests/diagnostic_coverage_checkpoint.rs;crates/reify-core/src/diagnostics.rs
reify,4383,critical,2026-06-14T03:24:02.721209+00:00,2026-06-14T03:30:17.274165+00:00,0.1040,used,16,1,0,1.665,0.936,1.746,0,crates/reify-compiler/src/expr.rs;crates/reify-compiler/src/lib.rs;crates/reify-compiler/src/relation_signatures.rs;crates/reify-compiler/src/type_compat.rs;crates/reify-compiler/src/type_resolution.rs;crates/reify-compiler/src/units.rs;crates/reify-compiler/tests/relation_check_tests.rs;crates/reify-constraints/src/classifier.rs;crates/reify-core/src/diagnostics.rs;crates/reify-core/src/ty.rs;crates/reify-eval/src/engine_eval.rs;crates/reify-eval/src/lib.rs;crates/reify-expr/src/lib.rs;crates/reify-ir/src/value.rs;crates/reify-lsp/src/analysis.rs;crates/reify-lsp/src/hover.rs
reify,4445,critical,2026-06-14T02:07:51.296751+00:00,2026-06-14T04:17:13.609836+00:00,2.1562,used,2,1,0,4.312,0.000,0.053,0,crates/reify-eval/tests;examples
reify,3437,high,2026-06-14T04:17:14.516186+00:00,2026-06-14T04:20:25.058709+00:00,0.0529,used,3,1,0,0.159,0.053,0.719,0,crates/reify-eval/Cargo.toml;crates/reify-eval/tests;examples/multi_kernel/manifold_boolean.ri
reify,4157,high,2026-06-14T04:20:25.716521+00:00,2026-06-14T05:15:02.349236+00:00,0.9102,evicted,17,1,0,15.473,3.832,0.552,1,crates/reify-compiler/src/geometry.rs;crates/reify-compiler/src/geometry_traits_inference.rs;crates/reify-compiler/src/types.rs;crates/reify-compiler/src/units.rs;crates/reify-compiler/tests/geometry_traits_inference_tests.rs;crates/reify-compiler/tests/solid_param_tests.rs;crates/reify-eval/src/engine_build.rs;crates/reify-eval/src/geometry_ops.rs;crates/reify-eval/src/primitive_attribute_seed.rs;crates/reify-eval/tests/topology_attribute_primitives_direct.rs;crates/reify-ir/src/geometry.rs;crates/reify-kernel-occt/cpp/occt_wrapper.cpp;crates/reify-kernel-occt/cpp/occt_wrapper.h;crates/reify-kernel-occt/src/ffi.rs;crates/reify-kernel-occt/src/lib.rs;crates/reify-kernel-occt/src/register.rs;crates/reify-kernel-occt/tests/inventory_registration.rs
reify,4384,critical,2026-06-14T05:15:02.348327+00:00,2026-06-14T05:48:09.539848+00:00,0.5520,used,3,1,0,1.656,1.104,0.259,0,crates/reify-compiler/src;tree-sitter-reify/grammar.js;tree-sitter-reify/test
reify,4384,critical,2026-06-14T06:04:13.613081+00:00,2026-06-14T06:45:03.449934+00:00,0.6805,used,26,1,0,17.693,8.166,3.379,0,crates/reify-ast/src/ast.rs;crates/reify-ast/src/decl.rs;crates/reify-compiler/src/auto_type_param.rs;crates/reify-compiler/src/compile_builder;crates/reify-compiler/src/conformance;crates/reify-compiler/src/entity.rs;crates/reify-compiler/src/expr.rs;crates/reify-compiler/src/forall_elaborate.rs;crates/reify-compiler/src/guards.rs;crates/reify-compiler/src/traits.rs;crates/reify-compiler/tests/relate_block_check_tests.rs;crates/reify-core/src/diagnostics.rs;crates/reify-lsp/src/analysis.rs;crates/reify-lsp/src/diagnostics.rs;crates/reify-lsp/src/references.rs;crates/reify-syntax/src/ts_parser.rs;crates/reify-syntax/tests/relate_at_auto_lowering_tests.rs;tree-sitter-reify/grammar.js;tree-sitter-reify/src/grammar.json;tree-sitter-reify/src/node-types.json;tree-sitter-reify/src/parser.c;tree-sitter-reify/test/corpus/relate_at_auto.txt;tree-sitter-reify/test/fixtures/gr-01-at-auto-relate.ri;tree-sitter-reify/test/fixtures/gr-02-at-auto-where.ri;tree-sitter-reify/test/fixtures/gr-03-auto-param.ri;tree-sitter-reify/tests/relate_at_auto_grammar_tests.rs
reify,4161,high,2026-06-14T06:03:42.222151+00:00,2026-06-14T07:03:04.510853+00:00,0.9895,used,15,1,0,14.843,1.981,3.078,0,crates/reify-compiler/src/geometry.rs;crates/reify-compiler/src/geometry_traits_inference.rs;crates/reify-compiler/src/types.rs;crates/reify-compiler/src/units.rs;crates/reify-compiler/tests/geometry_profile_precondition_tests.rs;crates/reify-compiler/tests/geometry_traits_inference_tests.rs;crates/reify-eval/src/engine_build.rs;crates/reify-eval/src/geometry_ops.rs;crates/reify-eval/tests/profile_2d_e2e.rs;crates/reify-ir/src/geometry.rs;crates/reify-kernel-occt/cpp/occt_wrapper.cpp;crates/reify-kernel-occt/cpp/occt_wrapper.h;crates/reify-kernel-occt/src/ffi.rs;crates/reify-kernel-occt/src/lib.rs;crates/reify-kernel-occt/src/register.rs
reify,4164,high,2026-06-14T07:03:06.641696+00:00,2026-06-14T09:09:14.917684+00:00,2.1023,evicted,3,1,0,6.307,0.000,0.975,1,crates/reify-compiler/src;crates/reify-eval/src/geometry_ops.rs;examples
reify,4395,critical,2026-06-14T09:09:14.916541+00:00,2026-06-14T10:07:46.224422+00:00,0.9754,used,3,1,0,2.926,0.975,1.644,0,crates/reify-compiler/src;tree-sitter-reify/grammar.js;tree-sitter-reify/test
reify,4396,critical,2026-06-14T11:46:26.018291+00:00,2026-06-14T12:35:08.445926+00:00,0.8118,used,2,1,0,1.624,0.068,1.337,0,crates/reify-compiler/src;crates/reify-core/src/diagnostics.rs
reify,4260,high,2026-06-14T12:35:09.270831+00:00,2026-06-14T13:55:42.331248+00:00,1.3425,used,2,1,0,2.685,1.343,4.347,0,crates/reify-eval/tests;examples/stdlib/ports_breadth.ri
reify,4397,critical,2026-06-14T14:31:01.821199+00:00,2026-06-14T18:35:59.735329+00:00,4.0828,used,2,1,0,8.166,0.000,0.287,0,crates/reify-compiler/src;crates/reify-compiler/stdlib
reify,4322,high,2026-06-14T13:55:43.007654+00:00,2026-06-14T18:36:02.236162+00:00,4.6720,evicted,2,1,1,9.344,0.000,2.013,1,crates/reify-eval/src;crates/reify-eval/tests
reify,4358,critical,2026-06-14T18:36:02.230104+00:00,2026-06-14T20:36:47.346319+00:00,2.0125,used,6,1,0,12.075,0.005,2.640,0,crates/reify-eval/src/engine_build.rs;crates/reify-eval/src/engine_constraints.rs;crates/reify-eval/src/engine_eval.rs;crates/reify-eval/src/engine_fixpoint.rs;crates/reify-eval/src/geometry_ops.rs;crates/reify-eval/tests/unified_dag_geometry_executors.rs
reify,4476,critical,2026-06-14T20:36:48.738656+00:00,2026-06-14T23:15:12.466938+00:00,2.6399,used,8,57,0,21.119,18.487,6.764,0,crates/reify-cli/tests/cli_gdt_zones_eval.rs;crates/reify-compiler/src/geometry.rs;crates/reify-compiler/src/geometry_traits_inference.rs;crates/reify-compiler/src/units.rs;crates/reify-compiler/tests/geometry_traits_inference_tests.rs;crates/reify-eval/src/geometry_ops.rs;crates/reify-eval/tests/zone_constructors_e2e.rs;examples/tolerancing/gdt_zones.ri
reify,4556,critical,2026-06-14T23:15:14.765833+00:00,2026-06-15T08:37:57.550681+00:00,9.3786,silent_owner_dispatch_then_release,9,480,1,84.407,40.578,0.000,561,crates;crates/reify-audit/ptodo-baseline.txt;crates/reify-audit/src/lib.rs;crates/reify-audit/src/ptodo.rs;crates/reify-audit/tests/ptodo_baseline.rs;crates/reify-compiler/stdlib;docs/prds/reify-audit-ptodo-detector.md;examples;gui/src-tauri/src/tests
reify,4497,critical,2026-06-15T08:38:03.449079+00:00,2026-06-15T08:57:36.705601+00:00,0.3259,used,12,362,0,3.911,2.933,0.217,0,crates/reify-compiler/src;crates/reify-compiler/src/ambient_defaults.rs;crates/reify-compiler/src/compile_builder;crates/reify-compiler/src/conformance;crates/reify-compiler/src/diagnostics.rs;crates/reify-compiler/src/entity.rs;crates/reify-compiler/src/lib.rs;crates/reify-compiler/tests;crates/reify-compiler/tests/ambient_default_injection_tests.rs;crates/reify-compiler/tests/default_decl_not_wired_tests.rs;crates/reify-compiler/tests/diagnostic_coverage_checkpoint.rs;crates/reify-core/src/diagnostics.rs
reify,4596,critical,2026-06-15T08:57:38.479922+00:00,2026-06-15T12:47:41.973312+00:00,3.8343,era_death,8,1,0,30.674,14.478,1.846,0,crates/reify-compiler/src/entity.rs;crates/reify-compiler/src/expr.rs;crates/reify-compiler/src/scope.rs;crates/reify-compiler/src/types.rs;crates/reify-compiler/tests/auto_type_param_member_access_tests.rs;crates/reify-core/src/diagnostics.rs;examples/auto/bearing_constraint_select.ri;examples/auto/bounded_fallback_unsound.ri
reify,4358,critical,2026-06-15T09:54:25.575934+00:00,2026-06-15T12:47:41.973312+00:00,2.8879,era_death,6,1,0,17.327,11.318,0.104,0,crates/reify-eval/src/engine_build.rs;crates/reify-eval/src/engine_constraints.rs;crates/reify-eval/src/engine_eval.rs;crates/reify-eval/src/engine_fixpoint.rs;crates/reify-eval/src/geometry_ops.rs;crates/reify-eval/tests/unified_dag_geometry_executors.rs
reify,4490,critical,2026-06-15T12:53:54.671455+00:00,2026-06-15T12:57:58.347003+00:00,0.0677,era_death,3,1,0,0.203,0.136,0.072,0,crates/reify-compiler/src/expr.rs;crates/reify-compiler/src/type_compat.rs;crates/reify-compiler/tests
reify,4490,critical,2026-06-15T13:02:20.045647+00:00,2026-06-15T15:53:52.957445+00:00,2.8591,gc_deps_unsatisfied,3,1,0,8.577,5.718,0.000,0,crates/reify-compiler/src/expr.rs;crates/reify-compiler/src/type_compat.rs;crates/reify-compiler/tests
reify,4596,critical,2026-06-15T15:53:52.974771+00:00,2026-06-15T21:21:01.462988+00:00,5.4524,silent_owner_dispatch_then_release,8,1,1,43.619,13.950,0.001,1280,crates/reify-compiler/src/entity.rs;crates/reify-compiler/src/expr.rs;crates/reify-compiler/src/scope.rs;crates/reify-compiler/src/types.rs;crates/reify-compiler/tests/auto_type_param_member_access_tests.rs;crates/reify-core/src/diagnostics.rs;examples/auto/bearing_constraint_select.ri;examples/auto/bounded_fallback_unsound.ri
reify,4481,critical,2026-06-15T18:43:54.491889+00:00,2026-06-15T21:21:03.556403+00:00,2.6192,used,2,1,0,5.238,3.111,6.354,0,crates/reify-cli/tests;docs/prds/v0_3/engine-integration-norm.md
reify,4490,critical,2026-06-15T15:53:56.501475+00:00,2026-06-15T21:21:03.690121+00:00,5.4520,used,1,1,0,5.452,5.452,1.440,0,crates/reify-compiler/src/type_compat.rs
reify,4497,critical,2026-06-15T21:21:03.793373+00:00,2026-06-15T22:32:50.208817+00:00,1.1962,used,7,1,0,8.374,7.177,5.158,0,crates/reify-compiler/src/ambient_defaults.rs;crates/reify-compiler/src/compile_builder;crates/reify-compiler/src/conformance;crates/reify-compiler/src/diagnostics.rs;crates/reify-compiler/src/entity.rs;crates/reify-compiler/tests;crates/reify-core/src/diagnostics.rs
reify,4596,critical,2026-06-15T22:32:50.777977+00:00,2026-06-16T03:42:18.852736+00:00,5.1578,used,10,2,0,51.578,36.105,5.909,0,crates/reify-compiler/src/entity.rs;crates/reify-compiler/src/expr.rs;crates/reify-compiler/src/scope.rs;crates/reify-compiler/src/types.rs;crates/reify-compiler/tests/auto_type_param_member_access_tests.rs;crates/reify-core/src/diagnostics.rs;docs/notes/verify-scope-throughput.md;examples/auto/bearing_constraint_select.ri;examples/auto/bounded_fallback_unsound.ri;tests/prd-gate/corpus-probe-set.json
reify,3979,high,2026-06-16T03:42:19.049462+00:00,2026-06-16T06:14:59.681066+00:00,2.5446,era_death,5,1,0,12.723,7.645,0.114,0,crates/reify-compiler/src/expr.rs;crates/reify-compiler/src/stdlib_loader.rs;crates/reify-compiler/stdlib/option_recovery.ri;crates/reify-compiler/tests/option_recovery_resolution_tests.rs;crates/reify-core/src/diagnostics.rs
reify,4358,critical,2026-06-16T06:13:37.583504+00:00,2026-06-16T06:14:59.681066+00:00,0.0228,era_death,6,1,0,0.137,0.120,8.365,0,crates/reify-eval/src/engine_build.rs;crates/reify-eval/src/engine_constraints.rs;crates/reify-eval/src/engine_eval.rs;crates/reify-eval/src/engine_fixpoint.rs;crates/reify-eval/src/geometry_ops.rs;crates/reify-eval/tests/unified_dag_geometry_executors.rs
reify,3979,high,2026-06-16T06:21:51.257692+00:00,2026-06-16T11:03:05.610665+00:00,4.6873,silent_owner_dispatch_then_release,5,1,1,23.437,9.888,1.049,0,crates/reify-compiler/src/expr.rs;crates/reify-compiler/src/stdlib_loader.rs;crates/reify-compiler/stdlib/option_recovery.ri;crates/reify-compiler/tests/option_recovery_resolution_tests.rs;crates/reify-core/src/diagnostics.rs
reify,4437,critical,2026-06-16T09:36:52.524909+00:00,2026-06-16T11:41:21.995084+00:00,2.0749,era_death,4,1,0,8.299,6.225,2.926,0,crates/reify-cli/src/main.rs;crates/reify-eval/tests/auto_type_param_completion_e2e.rs;examples/auto/bearing_unsat.ri;gui/src-tauri/src/main.rs
reify,4185,high,2026-06-16T12:06:03.797386+00:00,2026-06-16T12:15:59.670597+00:00,0.1655,evicted,17,1,0,2.814,2.152,2.349,1,crates/reify-compiler/src/geometry.rs;crates/reify-compiler/src/geometry_modify.rs;crates/reify-compiler/src/types.rs;crates/reify-compiler/src/units.rs;crates/reify-eval/src/engine_build.rs;crates/reify-eval/src/geometry_ops.rs;crates/reify-eval/src/primitive_attribute_seed.rs;crates/reify-eval/tests/boundary4_geometry.rs;crates/reify-eval/tests/chamfer_e2e.rs;crates/reify-ir/src/geometry.rs;crates/reify-kernel-occt/cpp/occt_wrapper.cpp;crates/reify-kernel-occt/cpp/occt_wrapper.h;crates/reify-kernel-occt/src/ffi.rs;crates/reify-kernel-occt/src/handle.rs;crates/reify-kernel-occt/src/lib.rs;crates/reify-kernel-occt/tests/per_edge_chamfer.rs;crates/reify-test-support/src/mocks.rs
reify,4415,critical,2026-06-16T12:15:59.658246+00:00,2026-06-16T15:21:41.713425+00:00,3.0950,silent_owner_dispatch_then_release,4,1,1,12.380,4.698,0.000,183,crates/reify-eval/src/compute_targets;crates/reify-eval/tests;crates/reify-solver-elastic/src;crates/reify-solver-elastic/src/form_find_free.rs
reify,4360,critical,2026-06-16T15:21:41.939386+00:00,2026-06-16T15:35:56.069526+00:00,0.2373,used,2,1,0,0.475,0.004,3.337,0,crates/reify-eval/tests/dfm_fits_build_volume_e2e.rs;crates/reify-eval/tests/fillet_curated_edges_e2e.rs
reify,4415,critical,2026-06-16T15:35:56.152753+00:00,2026-06-16T18:56:07.483254+00:00,3.3365,used,4,555,0,13.346,10.009,0.052,0,crates/reify-eval/src/compute_targets;crates/reify-eval/tests;crates/reify-solver-elastic/src;crates/reify-solver-elastic/src/form_find_free.rs
reify,4423,high,2026-06-16T18:59:15.470443+00:00,2026-06-16T20:17:39.480772+00:00,1.3067,silent_owner_dispatch_then_release,3,1,1,3.920,1.424,0.990,0,crates/reify-eval/src/engine_build.rs;crates/reify-eval/src/kernel_registry.rs;crates/reify-eval/src/realize_solid_sdf.rs
reify,4495,critical,2026-06-16T19:27:23.201967+00:00,2026-06-16T20:17:39.663599+00:00,0.8379,era_death,3,1,0,2.514,0.838,0.243,0,crates/reify-compiler/tests;crates/reify-eval/tests;examples
reify,3981,high,2026-06-16T20:19:29.770645+00:00,2026-06-16T20:32:13.989540+00:00,0.2123,used,5,1,0,1.061,0.849,0.747,0,crates/reify-compiler/stdlib/result_fallback.ri;crates/reify-eval/src/eval_expr.rs;crates/reify-eval/tests;crates/reify-expr/src/intrinsics.rs;crates/reify-expr/src/lib.rs
reify,4495,critical,2026-06-16T20:32:44.502068+00:00,2026-06-16T21:17:04.367136+00:00,0.7389,used,5,1,0,3.694,1.699,2.241,0,crates/reify-cli/tests/cli_type_hygiene_strict.rs;crates/reify-cli/tests/fixtures;crates/reify-compiler/tests/type_hygiene_integration_gate.rs;crates/reify-eval/tests/type_hygiene_integration_gate.rs;examples/type_hygiene/type_hygiene_surface.ri
reify,4185,high,2026-06-16T20:32:14.159810+00:00,2026-06-16T21:17:04.449998+00:00,0.7473,used,17,1,0,12.704,8.547,1.850,0,crates/reify-compiler/src/geometry.rs;crates/reify-compiler/src/geometry_modify.rs;crates/reify-compiler/src/types.rs;crates/reify-compiler/src/units.rs;crates/reify-eval/src/engine_build.rs;crates/reify-eval/src/geometry_ops.rs;crates/reify-eval/src/primitive_attribute_seed.rs;crates/reify-eval/tests/boundary4_geometry.rs;crates/reify-eval/tests/chamfer_e2e.rs;crates/reify-ir/src/geometry.rs;crates/reify-kernel-occt/cpp/occt_wrapper.cpp;crates/reify-kernel-occt/cpp/occt_wrapper.h;crates/reify-kernel-occt/src/ffi.rs;crates/reify-kernel-occt/src/handle.rs;crates/reify-kernel-occt/src/lib.rs;crates/reify-kernel-occt/tests/per_edge_chamfer.rs;crates/reify-test-support/src/mocks.rs
reify,4377,high,2026-06-16T21:17:04.529679+00:00,2026-06-16T23:31:32.391427+00:00,2.2411,evicted,2,1,0,4.482,0.000,1.697,1,crates/reify-eval/tests;examples/dimensionless_unification.ri
reify,4498,critical,2026-06-16T23:31:32.390520+00:00,2026-06-17T01:13:21.108860+00:00,1.6969,used,3,1,0,5.091,4.944,0.224,0,crates/reify-core/src/diagnostics.rs;crates/reify-eval/src/dynamics_ops.rs;crates/reify-eval/tests
reify,4425,high,2026-06-17T01:13:21.205056+00:00,2026-06-17T01:26:46.826259+00:00,0.2238,used,3,1,0,0.671,0.448,1.924,0,crates/reify-eval/src;crates/reify-shell-extract/src;crates/reify-shell-extract/src/medial.rs
reify,2992,medium,2026-06-17T01:27:02.027087+00:00,2026-06-17T01:27:17.090115+00:00,0.0042,evicted,4,2,0,0.017,0.004,1.915,1,crates/reify-core/src/diagnostics.rs;crates/reify-eval/src;crates/reify-eval/tests;crates/reify-kernel-gmsh/src
reify,4498,critical,2026-06-17T01:27:17.089410+00:00,2026-06-17T03:22:11.659963+00:00,1.9152,used,9,1,0,17.236,7.266,0.839,0,crates/reify-compiler/src/expr.rs;crates/reify-compiler/src/units.rs;crates/reify-core/src/diagnostics.rs;crates/reify-eval/src/dynamics_ops.rs;crates/reify-eval/src/engine_build.rs;crates/reify-eval/src/modal_ops.rs;crates/reify-eval/tests/dynamics_body_mass_props.rs;crates/reify-eval/tests/type_hygiene_integration_gate.rs;crates/reify-stdlib/src/dynamics
reify,4377,high,2026-06-17T05:44:20.340854+00:00,2026-06-17T06:49:13.602521+00:00,1.0815,used,2,526,0,2.163,0.000,0.244,0,crates/reify-eval/tests;examples/dimensionless_unification.ri
reify,4427,high,2026-06-17T06:49:13.681052+00:00,2026-06-17T07:03:50.725451+00:00,0.2436,used,3,1,0,0.731,0.003,2.482,0,crates/reify-eval/tests/process_dfm_thickness_example.rs;docs/reify-stdlib-reference.md;examples/process/std_process_dfm_thickness.ri
reify,4498,critical,2026-06-17T07:19:45.623355+00:00,2026-06-17T08:01:05.818476+00:00,0.6889,used,9,1,0,6.200,5.324,1.338,0,crates/reify-compiler/src/expr.rs;crates/reify-compiler/src/units.rs;crates/reify-core/src/diagnostics.rs;crates/reify-eval/src/dynamics_ops.rs;crates/reify-eval/src/engine_build.rs;crates/reify-eval/src/modal_ops.rs;crates/reify-eval/tests/dynamics_body_mass_props.rs;crates/reify-eval/tests/type_hygiene_integration_gate.rs;crates/reify-stdlib/src/dynamics
reify,4499,critical,2026-06-17T09:21:13.387378+00:00,2026-06-17T09:32:47.671246+00:00,0.1929,used,3,1,0,0.579,0.193,0.144,0,crates/reify-compiler/tests;crates/reify-eval/tests;examples
reify,4638,high,2026-06-17T13:46:04.053773+00:00,2026-06-17T16:59:34.045537+00:00,3.2250,era_death,6,1,0,19.350,16.125,0.641,0,crates/reify-cli/Cargo.toml;crates/reify-cli/src/main.rs;crates/reify-cli/tests/cli_dfm_thickness.rs;crates/reify-cli/tests/fixtures;crates/reify-eval/src/engine_admin.rs;crates/reify-eval/tests/ensure_openvdb_kernel.rs
reify,4640,high,2026-06-17T17:38:02.638954+00:00,2026-06-17T18:59:49.592586+00:00,1.3630,used,2,1,0,2.726,1.364,2.515,0,crates/reify-compiler/src/entity.rs;crates/reify-compiler/tests/param_default_type_mismatch_tests.rs
reify,4638,high,2026-06-17T18:59:49.854083+00:00,2026-06-17T19:06:17.265151+00:00,0.1076,used,6,1,0,0.646,0.433,6.682,0,crates/reify-cli/Cargo.toml;crates/reify-cli/src/main.rs;crates/reify-cli/tests/cli_dfm_thickness.rs;crates/reify-cli/tests/fixtures;crates/reify-eval/src/engine_admin.rs;crates/reify-eval/tests/ensure_openvdb_kernel.rs
reify,4647,high,2026-06-17T19:06:17.582785+00:00,2026-06-17T23:27:50.704685+00:00,4.3592,used,2,1,0,8.718,4.359,6.892,0,crates/reify-compiler/src/conformance;crates/reify-compiler/tests/trait_conformance_type_error_tests.rs
reify,4652,high,2026-06-17T23:27:50.826611+00:00,2026-06-18T04:38:27.707179+00:00,5.1769,used,22,1,0,113.892,90.641,4.865,0,crates/reify-eval/src/dynamics_ops.rs;crates/reify-eval/src/engine_build.rs;crates/reify-eval/src/engine_compute.rs;crates/reify-eval/src/engine_eval.rs;crates/reify-eval/src/geometry_ops.rs;crates/reify-eval/src/lib.rs;crates/reify-eval/src/significance_filter.rs;crates/reify-eval/src/tolerance_combine.rs;crates/reify-eval/tests/ad_hoc_selector_smoke_tests.rs;crates/reify-eval/tests/common;crates/reify-eval/tests/cross_sub_geometry_e2e.rs;crates/reify-eval/tests/fields_restrict_e2e.rs;crates/reify-eval/tests/geometry_handle_freshness.rs;crates/reify-eval/tests/geometry_handle_persistent_cache_round_trip.rs;crates/reify-eval/tests/geometry_handle_value_cell_e2e.rs;crates/reify-eval/tests/selector_boundary_gate.rs;crates/reify-eval/tests/spec_shape_physical_golden.rs;crates/reify-eval/tests/symbolic_geometry_eval.rs;crates/reify-eval/tests/topology_selector_runtime.rs;crates/reify-ir/src/value.rs;crates/reify-stdlib/src/dfm.rs;crates/reify-stdlib/src/tolerancing.rs
reify,4640,high,2026-06-18T04:38:27.802285+00:00,2026-06-18T05:53:02.862563+00:00,1.2431,used,2,1,0,2.486,2.486,2.398,0,crates/reify-compiler/src/entity.rs;crates/reify-compiler/tests/param_default_type_mismatch_tests.rs
reify,2992,medium,2026-06-18T05:53:05.447767+00:00,2026-06-18T06:01:46.023999+00:00,0.1446,evicted,4,2,0,0.578,0.145,0.672,1,crates/reify-core/src/diagnostics.rs;crates/reify-eval/src;crates/reify-eval/tests;crates/reify-kernel-gmsh/src
reify,4651,high,2026-06-18T06:01:46.023047+00:00,2026-06-18T06:40:02.885147+00:00,0.6380,era_death,5,1,0,3.190,1.276,0.034,0,crates/reify-core/src/diagnostics.rs;crates/reify-eval/src/engine_eval.rs;crates/reify-eval/src/geometry_ops.rs;crates/reify-eval/tests/eval_unresolved_consumers.rs;docs/prds/v0_6/value-eval-geometry-addressing.md
reify,4646,high,2026-06-18T06:42:06.536639+00:00,2026-06-18T08:16:56.615273+00:00,1.5806,used,4,1,0,6.322,4.742,2.090,0,crates/reify-compiler/src/functions.rs;crates/reify-compiler/src/trait_requirements.rs;crates/reify-compiler/src/traits.rs;crates/reify-compiler/tests
reify,4645,high,2026-06-18T08:16:56.715494+00:00,2026-06-18T08:36:08.150456+00:00,0.3198,era_death,4,1,0,1.279,0.640,0.014,0,crates/reify-compiler/src;crates/reify-compiler/src/entity.rs;crates/reify-compiler/src/type_resolution.rs;crates/reify-compiler/tests
reify,4645,high,2026-06-18T08:36:56.979147+00:00,2026-06-18T09:29:25.065435+00:00,0.8745,era_death,4,1,0,3.498,1.749,0.016,0,crates/reify-compiler/src;crates/reify-compiler/src/entity.rs;crates/reify-compiler/src/type_resolution.rs;crates/reify-compiler/tests
reify,4415,critical,2026-06-18T09:30:22.436043+00:00,2026-06-18T10:09:25.679194+00:00,0.6509,used,4,1,0,2.604,1.953,3.644,0,crates/reify-eval/src/compute_targets;crates/reify-eval/tests;crates/reify-solver-elastic/src/form_find_free.rs;examples
reify,4509,critical,2026-06-18T10:09:25.768129+00:00,2026-06-18T11:26:27.350988+00:00,1.2838,era_death,5,1,0,6.419,4.393,0.022,0,crates/reify-eval/src/realization_content.rs;crates/reify-eval/tests/realization_content_tests.rs;crates/reify-ir/src/geometry.rs;crates/reify-kernel-gmsh/src/lib.rs;crates/reify-kernel-gmsh/src/register.rs
reify,4509,critical,2026-06-18T11:27:46.719373+00:00,2026-06-18T13:45:36.992587+00:00,2.2973,era_death,5,1,0,11.486,9.189,13.907,0,crates/reify-eval/src/realization_content.rs;crates/reify-eval/tests/realization_content_tests.rs;crates/reify-ir/src/geometry.rs;crates/reify-kernel-gmsh/src/lib.rs;crates/reify-kernel-gmsh/src/register.rs
reify,4187,high,2026-06-18T13:48:05.415259+00:00,2026-06-18T14:33:32.184853+00:00,0.7574,evicted,5,1,0,3.787,1.515,17.055,1,crates/reify-compiler/src/geometry_modify.rs;crates/reify-compiler/src/units.rs;crates/reify-eval/src/geometry_ops.rs;crates/reify-ir/src/geometry.rs;crates/reify-kernel-occt/src/occt_wrapper.cpp
reify,4668,critical,2026-06-18T14:33:32.183481+00:00,2026-06-18T20:55:11.762179+00:00,6.3610,used,13,1,0,82.693,44.943,6.747,0,crates/reify-compiler/src/entity.rs;crates/reify-compiler/src/geometry.rs;crates/reify-compiler/src/scope.rs;crates/reify-compiler/tests/compile_api_tests.rs;crates/reify-compiler/tests/let_scope_tests.rs;crates/reify-eval/src/deps.rs;crates/reify-eval/src/engine_build.rs;crates/reify-eval/src/engine_fixpoint.rs;crates/reify-eval/src/geometry_ops.rs;crates/reify-eval/tests/apply_transform_e2e.rs;crates/reify-eval/tests/chamfer_e2e.rs;crates/reify-eval/tests/fillet_e2e.rs;crates/reify-eval/tests/unified_dag_geometry_executors.rs
reify,4652,high,2026-06-19T03:40:00.901419+00:00,2026-06-19T07:30:15.439482+00:00,3.8374,evicted,21,1,0,80.585,56.144,0.109,1,crates/reify-eval/src/dynamics_ops.rs;crates/reify-eval/src/engine_build.rs;crates/reify-eval/src/engine_compute.rs;crates/reify-eval/src/engine_eval.rs;crates/reify-eval/src/geometry_ops.rs;crates/reify-eval/src/lib.rs;crates/reify-eval/src/significance_filter.rs;crates/reify-eval/src/tolerance_combine.rs;crates/reify-eval/tests/ad_hoc_selector_smoke_tests.rs;crates/reify-eval/tests/cross_sub_geometry_e2e.rs;crates/reify-eval/tests/fields_restrict_e2e.rs;crates/reify-eval/tests/geometry_handle_freshness.rs;crates/reify-eval/tests/geometry_handle_persistent_cache_round_trip.rs;crates/reify-eval/tests/geometry_handle_value_cell_e2e.rs;crates/reify-eval/tests/selector_boundary_gate.rs;crates/reify-eval/tests/spec_shape_physical_golden.rs;crates/reify-eval/tests/symbolic_geometry_eval.rs;crates/reify-eval/tests/topology_selector_runtime.rs;crates/reify-ir/src/value.rs;crates/reify-stdlib/src/dfm.rs;crates/reify-stdlib/src/tolerancing.rs
reify,4361,critical,2026-06-19T07:30:15.438430+00:00,2026-06-19T07:33:37.963538+00:00,0.0563,era_death,4,1,0,0.225,0.114,4.517,0,crates/reify-eval/src/concurrent.rs;crates/reify-eval/src/engine_build.rs;crates/reify-eval/src/engine_edit.rs;crates/reify-eval/src/engine_eval.rs
reify,4187,high,2026-06-19T07:36:49.051244+00:00,2026-06-19T08:40:04.102547+00:00,1.0542,used,5,1,0,5.271,4.217,7.842,0,crates/reify-compiler/src/geometry_modify.rs;crates/reify-compiler/src/units.rs;crates/reify-eval/src/geometry_ops.rs;crates/reify-ir/src/geometry.rs;crates/reify-kernel-occt/src/occt_wrapper.cpp
reify,4652,high,2026-06-19T08:40:04.470266+00:00,2026-06-19T12:05:10.547086+00:00,3.4184,evicted,21,1,0,71.785,58.130,1.798,1,crates/reify-eval/src/dynamics_ops.rs;crates/reify-eval/src/engine_build.rs;crates/reify-eval/src/engine_compute.rs;crates/reify-eval/src/engine_eval.rs;crates/reify-eval/src/geometry_ops.rs;crates/reify-eval/src/lib.rs;crates/reify-eval/src/significance_filter.rs;crates/reify-eval/src/tolerance_combine.rs;crates/reify-eval/tests/ad_hoc_selector_smoke_tests.rs;crates/reify-eval/tests/cross_sub_geometry_e2e.rs;crates/reify-eval/tests/fields_restrict_e2e.rs;crates/reify-eval/tests/geometry_handle_freshness.rs;crates/reify-eval/tests/geometry_handle_persistent_cache_round_trip.rs;crates/reify-eval/tests/geometry_handle_value_cell_e2e.rs;crates/reify-eval/tests/selector_boundary_gate.rs;crates/reify-eval/tests/spec_shape_physical_golden.rs;crates/reify-eval/tests/symbolic_geometry_eval.rs;crates/reify-eval/tests/topology_selector_runtime.rs;crates/reify-ir/src/value.rs;crates/reify-stdlib/src/dfm.rs;crates/reify-stdlib/src/tolerancing.rs
reify,4361,critical,2026-06-19T12:05:10.545960+00:00,2026-06-19T13:53:04.700896+00:00,1.7984,used,4,1,0,7.194,5.395,9.916,0,crates/reify-eval/src/concurrent.rs;crates/reify-eval/src/engine_build.rs;crates/reify-eval/src/engine_edit.rs;crates/reify-eval/src/engine_eval.rs
reify,4509,critical,2026-06-19T15:40:52.419371+00:00,2026-06-19T16:30:34.160194+00:00,0.8283,used,5,1,0,4.141,3.313,0.070,0,crates/reify-eval/src/realization_content.rs;crates/reify-eval/tests/realization_content_tests.rs;crates/reify-ir/src/geometry.rs;crates/reify-kernel-gmsh/src/lib.rs;crates/reify-kernel-gmsh/src/register.rs
reify,4531,critical,2026-06-19T23:47:54.873110+00:00,2026-06-19T23:48:03.753215+00:00,0.0025,used,6,1,0,0.015,0.012,16.367,0,crates/reify-eval/src/engine_edit.rs;crates/reify-eval/src/engine_fixpoint.rs;crates/reify-eval/tests/collection_sub_eval.rs;crates/reify-eval/tests/forall_runtime_re_elaboration.rs;crates/reify-eval/tests/incremental.rs;crates/reify-eval/tests/interactive_edit_loop.rs
reify,4509,critical,2026-06-19T16:35:15.679560+00:00,2026-06-20T03:54:41.773069+00:00,11.3239,used,8,1,0,90.591,67.944,3.842,0,crates/reify-eval/src/lib.rs;crates/reify-eval/src/realization_content.rs;crates/reify-eval/src/realization_read_gamma.rs;crates/reify-ir/src/geometry.rs;crates/reify-kernel-gmsh/src/kernel.rs;crates/reify-kernel-gmsh/src/kernel_real.rs;crates/reify-kernel-gmsh/tests/mesh_to_volume_tests.rs;crates/reify-test-support/src/mocks.rs
reify,4531,critical,2026-06-20T03:54:41.984260+00:00,2026-06-20T07:19:55.587289+00:00,3.4204,era_death,5,1,0,17.102,13.683,0.422,0,crates/reify-eval/src/engine_edit.rs;crates/reify-eval/src/engine_fixpoint.rs;crates/reify-eval/tests/common/differential.rs;crates/reify-eval/tests/edit_source.rs;crates/reify-eval/tests/unified_dag_edit_path.rs
reify,4651,high,2026-06-20T07:45:11.668783+00:00,2026-06-20T07:45:12.494392+00:00,0.0002,used,5,1,0,0.001,0.001,0.811,0,crates/reify-core/src/diagnostics.rs;crates/reify-eval/src/engine_eval.rs;crates/reify-eval/src/geometry_ops.rs;crates/reify-eval/tests/eval_unresolved_consumers.rs;docs/prds/v0_6/value-eval-geometry-addressing.md
reify,4674,high,2026-06-20T07:45:13.371911+00:00,2026-06-20T08:33:32.296640+00:00,0.8053,era_death,1,1,0,0.805,0.000,1.823,0,crates/reify-eval/src/geometry_ops.rs
reify,3428,medium,2026-06-20T08:33:51.571807+00:00,2026-06-20T10:39:45.046693+00:00,2.0982,evicted,11,2,0,23.080,20.510,3.117,1,crates/reify-cli/src/main.rs;crates/reify-cli/src/mcp_context.rs;crates/reify-eval/src/compute_persist.rs;crates/reify-eval/src/compute_targets/elastic_static.rs;crates/reify-eval/src/engine_admin.rs;crates/reify-eval/src/engine_compute.rs;crates/reify-eval/src/engine_eval.rs;crates/reify-eval/src/lib.rs;crates/reify-eval/src/persistent_cache.rs;crates/reify-eval/tests/persistent_cache_compute_round_trip.rs;examples/fea_cantilever_smoke.ri
reify,4652,high,2026-06-20T10:39:45.045560+00:00,2026-06-20T13:46:45.910253+00:00,3.1169,used,21,1,0,65.455,56.615,0.000,0,crates/reify-eval/src/dynamics_ops.rs;crates/reify-eval/src/engine_build.rs;crates/reify-eval/src/engine_compute.rs;crates/reify-eval/src/engine_eval.rs;crates/reify-eval/src/geometry_ops.rs;crates/reify-eval/src/lib.rs;crates/reify-eval/src/significance_filter.rs;crates/reify-eval/src/tolerance_combine.rs;crates/reify-eval/tests/ad_hoc_selector_smoke_tests.rs;crates/reify-eval/tests/cross_sub_geometry_e2e.rs;crates/reify-eval/tests/fields_restrict_e2e.rs;crates/reify-eval/tests/geometry_handle_freshness.rs;crates/reify-eval/tests/geometry_handle_persistent_cache_round_trip.rs;crates/reify-eval/tests/geometry_handle_value_cell_e2e.rs;crates/reify-eval/tests/selector_boundary_gate.rs;crates/reify-eval/tests/spec_shape_physical_golden.rs;crates/reify-eval/tests/symbolic_geometry_eval.rs;crates/reify-eval/tests/topology_selector_runtime.rs;crates/reify-ir/src/value.rs;crates/reify-stdlib/src/dfm.rs;crates/reify-stdlib/src/tolerancing.rs
reify,3444,medium,2026-06-20T13:46:47.011953+00:00,2026-06-20T16:10:04.379822+00:00,2.3882,used,5,2,0,11.941,8.089,0.236,0,crates/reify-config/src/lib.rs;crates/reify-eval/src/dispatcher.rs;crates/reify-eval/src/engine.rs;crates/reify-eval/src/kernel_registry.rs;crates/reify-eval/tests
reify,3467,medium,2026-06-20T16:10:04.666106+00:00,2026-06-20T16:24:15.636849+00:00,0.2364,used,2,2,0,0.473,0.236,0.355,0,crates/reify-compiler/tests/fixtures;crates/reify-eval/src
reify,3468,medium,2026-06-20T16:24:30.767132+00:00,2026-06-20T16:45:32.322202+00:00,0.3504,used,3,2,0,1.051,0.000,0.232,0,crates/reify-eval/src;crates/reify-eval/src/warm_state_pool.rs;crates/reify-eval/tests
reify,3523,medium,2026-06-20T16:45:47.452881+00:00,2026-06-20T16:59:26.030622+00:00,0.2274,used,3,2,0,0.682,0.227,0.222,0,crates/reify-compiler/src/units.rs;crates/reify-eval/src/geometry_ops.rs;crates/reify-eval/tests/selector_vocabulary_v2_e2e.rs
reify,3556,medium,2026-06-20T16:59:26.273602+00:00,2026-06-20T17:12:46.695841+00:00,0.2223,used,5,2,0,1.112,0.442,0.000,0,crates/reify-compiler/src;crates/reify-compiler/tests;crates/reify-compiler/tests/fixtures/eval_annotation_smoke.ri;crates/reify-eval/src;crates/reify-types/src
reify,3580,medium,2026-06-20T17:12:48.798629+00:00,2026-06-20T17:12:49.663222+00:00,0.0002,used,2,2,0,0.000,0.000,0.000,0,crates/reify-eval/src;crates/reify-eval/tests
reify,3768,medium,2026-06-20T17:12:50.883984+00:00,2026-06-20T17:26:34.940256+00:00,0.2289,used,37,2,0,8.469,8.240,0.000,0,.config/nextest.toml;Cargo.lock;Cargo.toml;crates/reify-cli/Cargo.toml;crates/reify-cli/src/main.rs;crates/reify-eval-fea;crates/reify-eval-fea/Cargo.toml;crates/reify-eval-fea/src;crates/reify-eval-fea/src/lib.rs;crates/reify-eval-fea/tests;crates/reify-eval/Cargo.toml;crates/reify-eval/src/compute_targets;crates/reify-eval/src/dynamics_ops.rs;crates/reify-eval/src/dynamics_psd.rs;crates/reify-eval/src/engine_build.rs;crates/reify-eval/src/engine_compute.rs;crates/reify-eval/src/engine_eval.rs;crates/reify-eval/src/lib.rs;crates/reify-eval/src/mass_props.rs;crates/reify-eval/src/modal_ops.rs;crates/reify-eval/src/multi_load_dispatch.rs;crates/reify-eval/src/shell_routing.rs;crates/reify-eval/src/solver_progress.rs;crates/reify-eval/src/test_runner.rs;crates/reify-eval/src/trajectory_ops.rs;crates/reify-eval/tests;docs/measurements/fea-decomposition-selection.md;docs/prds/verify-scope-contract.md;gui/src-tauri/Cargo.toml;gui/src-tauri/src/engine.rs;scripts/affected-crates-lib.sh;scripts/occt-touching-crates.txt;tests/infra/test_affected_crates_lib.sh;tests/infra/test_fea_crate_selection.sh;tests/infra/test_fea_decoupling.sh;tests/infra/test_occt_gated_scope.sh;tests/infra/test_verify_scope.sh
reify,3466,medium,2026-06-21T06:14:43.082881+00:00,2026-06-21T06:21:00.911802+00:00,0.1050,evicted,17,2,0,1.784,0.420,4.008,1,crates/reify-compiler/src/geometry.rs;crates/reify-compiler/src/geometry_traits_inference.rs;crates/reify-compiler/src/types.rs;crates/reify-compiler/src/units.rs;crates/reify-compiler/tests/geometry_traits_inference_tests.rs;crates/reify-eval/src/engine_build.rs;crates/reify-eval/src/geometry_ops.rs;crates/reify-eval/src/primitive_attribute_seed.rs;crates/reify-eval/src/sweep_classifier.rs;crates/reify-eval/tests/extrude_infinite_e2e.rs;crates/reify-ir/src/geometry.rs;crates/reify-kernel-occt/cpp/occt_wrapper.cpp;crates/reify-kernel-occt/cpp/occt_wrapper.h;crates/reify-kernel-occt/src/ffi.rs;crates/reify-kernel-occt/src/lib.rs;crates/reify-kernel-occt/tests/extrude_infinite_integration.rs;examples/extrude_infinite.ri
reify,4509,critical,2026-06-21T06:21:00.911078+00:00,2026-06-21T09:40:27.520943+00:00,3.3241,era_death,8,1,0,26.592,23.538,0.922,0,crates/reify-eval/src/lib.rs;crates/reify-eval/src/realization_content.rs;crates/reify-eval/src/realization_read_gamma.rs;crates/reify-ir/src/geometry.rs;crates/reify-kernel-gmsh/src/kernel.rs;crates/reify-kernel-gmsh/src/kernel_real.rs;crates/reify-kernel-gmsh/tests/mesh_to_volume_tests.rs;crates/reify-test-support/src/mocks.rs
reify,4531,critical,2026-06-21T10:34:36.172734+00:00,2026-06-21T10:35:43.671757+00:00,0.0187,used,5,1,0,0.094,0.039,0.001,0,crates/reify-eval/src/engine_edit.rs;crates/reify-eval/src/engine_fixpoint.rs;crates/reify-eval/tests/common/differential.rs;crates/reify-eval/tests/edit_source.rs;crates/reify-eval/tests/unified_dag_edit_path.rs
reify,3466,medium,2026-06-21T10:21:30.008253+00:00,2026-06-21T10:37:37.807188+00:00,0.2688,evicted,17,2,0,4.570,3.796,12.674,1,crates/reify-compiler/src/geometry.rs;crates/reify-compiler/src/geometry_traits_inference.rs;crates/reify-compiler/src/types.rs;crates/reify-compiler/src/units.rs;crates/reify-compiler/tests/geometry_traits_inference_tests.rs;crates/reify-eval/src/engine_build.rs;crates/reify-eval/src/geometry_ops.rs;crates/reify-eval/src/primitive_attribute_seed.rs;crates/reify-eval/src/sweep_classifier.rs;crates/reify-eval/tests/extrude_infinite_e2e.rs;crates/reify-ir/src/geometry.rs;crates/reify-kernel-occt/cpp/occt_wrapper.cpp;crates/reify-kernel-occt/cpp/occt_wrapper.h;crates/reify-kernel-occt/src/ffi.rs;crates/reify-kernel-occt/src/lib.rs;crates/reify-kernel-occt/tests/extrude_infinite_integration.rs;examples/extrude_infinite.ri
reify,4652,high,2026-06-21T10:37:37.801133+00:00,2026-06-21T22:10:04.646128+00:00,11.5408,era_death,21,1,0,242.357,219.163,1.133,600,crates/reify-eval/src/dynamics_ops.rs;crates/reify-eval/src/engine_build.rs;crates/reify-eval/src/engine_compute.rs;crates/reify-eval/src/engine_eval.rs;crates/reify-eval/src/geometry_ops.rs;crates/reify-eval/src/lib.rs;crates/reify-eval/src/significance_filter.rs;crates/reify-eval/src/tolerance_combine.rs;crates/reify-eval/tests/ad_hoc_selector_smoke_tests.rs;crates/reify-eval/tests/cross_sub_geometry_e2e.rs;crates/reify-eval/tests/fields_restrict_e2e.rs;crates/reify-eval/tests/geometry_handle_freshness.rs;crates/reify-eval/tests/geometry_handle_persistent_cache_round_trip.rs;crates/reify-eval/tests/geometry_handle_value_cell_e2e.rs;crates/reify-eval/tests/selector_boundary_gate.rs;crates/reify-eval/tests/spec_shape_physical_golden.rs;crates/reify-eval/tests/symbolic_geometry_eval.rs;crates/reify-eval/tests/topology_selector_runtime.rs;crates/reify-ir/src/value.rs;crates/reify-stdlib/src/dfm.rs;crates/reify-stdlib/src/tolerancing.rs
reify,4652,high,2026-06-21T23:18:03.856200+00:00,2026-06-21T23:32:45.889458+00:00,0.2450,used,21,1,0,5.145,3.186,1.219,0,crates/reify-eval/src/dynamics_ops.rs;crates/reify-eval/src/engine_build.rs;crates/reify-eval/src/engine_compute.rs;crates/reify-eval/src/engine_eval.rs;crates/reify-eval/src/geometry_ops.rs;crates/reify-eval/src/lib.rs;crates/reify-eval/src/significance_filter.rs;crates/reify-eval/src/tolerance_combine.rs;crates/reify-eval/tests/ad_hoc_selector_smoke_tests.rs;crates/reify-eval/tests/cross_sub_geometry_e2e.rs;crates/reify-eval/tests/fields_restrict_e2e.rs;crates/reify-eval/tests/geometry_handle_freshness.rs;crates/reify-eval/tests/geometry_handle_persistent_cache_round_trip.rs;crates/reify-eval/tests/geometry_handle_value_cell_e2e.rs;crates/reify-eval/tests/selector_boundary_gate.rs;crates/reify-eval/tests/spec_shape_physical_golden.rs;crates/reify-eval/tests/symbolic_geometry_eval.rs;crates/reify-eval/tests/topology_selector_runtime.rs;crates/reify-ir/src/value.rs;crates/reify-stdlib/src/dfm.rs;crates/reify-stdlib/src/tolerancing.rs
reify,4674,high,2026-06-21T23:32:46.150530+00:00,2026-06-22T00:45:55.319692+00:00,1.2192,used,1,1,0,1.219,0.000,0.586,0,crates/reify-eval/src/geometry_ops.rs
reify,3440,medium,2026-06-22T00:45:55.605897+00:00,2026-06-22T01:21:06.308421+00:00,0.5863,used,3,2,0,1.759,0.803,0.234,0,crates/reify-eval/src/geometry_ops.rs;crates/reify-ir/src/geometry.rs;docs/architecture-audit/gr020-multi-kernel-phase-3-filing-log.md
reify,3465,medium,2026-06-22T01:21:08.500393+00:00,2026-06-22T01:35:07.337782+00:00,0.2330,used,21,2,0,4.893,4.660,0.257,0,crates/reify-compiler/src/geometry.rs;crates/reify-compiler/src/geometry_traits_inference.rs;crates/reify-compiler/src/types.rs;crates/reify-compiler/src/units.rs;crates/reify-compiler/tests/geometry_traits_inference_tests.rs;crates/reify-compiler/tests/half_space_compile_tests.rs;crates/reify-eval/src/engine_build.rs;crates/reify-eval/src/geometry_ops.rs;crates/reify-eval/src/primitive_attribute_seed.rs;crates/reify-eval/tests/half_space_e2e.rs;crates/reify-ir/src/geometry.rs;crates/reify-kernel-occt/cpp/occt_wrapper.cpp;crates/reify-kernel-occt/cpp/occt_wrapper.h;crates/reify-kernel-occt/src/ffi.rs;crates/reify-kernel-occt/src/lib.rs;crates/reify-kernel-occt/src/register.rs;crates/reify-kernel-occt/tests/half_space_integration.rs;crates/reify-kernel-occt/tests/inventory_registration.rs;crates/reify-lsp/src/completion.rs;crates/reify-test-support/src/mocks.rs;examples/half_space.ri
reify,3466,medium,2026-06-22T01:35:07.686415+00:00,2026-06-22T01:50:32.328641+00:00,0.2568,used,17,2,0,4.366,1.028,0.417,0,crates/reify-compiler/src/geometry.rs;crates/reify-compiler/src/geometry_traits_inference.rs;crates/reify-compiler/src/types.rs;crates/reify-compiler/src/units.rs;crates/reify-compiler/tests/geometry_traits_inference_tests.rs;crates/reify-eval/src/engine_build.rs;crates/reify-eval/src/geometry_ops.rs;crates/reify-eval/src/primitive_attribute_seed.rs;crates/reify-eval/src/sweep_classifier.rs;crates/reify-eval/tests/extrude_infinite_e2e.rs;crates/reify-ir/src/geometry.rs;crates/reify-kernel-occt/cpp/occt_wrapper.cpp;crates/reify-kernel-occt/cpp/occt_wrapper.h;crates/reify-kernel-occt/src/ffi.rs;crates/reify-kernel-occt/src/lib.rs;crates/reify-kernel-occt/tests/extrude_infinite_integration.rs;examples/extrude_infinite.ri
reify,3468,medium,2026-06-22T01:50:47.471495+00:00,2026-06-22T02:15:34.958041+00:00,0.4132,used,3,2,0,1.240,0.413,0.000,0,crates/reify-eval/src;crates/reify-eval/src/warm_state_pool.rs;crates/reify-eval/tests
reify,3523,medium,2026-06-22T02:15:35.112228+00:00,2026-06-22T02:15:35.884260+00:00,0.0002,used,3,2,0,0.001,0.000,0.000,0,crates/reify-compiler/src/units.rs;crates/reify-eval/src/geometry_ops.rs;crates/reify-eval/tests/selector_vocabulary_v2_e2e.rs
reify,3556,medium,2026-06-22T02:15:36.837329+00:00,2026-06-22T02:25:16.130804+00:00,0.1609,used,5,2,0,0.805,0.582,0.421,0,crates/reify-compiler/src;crates/reify-compiler/tests;crates/reify-compiler/tests/fixtures/eval_annotation_smoke.ri;crates/reify-eval/src;crates/reify-types/src
reify,3572,medium,2026-06-22T02:25:31.532726+00:00,2026-06-22T02:50:31.731543+00:00,0.4167,used,4,2,0,1.667,0.417,0.000,0,crates/reify-compiler/src;crates/reify-config/src;crates/reify-eval/src;crates/reify-eval/src/warm_state_pool.rs
reify,3931,medium,2026-06-22T02:50:33.859624+00:00,2026-06-22T02:56:45.897505+00:00,0.1033,used,3,2,0,0.310,0.103,0.359,0,crates/reify-compiler/src;crates/reify-eval/src;crates/reify-eval/tests/fixtures
reify,3940,medium,2026-06-22T02:57:02.088976+00:00,2026-06-22T03:18:19.237634+00:00,0.3548,used,78,2,0,27.672,10.288,0.000,0,crates/reify-cli/tests/cli_check.rs;crates/reify-compiler/src/connect.rs;crates/reify-compiler/src/entity.rs;crates/reify-compiler/src/expr.rs;crates/reify-compiler/src/forall_elaborate.rs;crates/reify-compiler/src/functions.rs;crates/reify-compiler/src/geometry.rs;crates/reify-compiler/src/geometry_boolean.rs;crates/reify-compiler/src/guards.rs;crates/reify-compiler/src/prelude_context.rs;crates/reify-compiler/src/traits.rs;crates/reify-compiler/src/type_resolution.rs;crates/reify-compiler/src/types.rs;crates/reify-compiler/tests/boundary2_producer.rs;crates/reify-compiler/tests/buckling_stdlib_compile.rs;crates/reify-compiler/tests/constraint_inst_tests.rs;crates/reify-compiler/tests/constructor_hash_tests.rs;crates/reify-compiler/tests/doc_propagation_tests.rs;crates/reify-compiler/tests/fdm_stdlib_compile.rs;crates/reify-compiler/tests/io_traits_tests.rs;crates/reify-compiler/tests/match_arm_decl_group_compile_tests.rs;crates/reify-compiler/tests/match_arm_decl_group_typing_tests.rs;crates/reify-compiler/tests/match_block_decl_lowering_tests.rs;crates/reify-compiler/tests/materials_chemical_tests.rs;crates/reify-compiler/tests/materials_mechanical_tests.rs;crates/reify-compiler/tests/modal_options_validation_tests.rs;crates/reify-compiler/tests/parse_with_stdlib_tests.rs;crates/reify-compiler/tests/ports_stdlib_compile.rs;crates/reify-compiler/tests/prelude_context_tests.rs;crates/reify-compiler/tests/prepass_consolidation_tests.rs;crates/reify-compiler/tests/process_stdlib_compile.rs;crates/reify-compiler/tests/solver_elastic_tests.rs;crates/reify-compiler/tests/stackup_stdlib_tests.rs;crates/reify-compiler/tests/stdlib_loader_tests.rs;crates/reify-compiler/tests/sub_placement_lowering_tests.rs;crates/reify-compiler/tests/tolerancing_tests.rs;crates/reify-compiler/tests/trajectory_stdlib_compile.rs;crates/reify-compiler/tests/type_error_propagation_tests.rs;crates/reify-constraints/src/cpsat.rs;crates/reify-constraints/tests/cpsat_tests.rs;crates/reify-doc-build/src/build.rs;crates/reify-doc/tests/fmt_html_tests.rs;crates/reify-doc/tests/fmt_markdown_tests.rs;crates/reify-eval/src/engine_purposes.rs;crates/reify-eval/src/lib.rs;crates/reify-eval/src/modal_ops.rs;crates/reify-eval/src/structural_classifier.rs;crates/reify-eval/src/tolerance_combine.rs;crates/reify-eval/tests/buckling_element_order_dispatch.rs;crates/reify-eval/tests/drivebelt_trait_bounds.rs;crates/reify-eval/tests/geometry_conditional_e2e.rs;crates/reify-eval/tests/input_shape_tots_compute_node.rs;crates/reify-eval/tests/m5_integration.rs;crates/reify-eval/tests/m8_3_stdlib_integration.rs;crates/reify-eval/tests/m8_m11_regression_checkpoint.rs;crates/reify-eval/tests/prelude_sub_elaboration.rs;crates/reify-eval/tests/simulate_trajectory_compute_node.rs;crates/reify-eval/tests/zv_shaped_ramp_db_reduction.rs;crates/reify-expr/src/lib.rs;crates/reify-expr/tests/field_calculus_tests.rs;crates/reify-expr/tests/from_samples_dispatch_tests.rs;crates/reify-expr/tests/stackup_diagnostic_emission.rs;crates/reify-ir/src/expr.rs;crates/reify-ir/src/lib.rs;crates/reify-ir/src/traits.rs;crates/reify-ir/src/value.rs;crates/reify-ir/tests/api_surface.rs;crates/reify-lsp/src/analysis.rs;crates/reify-lsp/src/diagnostics.rs;crates/reify-lsp/src/goto_def.rs;crates/reify-lsp/src/hover.rs;crates/reify-stdlib/src/dfm.rs;crates/reify-stdlib/src/stackup.rs;crates/reify-stdlib/src/tolerancing.rs;crates/reify-stdlib/tests/orientation_tests.rs;crates/reify-test-support/src/helpers.rs;crates/reify-test-support/src/values.rs;crates/reify-test-support/tests/builder_compiler_hash_agreement.rs
reify,3941,medium,2026-06-22T03:18:19.378642+00:00,2026-06-22T03:18:20.199365+00:00,0.0002,used,12,2,0,0.003,0.001,0.001,0,crates/reify-compiler/src/entity.rs;crates/reify-compiler/src/expr.rs;crates/reify-compiler/src/functions.rs;crates/reify-compiler/src/scope.rs;crates/reify-compiler/src/types.rs;crates/reify-compiler/tests/deep_dot_chain_tests.rs;crates/reify-compiler/tests/shadowing_warning_tests.rs;crates/reify-compiler/tests/trait_assoc_fn_instance_tests.rs;crates/reify-core/src/diagnostics.rs;crates/reify-eval/tests/trait_assoc_fn_cylinder.rs;crates/reify-expr/src/lib.rs;examples/trait_assoc_fn_cylinder.ri
reify,3978,medium,2026-06-22T03:18:20.686933+00:00,2026-06-22T03:18:22.357278+00:00,0.0005,used,3,2,0,0.001,0.000,0.000,0,crates/reify-compiler/src;crates/reify-compiler/tests;crates/reify-eval/src
reify,4019,medium,2026-06-22T03:18:25.614075+00:00,2026-06-22T03:24:41.118107+00:00,0.1043,used,4,2,0,0.417,0.313,7.492,0,crates/reify-cli/tests/cli_check.rs;crates/reify-core/src/diagnostics.rs;crates/reify-eval/src/engine_eval.rs;crates/reify-eval/tests/underdetermined.rs
reify,4674,high,2026-06-22T11:17:10.936607+00:00,2026-06-22T18:29:41.342762+00:00,7.2084,silent_owner_dispatch_then_release,1,1,1,7.208,0.000,0.129,1059,crates/reify-eval/src/geometry_ops.rs
reify,3931,medium,2026-06-22T10:54:13.994566+00:00,2026-06-22T18:29:42.008390+00:00,7.5911,silent_owner_dispatch_then_release,19,2,1,144.231,106.106,0.129,0,crates/reify-ast/src/decl.rs;crates/reify-cli/tests/cli_keyed_eval.rs;crates/reify-cli/tests/fixtures/keyed_missing_key.ri;crates/reify-compiler/src/connect.rs;crates/reify-compiler/src/diagnostics.rs;crates/reify-compiler/src/entity.rs;crates/reify-compiler/src/expr.rs;crates/reify-compiler/src/scc.rs;crates/reify-compiler/src/scope.rs;crates/reify-compiler/src/type_resolution.rs;crates/reify-compiler/src/types.rs;crates/reify-compiler/tests/keyed_sub_resolution_tests.rs;crates/reify-core/src/diagnostics.rs;crates/reify-eval/src/engine_eval.rs;crates/reify-eval/src/graph.rs;crates/reify-eval/tests/keyed_sub_eval.rs;crates/reify-syntax/src/ts_parser.rs;crates/reify-syntax/tests/keyed_sub_member_block_parser_tests.rs;examples/keyed_vents.ri
reify,4653,high,2026-06-22T12:21:30.709058+00:00,2026-06-22T18:29:42.254962+00:00,6.1365,era_death,3,1,0,18.410,18.410,6.032,0,crates/reify-eval/src/topology_selectors.rs;crates/reify-eval/tests/symbolic_target_selector_eval.rs;tests/prd-gate/fixtures/faces_by_normal_symbolic_eval_silent.ri
reify,4509,critical,2026-06-22T14:31:46.711720+00:00,2026-06-22T18:29:42.254962+00:00,3.9654,era_death,8,1,0,31.723,29.436,0.129,0,crates/reify-eval/src/lib.rs;crates/reify-eval/src/realization_content.rs;crates/reify-eval/src/realization_read_gamma.rs;crates/reify-ir/src/geometry.rs;crates/reify-kernel-gmsh/src/kernel.rs;crates/reify-kernel-gmsh/src/kernel_real.rs;crates/reify-kernel-gmsh/tests/mesh_to_volume_tests.rs;crates/reify-test-support/src/mocks.rs
reify,3440,medium,2026-06-22T18:37:26.654823+00:00,2026-06-22T18:55:08.022488+00:00,0.2948,used,3,2,0,0.884,0.590,0.001,0,crates/reify-eval/src/geometry_ops.rs;crates/reify-ir/src/geometry.rs;docs/architecture-audit/gr020-multi-kernel-phase-3-filing-log.md
reify,3465,medium,2026-06-22T18:55:10.661730+00:00,2026-06-22T18:55:43.691241+00:00,0.0092,evicted,21,2,0,0.193,0.182,1.161,1,crates/reify-compiler/src/geometry.rs;crates/reify-compiler/src/geometry_traits_inference.rs;crates/reify-compiler/src/types.rs;crates/reify-compiler/src/units.rs;crates/reify-compiler/tests/geometry_traits_inference_tests.rs;crates/reify-compiler/tests/half_space_compile_tests.rs;crates/reify-eval/src/engine_build.rs;crates/reify-eval/src/geometry_ops.rs;crates/reify-eval/src/primitive_attribute_seed.rs;crates/reify-eval/tests/half_space_e2e.rs;crates/reify-ir/src/geometry.rs;crates/reify-kernel-occt/cpp/occt_wrapper.cpp;crates/reify-kernel-occt/cpp/occt_wrapper.h;crates/reify-kernel-occt/src/ffi.rs;crates/reify-kernel-occt/src/lib.rs;crates/reify-kernel-occt/src/register.rs;crates/reify-kernel-occt/tests/half_space_integration.rs;crates/reify-kernel-occt/tests/inventory_registration.rs;crates/reify-lsp/src/completion.rs;crates/reify-test-support/src/mocks.rs;examples/half_space.ri
reify,4653,high,2026-06-22T18:55:43.685009+00:00,2026-06-22T20:04:58.085491+00:00,1.1540,era_death,4,1,0,4.616,2.309,4.445,0,crates/reify-eval/src/engine_edit.rs;crates/reify-eval/src/engine_eval.rs;crates/reify-eval/src/geometry_ops.rs;crates/reify-eval/tests/symbolic_selector_eval.rs
reify,3429,high,2026-06-22T22:10:41.967443+00:00,2026-06-22T22:10:42.234205+00:00,0.0001,used,2,1,0,0.000,0.000,2.349,0,crates/reify-eval/src/engine_build.rs;crates/reify-eval/tests/mesh_morph_volume_mesh_e2e.rs
reify,4362,critical,2026-06-23T00:31:23.268575+00:00,2026-06-23T00:31:38.502298+00:00,0.0042,used,1,1,0,0.004,0.000,0.176,0,crates/reify-eval/src
reify,4651,high,2026-06-22T22:12:05.428508+00:00,2026-06-23T00:42:11.728193+00:00,2.5017,used,5,1,0,12.509,6.836,1.902,1,crates/reify-core/src/diagnostics.rs;crates/reify-eval/src/engine_eval.rs;crates/reify-eval/src/geometry_ops.rs;crates/reify-eval/tests/eval_unresolved_geometry_consumers.rs;docs/prds/v0_6/value-eval-geometry-addressing.md
reify,4362,critical,2026-06-23T00:42:54.421631+00:00,2026-06-23T02:36:18.150365+00:00,1.8899,used,13,1,0,24.569,17.009,1.380,0,crates/reify-eval/Cargo.toml;crates/reify-eval/src/engine_admin.rs;crates/reify-eval/src/engine_fixpoint.rs;crates/reify-eval/src/geometry_ops.rs;crates/reify-eval/src/lib.rs;crates/reify-eval/tests/dfm_fits_build_volume_e2e.rs;crates/reify-eval/tests/fillet_curated_edges_e2e.rs;crates/reify-eval/tests/process_dfm_e2e.rs;crates/reify-eval/tests/topology_selector_smoke_tests.rs;crates/reify-eval/tests/unified_dag_edit_path.rs;docs/design/engine-unified-build-dag-option-a.md;docs/prds/v0_6/engine-unified-build-dag.capability-manifest.md;docs/prds/v0_6/engine-unified-build-dag.md
reify,4651,high,2026-06-23T02:36:49.671677+00:00,2026-06-23T05:29:09.012597+00:00,2.8720,silent_owner_dispatch_then_release,5,1,1,14.360,4.115,0.000,604,crates/reify-core/src/diagnostics.rs;crates/reify-eval/src/engine_eval.rs;crates/reify-eval/src/geometry_ops.rs;crates/reify-eval/tests/value_eval_unresolved_consumer.rs;docs/prds/v0_6/value-eval-geometry-addressing.md
reify,4386,critical,2026-06-23T04:16:08.874604+00:00,2026-06-23T05:29:09.116566+00:00,1.2167,used,15,1,0,18.251,10.951,2.572,0,crates/reify-compiler/src/entity.rs;crates/reify-compiler/src/expr.rs;crates/reify-compiler/src/types.rs;crates/reify-compiler/tests/relate_threading_tests.rs;crates/reify-constraints/src/lib.rs;crates/reify-constraints/src/relate_solve.rs;crates/reify-constraints/src/solvespace.rs;crates/reify-constraints/tests/relate_solve_tests.rs;crates/reify-eval/src/engine_eval.rs;crates/reify-eval/src/geometry_ops.rs;crates/reify-eval/src/lib.rs;crates/reify-eval/src/relate_solve.rs;crates/reify-eval/tests/relate_solve_e2e.rs;crates/reify-test-support/src/builders/topology.rs;examples/geometric_relations/bolt_plate.ri
reify,4726,high,2026-06-23T02:56:02.024833+00:00,2026-06-23T08:03:27.502369+00:00,5.1237,used,5,1,0,25.619,10.247,3.548,0,crates/reify-eval/src/engine_build.rs;crates/reify-eval/src/engine_compute.rs;crates/reify-eval/src/realization_content.rs;crates/reify-eval/tests/as_printed_body_realization_e2e.rs;examples/fdm_bracket.ri
reify,4386,critical,2026-06-23T08:03:57.922108+00:00,2026-06-23T11:36:20.253518+00:00,3.5395,used,15,1,0,53.093,37.636,3.739,0,crates/reify-compiler/src/entity.rs;crates/reify-compiler/src/expr.rs;crates/reify-compiler/src/types.rs;crates/reify-compiler/tests/relate_threading_tests.rs;crates/reify-constraints/src/lib.rs;crates/reify-constraints/src/relate_solve.rs;crates/reify-constraints/src/solvespace.rs;crates/reify-constraints/tests/relate_solve_tests.rs;crates/reify-eval/src/engine_eval.rs;crates/reify-eval/src/geometry_ops.rs;crates/reify-eval/src/lib.rs;crates/reify-eval/src/relate_solve.rs;crates/reify-eval/tests/relate_solve_e2e.rs;crates/reify-test-support/src/builders/topology.rs;examples/geometric_relations/bolt_plate.ri
reify,4728,high,2026-06-23T08:03:27.607124+00:00,2026-06-23T11:36:20.411809+00:00,3.5480,used,2,1,0,7.096,0.000,3.739,0,crates/reify-eval/src/engine_build.rs;crates/reify-eval/src/graph.rs
reify,3465,medium,2026-06-22T20:05:25.280268+00:00,2026-06-23T12:33:01.403383+00:00,16.4600,era_death,21,2,0,345.661,276.389,0.027,3396,crates/reify-compiler/src/geometry.rs;crates/reify-compiler/src/geometry_traits_inference.rs;crates/reify-compiler/src/types.rs;crates/reify-compiler/src/units.rs;crates/reify-compiler/tests/geometry_traits_inference_tests.rs;crates/reify-compiler/tests/half_space_compile_tests.rs;crates/reify-eval/src/engine_build.rs;crates/reify-eval/src/geometry_ops.rs;crates/reify-eval/src/primitive_attribute_seed.rs;crates/reify-eval/tests/half_space_e2e.rs;crates/reify-ir/src/geometry.rs;crates/reify-kernel-occt/cpp/occt_wrapper.cpp;crates/reify-kernel-occt/cpp/occt_wrapper.h;crates/reify-kernel-occt/src/ffi.rs;crates/reify-kernel-occt/src/lib.rs;crates/reify-kernel-occt/src/register.rs;crates/reify-kernel-occt/tests/half_space_integration.rs;crates/reify-kernel-occt/tests/inventory_registration.rs;crates/reify-lsp/src/completion.rs;crates/reify-test-support/src/mocks.rs;examples/half_space.ri
reify,4737,high,2026-06-23T11:36:20.679845+00:00,2026-06-23T12:33:01.403383+00:00,0.9446,era_death,17,1,0,16.059,9.446,0.027,0,crates/reify-eval/src/demand.rs;crates/reify-eval/src/engine_admin.rs;crates/reify-eval/src/engine_build.rs;crates/reify-eval/src/engine_constraints.rs;crates/reify-eval/src/engine_demand.rs;crates/reify-eval/src/engine_eval.rs;crates/reify-eval/src/lib.rs;crates/reify-eval/tests/common/differential.rs;crates/reify-eval/tests/selective_demand_alpha.rs;gui/src-tauri/src/commands.rs;gui/src-tauri/src/engine.rs;gui/src-tauri/src/main.rs;gui/src/App.tsx;gui/src/__tests__/selectiveDemand.test.ts;gui/src/bridge.ts;gui/src/stores/engineStore.ts;gui/src/stores/viewStateStore.ts
reify,4737,high,2026-06-23T12:34:38.241443+00:00,2026-06-23T12:36:40.807920+00:00,0.0340,era_death,17,1,0,0.579,0.409,0.002,0,crates/reify-eval/src/demand.rs;crates/reify-eval/src/engine_admin.rs;crates/reify-eval/src/engine_build.rs;crates/reify-eval/src/engine_constraints.rs;crates/reify-eval/src/engine_demand.rs;crates/reify-eval/src/engine_eval.rs;crates/reify-eval/src/lib.rs;crates/reify-eval/tests/common/differential.rs;crates/reify-eval/tests/selective_demand_alpha.rs;gui/src-tauri/src/commands.rs;gui/src-tauri/src/engine.rs;gui/src-tauri/src/main.rs;gui/src/App.tsx;gui/src/__tests__/selectiveDemand.test.ts;gui/src/bridge.ts;gui/src/stores/engineStore.ts;gui/src/stores/viewStateStore.ts
reify,4743,high,2026-06-23T12:36:46.821768+00:00,2026-06-23T13:24:36.108778+00:00,0.7970,era_death,3,1,0,2.391,0.797,0.011,0,crates/reify-eval/src/engine_build.rs;crates/reify-eval/src/engine_eval.rs;crates/reify-eval/tests
reify,4743,high,2026-06-23T13:25:17.566143+00:00,2026-06-23T13:27:43.917621+00:00,0.0407,era_death,3,1,0,0.122,0.041,0.009,0,crates/reify-eval/src/engine_build.rs;crates/reify-eval/src/engine_eval.rs;crates/reify-eval/tests
reify,4743,high,2026-06-23T13:28:15.211546+00:00,2026-06-23T15:20:39.663659+00:00,1.8735,used,3,1,0,5.620,1.876,0.351,0,crates/reify-eval/src/engine_build.rs;crates/reify-eval/src/engine_eval.rs;crates/reify-eval/tests
reify,4737,high,2026-06-23T15:20:42.372340+00:00,2026-06-23T15:41:42.928738+00:00,0.3502,used,17,1,0,5.953,4.552,6.755,0,crates/reify-eval/src/demand.rs;crates/reify-eval/src/engine_admin.rs;crates/reify-eval/src/engine_build.rs;crates/reify-eval/src/engine_constraints.rs;crates/reify-eval/src/engine_demand.rs;crates/reify-eval/src/engine_eval.rs;crates/reify-eval/src/lib.rs;crates/reify-eval/tests/common/differential.rs;crates/reify-eval/tests/selective_demand_alpha.rs;gui/src-tauri/src/commands.rs;gui/src-tauri/src/engine.rs;gui/src-tauri/src/main.rs;gui/src/App.tsx;gui/src/__tests__/selectiveDemand.test.ts;gui/src/bridge.ts;gui/src/stores/engineStore.ts;gui/src/stores/viewStateStore.ts
reify,4398,critical,2026-06-23T16:02:34.873444+00:00,2026-06-23T22:27:02.532070+00:00,6.4077,used,2,1,0,12.815,6.408,3.888,0,crates/reify-eval/src/engine_build.rs;crates/reify-stdlib/src/joints.rs
reify,4734,high,2026-06-23T15:41:43.026126+00:00,2026-06-24T02:56:01.826924+00:00,11.2386,silent_owner_dispatch_then_release,4,1,1,44.954,7.776,2.914,2584,crates/reify-eval/src/engine_build.rs;crates/reify-eval/src/engine_constraints.rs;crates/reify-eval/src/engine_eval.rs;crates/reify-eval/tests/process_dfm_e2e.rs
reify,4743,high,2026-06-23T15:42:13.353470+00:00,2026-06-24T05:50:51.218896+00:00,14.1439,used,8,1,0,113.151,57.225,3.959,0,crates/reify-eval/Cargo.toml;crates/reify-eval/src/engine_admin.rs;crates/reify-eval/src/engine_compute.rs;crates/reify-eval/src/lib.rs;crates/reify-eval/tests/fixtures/volume_mesh_box.ri;crates/reify-eval/tests/volume_mesh_realization_e2e.rs;crates/reify-ir/src/geometry.rs;crates/reify-kernel-gmsh/src/kernel_real.rs
reify,4738,high,2026-06-24T05:50:51.350053+00:00,2026-06-24T10:11:01.359313+00:00,4.3361,silent_owner_dispatch_then_release,3,1,1,13.008,7.918,7.978,0,crates/reify-eval/src/dirty.rs;crates/reify-eval/src/engine_build.rs;crates/reify-eval/src/engine_fixpoint.rs
reify,4399,critical,2026-06-24T09:03:52.907905+00:00,2026-06-24T14:32:46.831291+00:00,5.4816,used,4,1,0,21.927,10.963,150.548,0,crates/reify-eval/src/relate_solve.rs;crates/reify-eval/src/snapshot.rs;crates/reify-eval/tests/relate_solve_e2e.rs;examples/kinematic/relate_mounted_revolute.ri
reify,4399,critical,2026-06-24T14:53:27.162037+00:00,2026-06-24T18:09:42.375005+00:00,3.2709,used,7,1,0,22.896,9.813,27.578,0,crates/reify-compiler/src/joint_signatures.rs;crates/reify-eval/src/engine_build.rs;crates/reify-eval/src/relate_solve.rs;crates/reify-eval/tests/relate_mounted_joint_sweep_e2e.rs;docs/prds/v0_6/geometric-joints.capability-manifest.md;examples/kinematic/relate_mounted_fourbar.ri;examples/kinematic/relate_mounted_revolute.ri
reify,4091,high,2026-06-24T14:32:46.933366+00:00,2026-06-24T22:09:27.835927+00:00,7.6114,era_death,2,1,0,15.223,0.000,12.273,0,crates/reify-eval/src/compute_targets/elastic_static.rs;crates/reify-eval/src/engine_eval.rs
reify,4091,high,2026-06-24T23:04:52.990560+00:00,2026-06-25T10:24:29.069384+00:00,11.3267,era_death,3,1,0,33.980,22.654,0.022,0,crates/reify-eval/src/compute_targets/elastic_static.rs;crates/reify-eval/src/engine_build.rs;crates/reify-eval/src/engine_eval.rs
reify,4837,critical,2026-06-25T14:43:14.797429+00:00,2026-06-25T16:35:15.758282+00:00,1.8669,used,6,1,0,11.202,10.686,0.241,0,docs/prds/test-run-concurrency-semaphore.md;orchestrator.yaml;scripts/lib_test_semaphore.sh;scripts/verify.sh;tests/infra/test_test_run_semaphore.sh;tests/infra/test_verify_semaphore_e2e.sh
reify,4399,critical,2026-06-25T16:35:15.961597+00:00,2026-06-25T16:35:16.126002+00:00,0.0000,used,7,1,0,0.000,0.000,5.152,0,crates/reify-compiler/src/joint_signatures.rs;crates/reify-eval/src/engine_build.rs;crates/reify-eval/src/relate_solve.rs;crates/reify-eval/tests/relate_mounted_joint_sweep_e2e.rs;docs/prds/v0_6/geometric-joints.capability-manifest.md;examples/kinematic/relate_mounted_fourbar.ri;examples/kinematic/relate_mounted_revolute.ri
reify,4091,high,2026-06-25T10:25:50.006344+00:00,2026-06-25T19:06:56.662313+00:00,8.6852,era_death,3,1,0,26.056,11.911,0.021,1,crates/reify-eval/src/compute_targets/elastic_static.rs;crates/reify-eval/src/engine_build.rs;crates/reify-eval/src/engine_eval.rs
reify,4091,high,2026-06-25T19:08:20.760381+00:00,2026-06-25T21:44:22.863451+00:00,2.6006,used,3,1,0,7.802,5.610,6.410,0,crates/reify-eval/src/compute_targets/elastic_static.rs;crates/reify-eval/src/engine_build.rs;crates/reify-eval/src/engine_eval.rs
reify,4728,high,2026-06-25T21:44:23.055489+00:00,2026-06-26T04:09:00.360407+00:00,6.4104,used,13,1,0,83.335,77.187,0.000,0,crates/reify-eval/src/compute_cache_key.rs;crates/reify-eval/src/demand.rs;crates/reify-eval/src/deps.rs;crates/reify-eval/src/dirty.rs;crates/reify-eval/src/engine_build.rs;crates/reify-eval/src/engine_compute.rs;crates/reify-eval/src/graph.rs;crates/reify-eval/src/realization_content.rs;crates/reify-eval/src/realization_read_gamma.rs;crates/reify-eval/src/structural_classifier.rs;crates/reify-eval/tests/realization_input_cone_hash_pinning.rs;crates/reify-mesh-morph/src/eligibility.rs;crates/reify-mesh-morph/src/lib.rs
reify,4739,high,2026-06-26T04:09:00.530165+00:00,2026-06-26T04:17:57.607179+00:00,0.1492,used,13,1,0,1.939,1.790,6.415,0,crates/reify-eval/src/cache.rs;crates/reify-eval/src/engine_admin.rs;crates/reify-eval/src/engine_build.rs;crates/reify-eval/src/engine_demand.rs;crates/reify-eval/tests/selective_demand_gamma.rs;gui/src-tauri/src/engine.rs;gui/src-tauri/src/tests/diff_tests.rs;gui/src-tauri/src/tests/engine_tests.rs;gui/src-tauri/src/tests/types_tests.rs;gui/src-tauri/src/types.rs;gui/src/__tests__/PropertyEditor.test.tsx;gui/src/panels/PropertyEditor.tsx;gui/src/types.ts
reify,4744,high,2026-06-26T04:17:57.945289+00:00,2026-06-26T10:42:51.435882+00:00,6.4149,used,4,1,0,25.659,16.431,0.743,0,crates/reify-eval/src/engine_build.rs;crates/reify-eval/src/lib.rs;crates/reify-eval/tests/volume_mesh_morph_dispatch_e2e.rs;crates/reify-mesh-morph/src/lib.rs
reify,4763,high,2026-06-26T10:42:51.571049+00:00,2026-06-26T13:32:44.465383+00:00,2.8314,used,4,1,0,11.325,3.585,6.676,0,crates/reify-eval/src/engine_build.rs;crates/reify-ir/src/geometry.rs;crates/reify-kernel-manifold/src/kernel.rs;crates/reify-kernel-occt/src/lib.rs
reify,4806,high,2026-06-26T13:32:44.765263+00:00,2026-06-26T20:42:28.114064+00:00,7.1620,silent_owner_dispatch_then_release,27,1,1,193.375,149.693,0.000,0,crates/reify-core/src/identity.rs;crates/reify-eval/src/engine_build.rs;crates/reify-eval/src/geometry_ops.rs;crates/reify-eval/src/kernel_attribute_hook.rs;crates/reify-eval/src/morph_stage_b.rs;crates/reify-eval/src/primitive_attribute_seed.rs;crates/reify-eval/src/shell_extract_compute.rs;crates/reify-eval/src/topology_attribute_propagation.rs;crates/reify-eval/src/topology_attribute_resolver.rs;crates/reify-eval/src/topology_selectors.rs;crates/reify-eval/tests/ad_hoc_selector_smoke_tests.rs;crates/reify-eval/tests/kernel_attribute_hook_wiring.rs;crates/reify-eval/tests/selector_vocabulary_v2_e2e.rs;crates/reify-eval/tests/selector_vocabulary_v2_mock.rs;crates/reify-eval/tests/topology_attribute_e2e.rs;crates/reify-eval/tests/topology_attribute_primitives_direct.rs;crates/reify-eval/tests/topology_attribute_resolver_e2e.rs;crates/reify-eval/tests/topology_attribute_vertex_seeding.rs;crates/reify-ir/src/geometry.rs;crates/reify-kernel-manifold/src/kernel.rs;crates/reify-kernel-manifold/src/provenance.rs;crates/reify-kernel-manifold/tests/kernel_attribute_hook_integration.rs;crates/reify-kernel-manifold/tests/planar_face_attribute_resolution.rs;crates/reify-mesh-morph/src/eligibility.rs;crates/reify-mesh-morph/src/lib.rs;crates/reify-shell-extract/src/mid_surface_naming.rs;crates/reify-shell-extract/src/result.rs
reify,4800,critical,2026-06-26T18:39:49.572527+00:00,2026-06-26T21:34:40.350677+00:00,2.9141,used,2,1,0,5.828,3.018,4.504,0,crates/reify-audit/src/lib.rs;tests/infra/test_reify_audit_ptodo.sh
reify,4802,high,2026-06-26T21:34:40.469407+00:00,2026-06-27T04:32:45.553505+00:00,6.9681,used,20,1,0,139.362,98.041,0.587,0,crates/reify-eval/src/compute_persist.rs;crates/reify-eval/src/compute_targets/as_printed_material.rs;crates/reify-eval/src/compute_targets/buckling.rs;crates/reify-eval/src/compute_targets/buckling_multi_case.rs;crates/reify-eval/src/compute_targets/elastic_static.rs;crates/reify-eval/src/compute_targets/form_find.rs;crates/reify-eval/src/compute_targets/membrane_load.rs;crates/reify-eval/src/compute_targets/multi_case.rs;crates/reify-eval/src/compute_targets/tensegrity_load.rs;crates/reify-eval/src/dynamics_ops.rs;crates/reify-eval/src/engine_admin.rs;crates/reify-eval/src/engine_build.rs;crates/reify-eval/src/engine_compute.rs;crates/reify-eval/src/engine_constraints.rs;crates/reify-eval/src/engine_eval.rs;crates/reify-eval/src/lib.rs;crates/reify-eval/src/modal_ops.rs;crates/reify-eval/src/realization_read_gamma.rs;crates/reify-eval/src/shell_extract_compute.rs;crates/reify-eval/src/trajectory_ops.rs
reify,4728,high,2026-06-27T04:32:45.668288+00:00,2026-06-27T05:07:59.960820+00:00,0.5873,used,13,1,0,7.635,4.698,2.300,0,crates/reify-eval/src/compute_cache_key.rs;crates/reify-eval/src/demand.rs;crates/reify-eval/src/deps.rs;crates/reify-eval/src/dirty.rs;crates/reify-eval/src/engine_build.rs;crates/reify-eval/src/engine_compute.rs;crates/reify-eval/src/graph.rs;crates/reify-eval/src/realization_content.rs;crates/reify-eval/src/realization_read_test_support.rs;crates/reify-eval/src/structural_classifier.rs;crates/reify-eval/tests/realization_input_cone_hash_pinning.rs;crates/reify-mesh-morph/src/eligibility.rs;crates/reify-mesh-morph/src/lib.rs
reify,4092,high,2026-06-27T05:08:00.221222+00:00,2026-06-27T07:24:57.201400+00:00,2.2825,era_death,17,1,0,38.802,27.393,6.227,0,crates/reify-eval/Cargo.toml;crates/reify-eval/src/compute_targets/bc_resolve.rs;crates/reify-eval/src/compute_targets/elastic_static.rs;crates/reify-eval/src/compute_targets/mod.rs;crates/reify-eval/src/engine_admin.rs;crates/reify-eval/src/engine_build.rs;crates/reify-eval/src/engine_compute.rs;crates/reify-eval/tests/fea_face_selector_bc_e2e.rs;crates/reify-ir/src/boundary_attachment.rs;crates/reify-ir/src/geometry.rs;crates/reify-ir/src/lib.rs;crates/reify-ir/tests/api_surface.rs;crates/reify-kernel-gmsh/src/kernel.rs;crates/reify-kernel-gmsh/src/kernel_real.rs;crates/reify-kernel-gmsh/src/lib.rs;crates/reify-kernel-gmsh/src/mesh_boundary.rs;crates/reify-kernel-gmsh/tests/mesh_surface_to_volume_attributed.rs
reify,4744,high,2026-06-27T07:25:58.505482+00:00,2026-06-27T13:38:34.109042+00:00,6.2099,used,18,1,0,111.778,68.309,3.442,0,crates/reify-cli/Cargo.toml;crates/reify-cli/src/main.rs;crates/reify-eval/Cargo.toml;crates/reify-eval/src/engine_admin.rs;crates/reify-eval/src/engine_build.rs;crates/reify-eval/src/lib.rs;crates/reify-eval/src/morph_producer.rs;crates/reify-eval/tests/fixtures/morph_box.ri;crates/reify-eval/tests/morph_arm_e2e.rs;crates/reify-ir/src/geometry.rs;crates/reify-kernel-gmsh/src/kernel.rs;crates/reify-kernel-gmsh/src/kernel_real.rs;crates/reify-kernel-gmsh/src/mesh_boundary.rs;crates/reify-kernel-occt/src/lib.rs;crates/reify-kernel-occt/src/stubs.rs;crates/reify-mesh-morph/Cargo.toml;crates/reify-mesh-morph/src/boundary.rs;crates/reify-mesh-morph/src/lib.rs
reify,4822,high,2026-06-27T13:38:34.191550+00:00,2026-06-27T17:05:06.441112+00:00,3.4423,used,5,1,0,17.211,12.183,0.120,0,crates/reify-eval/src/engine_eval.rs;crates/reify-eval/src/lib.rs;crates/reify-eval/src/resolve_order.rs;crates/reify-eval/tests/resolve_order.rs;crates/reify-eval/tests/scope_coupling.rs
reify,4728,high,2026-06-27T17:05:06.656931+00:00,2026-06-27T22:04:57.823870+00:00,4.9975,era_death,13,1,0,64.968,57.663,14.277,0,crates/reify-eval/src/compute_cache_key.rs;crates/reify-eval/src/demand.rs;crates/reify-eval/src/deps.rs;crates/reify-eval/src/dirty.rs;crates/reify-eval/src/engine_build.rs;crates/reify-eval/src/engine_compute.rs;crates/reify-eval/src/graph.rs;crates/reify-eval/src/realization_content.rs;crates/reify-eval/src/realization_read_test_support.rs;crates/reify-eval/src/structural_classifier.rs;crates/reify-eval/tests/realization_input_cone_hash_pinning.rs;crates/reify-mesh-morph/src/eligibility.rs;crates/reify-mesh-morph/src/lib.rs
reify,4802,critical,2026-06-28T02:11:45.036926+00:00,2026-06-28T16:07:57.723159+00:00,13.9369,silent_owner_dispatch_then_release,20,1,1,278.737,179.273,0.000,890,crates/reify-eval/src/compute_persist.rs;crates/reify-eval/src/compute_targets/as_printed_material.rs;crates/reify-eval/src/compute_targets/buckling.rs;crates/reify-eval/src/compute_targets/buckling_multi_case.rs;crates/reify-eval/src/compute_targets/elastic_static.rs;crates/reify-eval/src/compute_targets/form_find.rs;crates/reify-eval/src/compute_targets/membrane_load.rs;crates/reify-eval/src/compute_targets/multi_case.rs;crates/reify-eval/src/compute_targets/tensegrity_load.rs;crates/reify-eval/src/dynamics_ops.rs;crates/reify-eval/src/engine_admin.rs;crates/reify-eval/src/engine_build.rs;crates/reify-eval/src/engine_compute.rs;crates/reify-eval/src/engine_constraints.rs;crates/reify-eval/src/engine_eval.rs;crates/reify-eval/src/lib.rs;crates/reify-eval/src/modal_ops.rs;crates/reify-eval/src/realization_read_gamma.rs;crates/reify-eval/src/shell_extract_compute.rs;crates/reify-eval/src/trajectory_ops.rs
reify,4744,high,2026-06-27T22:06:25.235093+00:00,2026-06-28T21:15:10.237542+00:00,23.1458,silent_owner_dispatch_then_release,18,1,1,416.625,284.639,0.000,3356,crates/reify-cli/Cargo.toml;crates/reify-cli/src/main.rs;crates/reify-eval/Cargo.toml;crates/reify-eval/src/engine_admin.rs;crates/reify-eval/src/engine_build.rs;crates/reify-eval/src/lib.rs;crates/reify-eval/src/morph_producer.rs;crates/reify-eval/tests/fixtures/morph_box.ri;crates/reify-eval/tests/morph_arm_e2e.rs;crates/reify-ir/src/geometry.rs;crates/reify-kernel-gmsh/src/kernel.rs;crates/reify-kernel-gmsh/src/kernel_real.rs;crates/reify-kernel-gmsh/src/mesh_boundary.rs;crates/reify-kernel-occt/src/lib.rs;crates/reify-kernel-occt/src/stubs.rs;crates/reify-mesh-morph/Cargo.toml;crates/reify-mesh-morph/src/boundary.rs;crates/reify-mesh-morph/src/lib.rs
reify,4122,high,2026-06-28T12:21:35.662139+00:00,2026-06-29T08:52:11.030590+00:00,20.5098,used,2,1,0,41.020,41.020,160.417,0,crates/reify-compiler/stdlib/modal_analysis.ri;crates/reify-eval/tests/modal_carried_topology_resolver.rs
reify,4806,high,2026-06-29T08:52:11.356990+00:00,2026-06-29T16:20:17.076978+00:00,7.4683,silent_owner_dispatch_then_release,27,943,1,201.643,131.854,0.000,1102,crates/reify-core/src/identity.rs;crates/reify-eval/src/engine_build.rs;crates/reify-eval/src/geometry_ops.rs;crates/reify-eval/src/kernel_attribute_hook.rs;crates/reify-eval/src/morph_stage_b.rs;crates/reify-eval/src/primitive_attribute_seed.rs;crates/reify-eval/src/shell_extract_compute.rs;crates/reify-eval/src/topology_attribute_propagation.rs;crates/reify-eval/src/topology_attribute_resolver.rs;crates/reify-eval/src/topology_selectors.rs;crates/reify-eval/tests/ad_hoc_selector_smoke_tests.rs;crates/reify-eval/tests/kernel_attribute_hook_wiring.rs;crates/reify-eval/tests/selector_vocabulary_v2_e2e.rs;crates/reify-eval/tests/selector_vocabulary_v2_mock.rs;crates/reify-eval/tests/topology_attribute_e2e.rs;crates/reify-eval/tests/topology_attribute_primitives_direct.rs;crates/reify-eval/tests/topology_attribute_resolver_e2e.rs;crates/reify-eval/tests/topology_attribute_vertex_seeding.rs;crates/reify-ir/src/geometry.rs;crates/reify-kernel-manifold/src/kernel.rs;crates/reify-kernel-manifold/src/provenance.rs;crates/reify-kernel-manifold/tests/kernel_attribute_hook_integration.rs;crates/reify-kernel-manifold/tests/planar_face_attribute_resolution.rs;crates/reify-mesh-morph/src/eligibility.rs;crates/reify-mesh-morph/src/lib.rs;crates/reify-shell-extract/src/mid_surface_naming.rs;crates/reify-shell-extract/src/result.rs
reify,4741,high,2026-06-29T11:37:21.201327+00:00,2026-06-29T16:20:17.156387+00:00,4.7155,used,4,1,0,18.862,18.862,20.490,0,crates/reify-eval/src/lib.rs;crates/reify-eval/tests/selective_demand_mcp_observability_e2e.rs;gui/src-tauri/src/commands.rs;gui/src-tauri/src/types.rs
reify,4824,high,2026-06-29T09:09:32.663282+00:00,2026-06-29T20:19:31.281309+00:00,11.1663,silent_owner_dispatch_then_release,3,1,1,33.499,3.719,0.000,0,crates/reify-cli/src/main.rs;crates/reify-eval/src/engine_eval.rs;crates/reify-ir/src/constraint.rs
reify,3445,medium,2026-06-29T16:20:32.403004+00:00,2026-06-29T20:30:44.971001+00:00,4.1702,era_death,2,2,0,8.340,4.173,0.014,877,crates/reify-eval/src/dispatcher.rs;crates/reify-eval/src/engine_build.rs
reify,4806,high,2026-06-29T16:36:41.404772+00:00,2026-06-29T20:30:44.971001+00:00,3.9010,era_death,27,1016,0,105.327,101.429,0.014,0,crates/reify-core/src/identity.rs;crates/reify-eval/src/engine_build.rs;crates/reify-eval/src/geometry_ops.rs;crates/reify-eval/src/kernel_attribute_hook.rs;crates/reify-eval/src/morph_stage_b.rs;crates/reify-eval/src/primitive_attribute_seed.rs;crates/reify-eval/src/shell_extract_compute.rs;crates/reify-eval/src/topology_attribute_propagation.rs;crates/reify-eval/src/topology_attribute_resolver.rs;crates/reify-eval/src/topology_selectors.rs;crates/reify-eval/tests/ad_hoc_selector_smoke_tests.rs;crates/reify-eval/tests/kernel_attribute_hook_wiring.rs;crates/reify-eval/tests/selector_vocabulary_v2_e2e.rs;crates/reify-eval/tests/selector_vocabulary_v2_mock.rs;crates/reify-eval/tests/topology_attribute_e2e.rs;crates/reify-eval/tests/topology_attribute_primitives_direct.rs;crates/reify-eval/tests/topology_attribute_resolver_e2e.rs;crates/reify-eval/tests/topology_attribute_vertex_seeding.rs;crates/reify-ir/src/geometry.rs;crates/reify-kernel-manifold/src/kernel.rs;crates/reify-kernel-manifold/src/provenance.rs;crates/reify-kernel-manifold/tests/kernel_attribute_hook_integration.rs;crates/reify-kernel-manifold/tests/planar_face_attribute_resolution.rs;crates/reify-mesh-morph/src/eligibility.rs;crates/reify-mesh-morph/src/lib.rs;crates/reify-shell-extract/src/mid_surface_naming.rs;crates/reify-shell-extract/src/result.rs
reify,4825,high,2026-06-29T20:19:31.471356+00:00,2026-06-29T20:30:44.971001+00:00,0.1871,era_death,2,1,0,0.374,0.006,3.689,0,crates/reify-core/src/diagnostics.rs;crates/reify-eval/src/engine_eval.rs
reify,4806,high,2026-06-29T20:31:36.757333+00:00,2026-06-29T23:25:57.012522+00:00,2.9056,used,27,1,0,78.452,75.546,0.001,0,crates/reify-core/src/identity.rs;crates/reify-eval/src/engine_build.rs;crates/reify-eval/src/geometry_ops.rs;crates/reify-eval/src/kernel_attribute_hook.rs;crates/reify-eval/src/morph_stage_b.rs;crates/reify-eval/src/primitive_attribute_seed.rs;crates/reify-eval/src/shell_extract_compute.rs;crates/reify-eval/src/topology_attribute_propagation.rs;crates/reify-eval/src/topology_attribute_resolver.rs;crates/reify-eval/src/topology_selectors.rs;crates/reify-eval/tests/ad_hoc_selector_smoke_tests.rs;crates/reify-eval/tests/kernel_attribute_hook_wiring.rs;crates/reify-eval/tests/selector_vocabulary_v2_e2e.rs;crates/reify-eval/tests/selector_vocabulary_v2_mock.rs;crates/reify-eval/tests/topology_attribute_e2e.rs;crates/reify-eval/tests/topology_attribute_primitives_direct.rs;crates/reify-eval/tests/topology_attribute_resolver_e2e.rs;crates/reify-eval/tests/topology_attribute_vertex_seeding.rs;crates/reify-ir/src/geometry.rs;crates/reify-kernel-manifold/src/kernel.rs;crates/reify-kernel-manifold/src/provenance.rs;crates/reify-kernel-manifold/tests/kernel_attribute_hook_integration.rs;crates/reify-kernel-manifold/tests/planar_face_attribute_resolution.rs;crates/reify-mesh-morph/src/eligibility.rs;crates/reify-mesh-morph/src/lib.rs;crates/reify-shell-extract/src/mid_surface_naming.rs;crates/reify-shell-extract/src/result.rs
reify,4741,high,2026-06-29T23:31:26.262051+00:00,2026-06-30T04:55:40.980363+00:00,5.4041,used,8,1,0,43.233,37.829,5.642,0,crates/reify-eval/src/engine_admin.rs;crates/reify-eval/src/engine_build.rs;crates/reify-eval/src/lib.rs;crates/reify-eval/tests/common/differential.rs;crates/reify-eval/tests/selective_demand_epsilon.rs;gui/src-tauri/src/commands.rs;gui/src-tauri/src/debug_server.rs;gui/src-tauri/src/tests/commands_tests.rs
reify,4808,high,2026-06-30T08:34:57.934517+00:00,2026-06-30T12:49:41.018976+00:00,4.2453,used,5,1,0,21.227,15.243,7.676,0,crates/reify-constraints/src/lib.rs;crates/reify-core/src/ty.rs;crates/reify-eval/src/lib.rs;crates/reify-eval/tests/m8_m11_regression_checkpoint.rs;crates/reify-ir/src/value.rs
reify,3466,medium,2026-06-29T23:26:16.298863+00:00,2026-06-30T12:49:41.283724+00:00,13.3903,used,17,2,0,227.635,216.254,3.377,1332,crates/reify-compiler/src/geometry.rs;crates/reify-compiler/src/geometry_traits_inference.rs;crates/reify-compiler/src/types.rs;crates/reify-compiler/src/units.rs;crates/reify-compiler/tests/geometry_traits_inference_tests.rs;crates/reify-eval/src/engine_build.rs;crates/reify-eval/src/geometry_ops.rs;crates/reify-eval/src/primitive_attribute_seed.rs;crates/reify-eval/src/sweep_classifier.rs;crates/reify-eval/tests/extrude_infinite_e2e.rs;crates/reify-ir/src/geometry.rs;crates/reify-kernel-occt/cpp/occt_wrapper.cpp;crates/reify-kernel-occt/cpp/occt_wrapper.h;crates/reify-kernel-occt/src/ffi.rs;crates/reify-kernel-occt/src/lib.rs;crates/reify-kernel-occt/tests/extrude_infinite_integration.rs;examples/extrude_infinite.ri
reify,4900,high,2026-06-30T08:19:55.780193+00:00,2026-06-30T12:50:13.375534+00:00,4.5049,reinstall_anomaly,4,1,1,18.020,12.740,8.258,1009,crates/reify-eval/src/engine_edit.rs;crates/reify-eval/src/engine_eval.rs;crates/reify-eval/src/geometry_ops.rs;crates/reify-eval/tests/value_eval_minted_selector_timing.rs
reify,4900,high,2026-06-30T12:50:13.375534+00:00,2026-06-30T21:05:41.023989+00:00,8.2577,silent_owner_dispatch_then_release,7,62,1,57.804,10.390,0.000,1157,crates/reify-eval/src/engine_build.rs;crates/reify-eval/src/engine_edit.rs;crates/reify-eval/src/engine_eval.rs;crates/reify-eval/src/geometry_ops.rs;crates/reify-eval/tests/value_eval_consumes_minted_selector.rs;docs/design/symbolic-eval-nested-selector-resolution.md;docs/prds/v0_6/value-eval-geometry-addressing.md
reify,4830,high,2026-06-30T15:55:25.663688+00:00,2026-06-30T21:23:15.189352+00:00,5.4638,used,1,1,0,5.464,5.183,8.400,0,crates/reify-compiler/src/units.rs
reify,4830,high,2026-06-30T21:44:12.721481+00:00,2026-07-01T00:33:00.621283+00:00,2.8133,used,4,1,0,11.253,2.813,4.385,0,crates/reify-compiler/src/units.rs;crates/reify-eval/src/engine_build.rs;crates/reify-eval/src/geometry_ops.rs;crates/reify-eval/tests/feature_accessor_eval.rs
reify,3768,medium,2026-06-30T21:23:16.286639+00:00,2026-07-01T05:13:38.430254+00:00,7.8395,silent_owner_dispatch_then_release,32,2,1,250.863,212.596,0.000,1677,.config/nextest.toml;Cargo.lock;Cargo.toml;crates/reify-cli/Cargo.toml;crates/reify-cli/src/main.rs;crates/reify-eval-fea/Cargo.toml;crates/reify-eval-fea/src/lib.rs;crates/reify-eval/Cargo.toml;crates/reify-eval/src/dynamics_ops.rs;crates/reify-eval/src/dynamics_psd.rs;crates/reify-eval/src/engine_build.rs;crates/reify-eval/src/engine_compute.rs;crates/reify-eval/src/engine_eval.rs;crates/reify-eval/src/lib.rs;crates/reify-eval/src/mass_props.rs;crates/reify-eval/src/modal_ops.rs;crates/reify-eval/src/multi_load_dispatch.rs;crates/reify-eval/src/shell_routing.rs;crates/reify-eval/src/solver_progress.rs;crates/reify-eval/src/test_runner.rs;crates/reify-eval/src/trajectory_ops.rs;docs/measurements/fea-decomposition-selection.md;docs/prds/verify-scope-contract.md;gui/src-tauri/Cargo.toml;gui/src-tauri/src/engine.rs;scripts/affected-crates-lib.sh;scripts/occt-touching-crates.txt;tests/infra/test_affected_crates_lib.sh;tests/infra/test_fea_crate_selection.sh;tests/infra/test_fea_decoupling.sh;tests/infra/test_occt_gated_scope.sh;tests/infra/test_verify_scope.sh
reify,3000,medium,2026-07-01T00:33:16.016395+00:00,2026-07-01T05:26:27.498564+00:00,4.8865,silent_owner_dispatch_then_release,2,2,1,9.773,9.346,79.565,0,crates/reify-eval/src/engine_constraints.rs;crates/reify-solver-elastic/src/adaptive.rs
reify,4831,high,2026-07-01T04:56:08.058502+00:00,2026-07-01T05:47:16.774706+00:00,0.8524,used,5,1,0,4.262,3.410,9.171,0,crates/reify-compiler/src/geometry.rs;crates/reify-compiler/src/units.rs;crates/reify-eval/src/geometry_ops.rs;crates/reify-eval/src/topology_selectors.rs;crates/reify-ir/src/value.rs
reify,4907,high,2026-07-01T07:57:41.608449+00:00,2026-07-01T14:57:32.204781+00:00,6.9974,used,5,1,0,34.987,13.476,12.429,0,crates/reify-eval/src/engine_build.rs;crates/reify-eval/src/engine_edit.rs;crates/reify-eval/src/engine_eval.rs;crates/reify-eval/src/geometry_ops.rs;crates/reify-eval/tests/value_eval_consumes_minted_selector.rs
reify,4920,high,2026-07-01T15:14:54.235656+00:00,2026-07-01T17:10:40.965377+00:00,1.9296,used,8,1,0,15.437,13.508,0.756,0,CLAUDE.md;docs/prds/verify-admission-wait-clock-stop.md;scripts/cpu-admit.sh;scripts/lib_clock_stop.sh;scripts/verify.sh;tests/infra/test_cpu_admit.sh;tests/infra/test_verify_compile_gate.sh;tests/infra/test_verify_semaphore_e2e.sh
reify,4931,high,2026-07-01T17:54:38.784634+00:00,2026-07-01T17:56:01.794782+00:00,0.0231,used,4,1,0,0.092,0.069,4.329,0,tests/infra/load_tolerance_lib.sh;tests/infra/test_load_tolerance_lib.sh;tests/infra/test_proc_reaper.sh;tests/infra/test_verify_semaphore_e2e.sh
reify,3580,medium,2026-06-30T12:49:57.690325+00:00,2026-07-01T22:09:08.766873+00:00,33.3197,era_death,4,2,1,133.279,27.326,0.110,5461,crates/reify-core/src/diagnostics.rs;crates/reify-eval/src/engine_build.rs;crates/reify-eval/src/geometry_ops.rs;crates/reify-eval/src/snapshot.rs
reify,3963,medium,2026-07-01T05:47:16.952708+00:00,2026-07-01T22:09:08.766873+00:00,16.3644,era_death,10,2,0,163.644,116.615,0.110,1651,crates/reify-compiler/src/geometry.rs;crates/reify-compiler/src/geometry_traits_inference.rs;crates/reify-compiler/src/geometry_transform.rs;crates/reify-compiler/src/types.rs;crates/reify-compiler/src/units.rs;crates/reify-eval/src/engine_build.rs;crates/reify-eval/src/geometry_ops.rs;crates/reify-eval/tests/affine_apply_e2e.rs;crates/reify-ir/src/geometry.rs;crates/reify-kernel-occt/src/lib.rs
reify,4920,high,2026-07-01T18:35:07.112883+00:00,2026-07-01T22:09:08.766873+00:00,3.5671,era_death,8,1,0,28.537,15.794,0.253,0,CLAUDE.md;docs/prds/verify-admission-wait-clock-stop.md;scripts/cpu-admit.sh;scripts/lib_clock_stop.sh;scripts/verify.sh;tests/infra/test_cpu_admit.sh;tests/infra/test_verify_compile_gate.sh;tests/infra/test_verify_semaphore_e2e.sh
reify,4940,high,2026-07-01T20:50:34.698724+00:00,2026-07-01T22:09:08.766873+00:00,1.3095,era_death,2,1,0,2.619,0.000,13.036,0,tests/infra/run-all-classification.manifest;tests/infra/test_lane_x_flock.sh
reify,4931,high,2026-07-01T22:15:45.874008+00:00,2026-07-01T22:24:20.743634+00:00,0.1430,used,4,1,0,0.572,0.429,8.655,0,tests/infra/load_tolerance_lib.sh;tests/infra/test_load_tolerance_lib.sh;tests/infra/test_proc_reaper.sh;tests/infra/test_verify_semaphore_e2e.sh
reify,3580,medium,2026-07-01T22:24:21.438150+00:00,2026-07-02T03:23:16.128207+00:00,4.9819,used,5,2,0,24.909,19.927,0.384,0,crates/reify-core/src/diagnostics.rs;crates/reify-eval/src/engine_eval.rs;crates/reify-eval/tests/kinematic_diagnostics_e2e.rs;crates/reify-stdlib/src/loop_closure_solver.rs;crates/reify-stdlib/src/snapshot.rs
reify,4946,high,2026-07-02T09:52:50.219939+00:00,2026-07-02T17:44:24.842970+00:00,7.8596,used,5,1,0,39.298,29.830,0.258,0,crates/reify-eval/src/engine_eval.rs;crates/reify-eval/src/geometry_ops.rs;crates/reify-eval/tests/value_eval_consumes_minted_selector.rs;docs/design/symbolic-eval-nested-selector-resolution.md;docs/prds/v0_6/value-eval-geometry-addressing.md
reify,4947,high,2026-07-02T17:44:25.211988+00:00,2026-07-02T17:44:25.505140+00:00,0.0001,used,5,1,0,0.000,0.000,12.723,0,crates/reify-eval/src/topology_attribute_propagation.rs;crates/reify-eval/src/topology_selectors.rs;crates/reify-eval/tests/topology_attribute_local_features_e2e.rs;crates/reify-ir/src/geometry.rs;crates/reify-shell-extract/src/result.rs
reify,4167,medium,2026-07-02T03:23:31.574225+00:00,2026-07-02T19:20:22.877450+00:00,15.9476,era_death,7,2,0,111.633,22.347,0.186,2148,crates/reify-compiler/src/geometry_transform.rs;crates/reify-compiler/src/types.rs;crates/reify-eval/src/engine_build.rs;crates/reify-eval/src/geometry_ops.rs;crates/reify-eval/tests/scale_non_uniform_e2e.rs;crates/reify-ir/src/geometry.rs;crates/reify-kernel-occt/src/lib.rs
reify,4946,high,2026-07-02T18:00:24.238473+00:00,2026-07-02T19:20:22.877450+00:00,1.3330,era_death,7,1,0,9.331,1.333,11.124,0,crates/reify-eval/src/engine_build.rs;crates/reify-eval/src/engine_edit.rs;crates/reify-eval/src/engine_eval.rs;crates/reify-eval/src/geometry_ops.rs;crates/reify-eval/tests/value_eval_consumes_minted_selector.rs;docs/design/symbolic-eval-nested-selector-resolution.md;docs/prds/v0_6/value-eval-geometry-addressing.md
reify,3580,medium,2026-07-02T19:31:35.327160+00:00,2026-07-02T20:42:42.495359+00:00,1.1853,era_death,5,2,0,5.927,3.557,0.054,0,crates/reify-core/src/diagnostics.rs;crates/reify-eval/src/engine_eval.rs;crates/reify-eval/tests/kinematic_diagnostics_e2e.rs;crates/reify-stdlib/src/loop_closure_solver.rs;crates/reify-stdlib/src/snapshot.rs
reify,4167,medium,2026-07-02T20:22:16.064052+00:00,2026-07-02T20:42:42.495359+00:00,0.3407,era_death,7,2,0,2.385,1.023,0.054,0,crates/reify-compiler/src/geometry_transform.rs;crates/reify-compiler/src/types.rs;crates/reify-eval/src/engine_build.rs;crates/reify-eval/src/geometry_ops.rs;crates/reify-eval/tests/scale_non_uniform_e2e.rs;crates/reify-ir/src/geometry.rs;crates/reify-kernel-occt/src/lib.rs
reify,3580,medium,2026-07-02T20:45:58.069906+00:00,2026-07-02T21:29:50.793271+00:00,0.7313,era_death,5,2,0,3.657,2.194,0.043,0,crates/reify-core/src/diagnostics.rs;crates/reify-eval/src/engine_eval.rs;crates/reify-eval/tests/kinematic_diagnostics_e2e.rs;crates/reify-stdlib/src/loop_closure_solver.rs;crates/reify-stdlib/src/snapshot.rs
reify,3580,medium,2026-07-02T21:32:25.738210+00:00,2026-07-02T22:40:25.104680+00:00,1.1332,era_death,5,2,0,5.666,3.401,0.013,0,crates/reify-core/src/diagnostics.rs;crates/reify-eval/src/engine_eval.rs;crates/reify-eval/tests/kinematic_diagnostics_e2e.rs;crates/reify-stdlib/src/loop_closure_solver.rs;crates/reify-stdlib/src/snapshot.rs
reify,3580,medium,2026-07-02T22:41:12.013644+00:00,2026-07-02T23:06:35.402323+00:00,0.4232,era_death,5,2,0,2.116,1.693,7.353,0,crates/reify-core/src/diagnostics.rs;crates/reify-eval/src/engine_eval.rs;crates/reify-eval/tests/kinematic_diagnostics_e2e.rs;crates/reify-stdlib/src/loop_closure_solver.rs;crates/reify-stdlib/src/snapshot.rs
reify,3580,medium,2026-07-03T06:27:47.122907+00:00,2026-07-03T06:27:48.280706+00:00,0.0003,used,5,2,0,0.002,0.001,0.000,0,crates/reify-core/src/diagnostics.rs;crates/reify-eval/src/engine_eval.rs;crates/reify-eval/tests/kinematic_diagnostics_e2e.rs;crates/reify-stdlib/src/loop_closure_solver.rs;crates/reify-stdlib/src/snapshot.rs
reify,4168,medium,2026-07-03T06:27:49.781168+00:00,2026-07-03T06:27:50.116758+00:00,0.0001,used,12,2,0,0.001,0.001,0.000,0,crates/reify-compiler/src/geometry.rs;crates/reify-compiler/tests/compile_api_tests.rs;crates/reify-eval/src/engine_build.rs;crates/reify-eval/src/geometry_ops.rs;crates/reify-eval/tests/arbitrary_pattern_e2e.rs;crates/reify-eval/tests/compile_geometry_op_characterization.rs;crates/reify-ir/src/geometry.rs;crates/reify-kernel-occt/cpp/occt_wrapper.cpp;crates/reify-kernel-occt/cpp/occt_wrapper.h;crates/reify-kernel-occt/src/ffi.rs;crates/reify-kernel-occt/src/lib.rs;crates/reify-test-support/src/mocks.rs
reify,4192,medium,2026-07-03T06:27:50.456238+00:00,2026-07-03T06:27:51.105311+00:00,0.0002,used,14,2,0,0.003,0.002,0.255,0,crates/reify-compiler/src/geometry.rs;crates/reify-compiler/src/geometry_modify.rs;crates/reify-compiler/src/geometry_traits_inference.rs;crates/reify-compiler/src/types.rs;crates/reify-compiler/src/units.rs;crates/reify-eval/src/engine_build.rs;crates/reify-eval/src/geometry_ops.rs;crates/reify-eval/tests/offset_surface_e2e.rs;crates/reify-ir/src/geometry.rs;crates/reify-kernel-occt/cpp/occt_wrapper.cpp;crates/reify-kernel-occt/cpp/occt_wrapper.h;crates/reify-kernel-occt/src/ffi.rs;crates/reify-kernel-occt/src/lib.rs;crates/reify-kernel-occt/src/register.rs
reify,4194,medium,2026-07-03T06:27:51.366382+00:00,2026-07-03T06:43:07.565953+00:00,0.2545,used,13,2,0,3.308,3.308,0.303,0,crates/reify-compiler/src/geometry.rs;crates/reify-compiler/src/geometry_modify.rs;crates/reify-compiler/src/geometry_traits_inference.rs;crates/reify-compiler/src/types.rs;crates/reify-compiler/src/units.rs;crates/reify-eval/src/engine_build.rs;crates/reify-eval/src/geometry_ops.rs;crates/reify-eval/tests/thicken_asymmetric_e2e.rs;crates/reify-ir/src/geometry.rs;crates/reify-kernel-occt/cpp/occt_wrapper.cpp;crates/reify-kernel-occt/cpp/occt_wrapper.h;crates/reify-kernel-occt/src/ffi.rs;crates/reify-kernel-occt/src/lib.rs
reify,4946,high,2026-07-03T06:43:42.355929+00:00,2026-07-03T07:01:18.870830+00:00,0.2935,used,7,1,0,2.054,1.467,2.678,0,crates/reify-eval/src/engine_build.rs;crates/reify-eval/src/engine_edit.rs;crates/reify-eval/src/engine_eval.rs;crates/reify-eval/src/geometry_ops.rs;crates/reify-eval/tests/value_eval_consumes_minted_selector.rs;docs/design/symbolic-eval-nested-selector-resolution.md;docs/prds/v0_6/value-eval-geometry-addressing.md
reify,4947,high,2026-07-03T07:01:18.952751+00:00,2026-07-03T07:01:34.010099+00:00,0.0042,used,5,1,0,0.021,0.017,6.688,0,crates/reify-eval/src/topology_attribute_propagation.rs;crates/reify-eval/src/topology_selectors.rs;crates/reify-eval/tests/topology_attribute_local_features_e2e.rs;crates/reify-ir/src/geometry.rs;crates/reify-shell-extract/src/result.rs
reify,4947,high,2026-07-03T07:08:33.956355+00:00,2026-07-03T07:08:49.078058+00:00,0.0042,used,5,1,0,0.021,0.021,6.567,0,crates/reify-eval/src/topology_attribute_propagation.rs;crates/reify-eval/src/topology_selectors.rs;crates/reify-eval/tests/topology_attribute_local_features_e2e.rs;crates/reify-ir/src/geometry.rs;crates/reify-shell-extract/src/result.rs
reify,4195,medium,2026-07-03T06:43:27.266392+00:00,2026-07-03T07:26:10.007779+00:00,0.7119,era_death,16,2,0,11.390,3.680,0.012,92,crates/reify-compiler/src/geometry.rs;crates/reify-compiler/src/geometry_traits_inference.rs;crates/reify-compiler/src/types.rs;crates/reify-compiler/src/units.rs;crates/reify-compiler/tests/geometry_profile_precondition_tests.rs;crates/reify-eval/src/engine_build.rs;crates/reify-eval/src/geometry_ops.rs;crates/reify-eval/tests/compile_geometry_op_characterization.rs;crates/reify-eval/tests/extrude_to_e2e.rs;crates/reify-ir/src/geometry.rs;crates/reify-kernel-occt/cpp/occt_wrapper.cpp;crates/reify-kernel-occt/cpp/occt_wrapper.h;crates/reify-kernel-occt/src/ffi.rs;crates/reify-kernel-occt/src/lib.rs;crates/reify-kernel-occt/src/register.rs;crates/reify-kernel-occt/tests/extrude_to_integration.rs
reify,4920,high,2026-07-03T07:01:34.086081+00:00,2026-07-03T07:26:10.007779+00:00,0.4100,era_death,13,1,0,5.330,4.920,1.018,0,docs/notes/verify-pipeline-knobs.md;docs/prds/cpu-load-admission-control.md;docs/prds/verify-admission-wait-clock-stop.md;scripts/cpu-admit.sh;scripts/cpu-governed-exec.sh;scripts/lib_clock_stop.sh;scripts/test_psi_gate.sh;scripts/verify.sh;tests/infra/test_agent_cargo_shim.sh;tests/infra/test_cpu_admit.sh;tests/infra/test_cpu_governed_exec.sh;tests/infra/test_verify_compile_gate.sh;tests/infra/test_verify_semaphore_e2e.sh
reify,4947,high,2026-07-03T07:24:51.677043+00:00,2026-07-03T07:26:10.007779+00:00,0.0218,era_death,6,1,0,0.131,0.000,0.012,0,crates/reify-eval/src/engine_build.rs;crates/reify-eval/src/topology_attribute_propagation.rs;crates/reify-eval/src/topology_selectors.rs;crates/reify-eval/tests/topology_attribute_local_features_e2e.rs;crates/reify-ir/src/geometry.rs;crates/reify-shell-extract/src/result.rs
reify,4947,high,2026-07-03T07:26:52.725586+00:00,2026-07-03T08:04:53.819722+00:00,0.6336,era_death,6,1,0,3.802,3.168,0.009,0,crates/reify-eval/src/engine_build.rs;crates/reify-eval/src/topology_attribute_propagation.rs;crates/reify-eval/src/topology_selectors.rs;crates/reify-eval/tests/topology_attribute_local_features_e2e.rs;crates/reify-ir/src/geometry.rs;crates/reify-shell-extract/src/result.rs
reify,4947,high,2026-07-03T08:05:24.530971+00:00,2026-07-03T08:48:11.808422+00:00,0.7131,era_death,6,1,0,4.279,3.566,0.011,0,crates/reify-eval/src/engine_build.rs;crates/reify-eval/src/topology_attribute_propagation.rs;crates/reify-eval/src/topology_selectors.rs;crates/reify-eval/tests/topology_attribute_local_features_e2e.rs;crates/reify-ir/src/geometry.rs;crates/reify-shell-extract/src/result.rs
reify,4947,high,2026-07-03T08:48:52.192732+00:00,2026-07-03T09:41:59.287019+00:00,0.8853,used,6,1,0,5.312,4.427,1.691,0,crates/reify-eval/src/engine_build.rs;crates/reify-eval/src/topology_attribute_propagation.rs;crates/reify-eval/src/topology_selectors.rs;crates/reify-eval/tests/topology_attribute_local_features_e2e.rs;crates/reify-ir/src/geometry.rs;crates/reify-shell-extract/src/result.rs
reify,3580,medium,2026-07-03T09:41:59.656364+00:00,2026-07-03T11:23:02.900582+00:00,1.6842,era_death,5,2,0,8.421,5.055,0.007,388,crates/reify-core/src/diagnostics.rs;crates/reify-eval/src/engine_eval.rs;crates/reify-eval/tests/kinematic_diagnostics_e2e.rs;crates/reify-stdlib/src/loop_closure_solver.rs;crates/reify-stdlib/src/snapshot.rs
reify,4946,high,2026-07-03T09:42:47.091319+00:00,2026-07-03T11:23:02.900582+00:00,1.6711,era_death,7,1,0,11.697,6.689,2.330,0,crates/reify-eval/src/engine_build.rs;crates/reify-eval/src/engine_edit.rs;crates/reify-eval/src/engine_eval.rs;crates/reify-eval/src/geometry_ops.rs;crates/reify-eval/tests/value_eval_consumes_minted_selector.rs;docs/design/symbolic-eval-nested-selector-resolution.md;docs/prds/v0_6/value-eval-geometry-addressing.md
reify,4947,high,2026-07-03T11:23:27.536803+00:00,2026-07-03T12:25:35.073969+00:00,1.0354,era_death,6,1,0,6.213,5.177,1.287,0,crates/reify-eval/src/engine_build.rs;crates/reify-eval/src/topology_attribute_propagation.rs;crates/reify-eval/src/topology_selectors.rs;crates/reify-eval/tests/topology_attribute_local_features_e2e.rs;crates/reify-ir/src/geometry.rs;crates/reify-shell-extract/src/result.rs
reify,4947,high,2026-07-03T13:42:47.874544+00:00,2026-07-03T13:42:49.656134+00:00,0.0005,used,6,1,0,0.003,0.003,0.001,0,crates/reify-eval/src/engine_build.rs;crates/reify-eval/src/topology_attribute_propagation.rs;crates/reify-eval/src/topology_selectors.rs;crates/reify-eval/tests/topology_attribute_local_features_e2e.rs;crates/reify-ir/src/geometry.rs;crates/reify-shell-extract/src/result.rs
reify,4167,medium,2026-07-03T13:42:50.421126+00:00,2026-07-03T13:42:51.972918+00:00,0.0004,used,7,2,0,0.003,0.002,0.371,0,crates/reify-compiler/src/geometry_transform.rs;crates/reify-compiler/src/types.rs;crates/reify-eval/src/engine_build.rs;crates/reify-eval/src/geometry_ops.rs;crates/reify-eval/tests/scale_non_uniform_e2e.rs;crates/reify-ir/src/geometry.rs;crates/reify-kernel-occt/src/lib.rs
reify,4946,high,2026-07-03T14:05:08.417915+00:00,2026-07-03T14:05:08.493457+00:00,0.0000,used,7,1,0,0.000,0.000,6.642,0,crates/reify-eval/src/engine_build.rs;crates/reify-eval/src/engine_edit.rs;crates/reify-eval/src/engine_eval.rs;crates/reify-eval/src/geometry_ops.rs;crates/reify-eval/tests/value_eval_consumes_minted_selector.rs;docs/design/symbolic-eval-nested-selector-resolution.md;docs/prds/v0_6/value-eval-geometry-addressing.md
reify,4168,medium,2026-07-03T13:42:52.316043+00:00,2026-07-03T14:21:52.427473+00:00,0.6500,era_death,12,2,0,7.800,7.244,0.004,72,crates/reify-compiler/src/geometry.rs;crates/reify-compiler/tests/compile_api_tests.rs;crates/reify-eval/src/engine_build.rs;crates/reify-eval/src/geometry_ops.rs;crates/reify-eval/tests/arbitrary_pattern_e2e.rs;crates/reify-eval/tests/compile_geometry_op_characterization.rs;crates/reify-ir/src/geometry.rs;crates/reify-kernel-occt/cpp/occt_wrapper.cpp;crates/reify-kernel-occt/cpp/occt_wrapper.h;crates/reify-kernel-occt/src/ffi.rs;crates/reify-kernel-occt/src/lib.rs;crates/reify-test-support/src/mocks.rs
reify,4947,high,2026-07-03T14:05:08.563547+00:00,2026-07-03T14:21:52.427473+00:00,0.2789,era_death,6,1,0,1.673,1.395,0.004,0,crates/reify-eval/src/engine_build.rs;crates/reify-eval/src/topology_attribute_propagation.rs;crates/reify-eval/src/topology_selectors.rs;crates/reify-eval/tests/topology_attribute_local_features_e2e.rs;crates/reify-ir/src/geometry.rs;crates/reify-shell-extract/src/result.rs
reify,4947,high,2026-07-03T14:22:06.178587+00:00,2026-07-03T14:53:11.767746+00:00,0.5182,era_death,6,1,0,3.109,2.592,0.013,0,crates/reify-eval/src/engine_build.rs;crates/reify-eval/src/topology_attribute_propagation.rs;crates/reify-eval/src/topology_selectors.rs;crates/reify-eval/tests/topology_attribute_local_features_e2e.rs;crates/reify-ir/src/geometry.rs;crates/reify-shell-extract/src/result.rs
reify,4947,high,2026-07-03T14:54:00.137478+00:00,2026-07-03T16:18:06.683297+00:00,1.4018,era_death,6,1,0,8.411,7.010,0.017,0,crates/reify-eval/src/engine_build.rs;crates/reify-eval/src/topology_attribute_propagation.rs;crates/reify-eval/src/topology_selectors.rs;crates/reify-eval/tests/topology_attribute_local_features_e2e.rs;crates/reify-ir/src/geometry.rs;crates/reify-shell-extract/src/result.rs
reify,4947,high,2026-07-03T16:19:08.005588+00:00,2026-07-03T18:12:56.737865+00:00,1.8969,era_death,6,1,0,11.381,9.486,0.013,0,crates/reify-eval/src/engine_build.rs;crates/reify-eval/src/topology_attribute_propagation.rs;crates/reify-eval/src/topology_selectors.rs;crates/reify-eval/tests/topology_attribute_local_features_e2e.rs;crates/reify-ir/src/geometry.rs;crates/reify-shell-extract/src/result.rs
reify,4947,high,2026-07-03T18:13:42.045017+00:00,2026-07-03T18:51:56.366910+00:00,0.6373,era_death,6,1,0,3.824,3.187,0.060,0,crates/reify-eval/src/engine_build.rs;crates/reify-eval/src/topology_attribute_propagation.rs;crates/reify-eval/src/topology_selectors.rs;crates/reify-eval/tests/topology_attribute_local_features_e2e.rs;crates/reify-ir/src/geometry.rs;crates/reify-shell-extract/src/result.rs
reify,4947,high,2026-07-03T18:55:33.058017+00:00,2026-07-03T20:43:40.724217+00:00,1.8021,used,6,1,0,10.813,9.011,0.000,0,crates/reify-eval/src/engine_build.rs;crates/reify-eval/src/topology_attribute_propagation.rs;crates/reify-eval/src/topology_selectors.rs;crates/reify-eval/tests/topology_attribute_local_features_e2e.rs;crates/reify-ir/src/geometry.rs;crates/reify-shell-extract/src/result.rs
reify,4168,medium,2026-07-03T20:43:41.571262+00:00,2026-07-03T20:43:41.871115+00:00,0.0001,used,12,2,0,0.001,0.001,0.000,0,crates/reify-compiler/src/geometry.rs;crates/reify-compiler/tests/compile_api_tests.rs;crates/reify-eval/src/engine_build.rs;crates/reify-eval/src/geometry_ops.rs;crates/reify-eval/tests/arbitrary_pattern_e2e.rs;crates/reify-eval/tests/compile_geometry_op_characterization.rs;crates/reify-ir/src/geometry.rs;crates/reify-kernel-occt/cpp/occt_wrapper.cpp;crates/reify-kernel-occt/cpp/occt_wrapper.h;crates/reify-kernel-occt/src/ffi.rs;crates/reify-kernel-occt/src/lib.rs;crates/reify-test-support/src/mocks.rs
reify,4192,medium,2026-07-03T20:43:42.071401+00:00,2026-07-03T20:43:42.429349+00:00,0.0001,used,14,2,0,0.001,0.001,0.000,0,crates/reify-compiler/src/geometry.rs;crates/reify-compiler/src/geometry_modify.rs;crates/reify-compiler/src/geometry_traits_inference.rs;crates/reify-compiler/src/types.rs;crates/reify-compiler/src/units.rs;crates/reify-eval/src/engine_build.rs;crates/reify-eval/src/geometry_ops.rs;crates/reify-eval/tests/offset_surface_e2e.rs;crates/reify-ir/src/geometry.rs;crates/reify-kernel-occt/cpp/occt_wrapper.cpp;crates/reify-kernel-occt/cpp/occt_wrapper.h;crates/reify-kernel-occt/src/ffi.rs;crates/reify-kernel-occt/src/lib.rs;crates/reify-kernel-occt/src/register.rs
reify,4195,medium,2026-07-03T20:43:58.289507+00:00,2026-07-03T20:55:59.954054+00:00,0.2005,used,16,2,0,3.207,1.002,0.000,0,crates/reify-compiler/src/geometry.rs;crates/reify-compiler/src/geometry_traits_inference.rs;crates/reify-compiler/src/types.rs;crates/reify-compiler/src/units.rs;crates/reify-compiler/tests/geometry_profile_precondition_tests.rs;crates/reify-eval/src/engine_build.rs;crates/reify-eval/src/geometry_ops.rs;crates/reify-eval/tests/compile_geometry_op_characterization.rs;crates/reify-eval/tests/extrude_to_e2e.rs;crates/reify-ir/src/geometry.rs;crates/reify-kernel-occt/cpp/occt_wrapper.cpp;crates/reify-kernel-occt/cpp/occt_wrapper.h;crates/reify-kernel-occt/src/ffi.rs;crates/reify-kernel-occt/src/lib.rs;crates/reify-kernel-occt/src/register.rs;crates/reify-kernel-occt/tests/extrude_to_integration.rs
reify,4370,medium,2026-07-03T20:56:05.604669+00:00,2026-07-03T21:29:29.667089+00:00,0.5567,era_death,64,2,0,35.628,35.071,0.339,0,crates/reify-cli/tests/fixtures/fea_cantilever_violated.ri;crates/reify-compiler/src/compile_builder/mod.rs;crates/reify-compiler/src/compile_builder/post_passes.rs;crates/reify-compiler/src/lib.rs;crates/reify-compiler/stdlib/fea_multi_case.ri;crates/reify-compiler/stdlib/solver_elastic.ri;crates/reify-compiler/tests/fea_selector_kind_gate.rs;crates/reify-compiler/tests/fea_supertrait_conformance_tests.rs;crates/reify-compiler/tests/fn_param_struct_ctor_default_tests.rs;crates/reify-compiler/tests/hoist_nested_selector_ctors_tests.rs;crates/reify-compiler/tests/multi_load_bracket_example_tests.rs;crates/reify-compiler/tests/multi_load_case_stdlib_tests.rs;crates/reify-compiler/tests/solver_elastic_static_stdlib_compile.rs;crates/reify-eval/src/compute_targets/elastic_static.rs;crates/reify-eval/src/engine_edit.rs;crates/reify-eval/src/engine_eval.rs;crates/reify-eval/src/geometry_ops.rs;crates/reify-eval/tests/buckling_multi_case.rs;crates/reify-eval/tests/fea_loads_stdlib_smoke.rs;crates/reify-eval/tests/fixtures/fea_nested_selector_pressure.ri;crates/reify-eval/tests/fixtures/fea_no_loads.ri;crates/reify-eval/tests/fixtures/fea_no_supports.ri;crates/reify-eval/tests/fixtures/fea_thin_body.ri;crates/reify-eval/tests/golden/structure_instance.txt;crates/reify-eval/tests/gravity_load.rs;crates/reify-eval/tests/gravity_self_weight_e2e.rs;crates/reify-eval/tests/load_case.rs;crates/reify-eval/tests/modal_analysis_e2e.rs;crates/reify-eval/tests/multi_case_compute_node.rs;crates/reify-eval/tests/multi_load_case_stdlib_smoke.rs;crates/reify-eval/tests/nested_selector_lets_interaction.rs;crates/reify-eval/tests/pinned_support.rs;crates/reify-eval/tests/pressure_load.rs;crates/reify-eval/tests/solve_elastic_static_e2e.rs;crates/reify-eval/tests/solve_elastic_static_heterogeneous_ri_surface.rs;crates/reify-eval/tests/solve_elastic_static_pressure_e2e.rs;crates/reify-eval/tests/structure_instance_e2e.rs;crates/reify-eval/tests/test_runner.rs;crates/reify-eval/tests/typed_fea_authoring_gate.rs;crates/reify-stdlib/src/helpers.rs;crates/reify-stdlib/src/loads.rs;crates/reify-stdlib/src/supports.rs;examples/anisotropic_bar.ri;examples/buckling_column_p2.ri;examples/buckling_column_smoke.ri;examples/buckling_multi_case_smoke.ri;examples/differential_field_ops.ri;examples/fdm_bracket.ri;examples/fea_cantilever_smoke.ri;examples/fea_multi_case_bracket.ri;examples/fea_multi_case_smoke.ri;examples/fea_pressure_smoke.ri;examples/fea_shell_flexure.ri;examples/fea_shell_too_thick_annotated.ri;examples/fea_shell_too_thick_auto.ri;examples/load_case.ri;examples/modal/cantilever_beam_modes.ri;examples/modal/printer_gantry_modes.ri;examples/modal/simply_supported_beam_modes.ri;examples/modal/transient_step_response.ri;examples/multi_load_bracket.ri;examples/shells/thin_walled_bracket.ri;examples/structure-instance.ri;examples/trajectory/printer_print_envelope.ri
reify,4167,medium,2026-07-03T21:49:51.830094+00:00,2026-07-03T21:49:51.988128+00:00,0.0000,used,7,2,0,0.000,0.000,0.000,0,crates/reify-compiler/src/geometry_transform.rs;crates/reify-compiler/src/types.rs;crates/reify-eval/src/engine_build.rs;crates/reify-eval/src/geometry_ops.rs;crates/reify-eval/tests/scale_non_uniform_e2e.rs;crates/reify-ir/src/geometry.rs;crates/reify-kernel-occt/src/lib.rs
reify,4168,medium,2026-07-03T21:49:52.308849+00:00,2026-07-03T21:49:52.618601+00:00,0.0001,used,12,2,0,0.001,0.001,0.000,0,crates/reify-compiler/src/geometry.rs;crates/reify-compiler/tests/compile_api_tests.rs;crates/reify-eval/src/engine_build.rs;crates/reify-eval/src/geometry_ops.rs;crates/reify-eval/tests/arbitrary_pattern_e2e.rs;crates/reify-eval/tests/compile_geometry_op_characterization.rs;crates/reify-ir/src/geometry.rs;crates/reify-kernel-occt/cpp/occt_wrapper.cpp;crates/reify-kernel-occt/cpp/occt_wrapper.h;crates/reify-kernel-occt/src/ffi.rs;crates/reify-kernel-occt/src/lib.rs;crates/reify-test-support/src/mocks.rs
reify,4192,medium,2026-07-03T21:49:52.849222+00:00,2026-07-03T21:49:53.217443+00:00,0.0001,used,14,2,0,0.001,0.001,0.000,0,crates/reify-compiler/src/geometry.rs;crates/reify-compiler/src/geometry_modify.rs;crates/reify-compiler/src/geometry_traits_inference.rs;crates/reify-compiler/src/types.rs;crates/reify-compiler/src/units.rs;crates/reify-eval/src/engine_build.rs;crates/reify-eval/src/geometry_ops.rs;crates/reify-eval/tests/offset_surface_e2e.rs;crates/reify-ir/src/geometry.rs;crates/reify-kernel-occt/cpp/occt_wrapper.cpp;crates/reify-kernel-occt/cpp/occt_wrapper.h;crates/reify-kernel-occt/src/ffi.rs;crates/reify-kernel-occt/src/lib.rs;crates/reify-kernel-occt/src/register.rs
reify,4194,medium,2026-07-03T21:49:53.620281+00:00,2026-07-03T21:49:54.313826+00:00,0.0002,used,13,2,0,0.003,0.000,3.763,0,crates/reify-compiler/src/geometry.rs;crates/reify-compiler/src/geometry_modify.rs;crates/reify-compiler/src/geometry_traits_inference.rs;crates/reify-compiler/src/types.rs;crates/reify-compiler/src/units.rs;crates/reify-eval/src/engine_build.rs;crates/reify-eval/src/geometry_ops.rs;crates/reify-eval/tests/thicken_asymmetric_e2e.rs;crates/reify-ir/src/geometry.rs;crates/reify-kernel-occt/cpp/occt_wrapper.cpp;crates/reify-kernel-occt/cpp/occt_wrapper.h;crates/reify-kernel-occt/src/ffi.rs;crates/reify-kernel-occt/src/lib.rs
reify,4195,medium,2026-07-03T21:50:09.838390+00:00,2026-07-04T01:33:02.539737+00:00,3.7146,era_death,16,2,0,59.434,18.573,0.044,98,crates/reify-compiler/src/geometry.rs;crates/reify-compiler/src/geometry_traits_inference.rs;crates/reify-compiler/src/types.rs;crates/reify-compiler/src/units.rs;crates/reify-compiler/tests/geometry_profile_precondition_tests.rs;crates/reify-eval/src/engine_build.rs;crates/reify-eval/src/geometry_ops.rs;crates/reify-eval/tests/compile_geometry_op_characterization.rs;crates/reify-eval/tests/extrude_to_e2e.rs;crates/reify-ir/src/geometry.rs;crates/reify-kernel-occt/cpp/occt_wrapper.cpp;crates/reify-kernel-occt/cpp/occt_wrapper.h;crates/reify-kernel-occt/src/ffi.rs;crates/reify-kernel-occt/src/lib.rs;crates/reify-kernel-occt/src/register.rs;crates/reify-kernel-occt/tests/extrude_to_integration.rs
reify,4946,high,2026-07-03T22:14:42.333191+00:00,2026-07-04T01:33:02.539737+00:00,3.3056,era_death,7,1,0,23.139,16.528,6.044,0,crates/reify-eval/src/engine_build.rs;crates/reify-eval/src/engine_edit.rs;crates/reify-eval/src/engine_eval.rs;crates/reify-eval/src/geometry_ops.rs;crates/reify-eval/tests/value_eval_consumes_minted_selector.rs;docs/design/symbolic-eval-nested-selector-resolution.md;docs/prds/v0_6/value-eval-geometry-addressing.md
reify,4947,high,2026-07-04T01:35:42.724047+00:00,2026-07-04T03:01:20.844182+00:00,1.4273,era_death,6,1,0,8.564,7.138,0.428,0,crates/reify-eval/src/engine_build.rs;crates/reify-eval/src/topology_attribute_propagation.rs;crates/reify-eval/src/topology_selectors.rs;crates/reify-eval/tests/topology_attribute_local_features_e2e.rs;crates/reify-ir/src/geometry.rs;crates/reify-shell-extract/src/result.rs
reify,4947,high,2026-07-04T03:26:59.935511+00:00,2026-07-04T03:47:27.026175+00:00,0.3409,era_death,6,1,0,2.045,1.708,0.066,0,crates/reify-eval/src/engine_build.rs;crates/reify-eval/src/topology_attribute_propagation.rs;crates/reify-eval/src/topology_selectors.rs;crates/reify-eval/tests/topology_attribute_local_features_e2e.rs;crates/reify-ir/src/geometry.rs;crates/reify-shell-extract/src/result.rs
reify,4947,high,2026-07-04T03:51:23.520193+00:00,2026-07-04T04:58:09.362349+00:00,1.1127,era_death,6,1,0,6.676,5.564,0.049,0,crates/reify-eval/src/engine_build.rs;crates/reify-eval/src/topology_attribute_propagation.rs;crates/reify-eval/src/topology_selectors.rs;crates/reify-eval/tests/topology_attribute_local_features_e2e.rs;crates/reify-ir/src/geometry.rs;crates/reify-shell-extract/src/result.rs
reify,4947,high,2026-07-04T05:01:05.616460+00:00,2026-07-04T07:35:40.521040+00:00,2.5764,used,6,1,0,15.458,12.882,0.001,0,crates/reify-eval/src/engine_build.rs;crates/reify-eval/src/topology_attribute_propagation.rs;crates/reify-eval/src/topology_selectors.rs;crates/reify-eval/tests/topology_attribute_local_features_e2e.rs;crates/reify-ir/src/geometry.rs;crates/reify-shell-extract/src/result.rs
reify,4946,high,2026-07-04T07:35:40.783205+00:00,2026-07-04T07:35:42.375939+00:00,0.0004,used,7,1,0,0.003,0.003,5.410,0,crates/reify-eval/src/engine_build.rs;crates/reify-eval/src/engine_edit.rs;crates/reify-eval/src/engine_eval.rs;crates/reify-eval/src/geometry_ops.rs;crates/reify-eval/tests/value_eval_consumes_minted_selector.rs;docs/design/symbolic-eval-nested-selector-resolution.md;docs/prds/v0_6/value-eval-geometry-addressing.md
reify,4167,medium,2026-07-04T07:35:57.999815+00:00,2026-07-04T08:01:14.767958+00:00,0.4213,era_death,7,2,0,2.949,2.107,0.023,96,crates/reify-compiler/src/geometry_transform.rs;crates/reify-compiler/src/types.rs;crates/reify-eval/src/engine_build.rs;crates/reify-eval/src/geometry_ops.rs;crates/reify-eval/tests/scale_non_uniform_e2e.rs;crates/reify-ir/src/geometry.rs;crates/reify-kernel-occt/src/lib.rs
reify,4947,high,2026-07-04T07:38:05.209079+00:00,2026-07-04T08:01:14.767958+00:00,0.3860,era_death,6,1,0,2.316,1.930,0.023,1,crates/reify-eval/src/engine_build.rs;crates/reify-eval/src/topology_attribute_propagation.rs;crates/reify-eval/src/topology_selectors.rs;crates/reify-eval/tests/topology_attribute_local_features_e2e.rs;crates/reify-ir/src/geometry.rs;crates/reify-shell-extract/src/result.rs
reify,4986,high,2026-07-04T08:01:02.017809+00:00,2026-07-04T08:01:14.767958+00:00,0.0035,era_death,1,1,0,0.004,0.004,19.704,0,crates/reify-eval/src/realization_content.rs
reify,4947,high,2026-07-04T08:02:39.226692+00:00,2026-07-04T08:53:05.451077+00:00,0.8406,era_death,6,1,0,5.044,3.362,0.061,0,crates/reify-eval/src/engine_build.rs;crates/reify-eval/src/topology_attribute_propagation.rs;crates/reify-eval/src/topology_selectors.rs;crates/reify-eval/tests/topology_attribute_local_features_e2e.rs;crates/reify-ir/src/geometry.rs;crates/reify-shell-extract/src/result.rs
reify,4947,high,2026-07-04T08:56:45.413770+00:00,2026-07-04T10:57:12.469787+00:00,2.0075,era_death,6,1,0,12.045,10.038,0.075,0,crates/reify-eval/src/engine_build.rs;crates/reify-eval/src/topology_attribute_propagation.rs;crates/reify-eval/src/topology_selectors.rs;crates/reify-eval/tests/topology_attribute_local_features_e2e.rs;crates/reify-ir/src/geometry.rs;crates/reify-shell-extract/src/result.rs
reify,4947,high,2026-07-04T11:01:43.836479+00:00,2026-07-04T13:00:18.611556+00:00,1.9763,used,6,1,0,11.858,9.882,0.000,0,crates/reify-eval/src/engine_build.rs;crates/reify-eval/src/topology_attribute_propagation.rs;crates/reify-eval/src/topology_selectors.rs;crates/reify-eval/tests/topology_attribute_local_features_e2e.rs;crates/reify-ir/src/geometry.rs;crates/reify-shell-extract/src/result.rs
reify,4986,high,2026-07-04T13:00:18.851220+00:00,2026-07-04T13:00:19.923528+00:00,0.0003,used,53,1,0,0.016,0.015,0.562,0,crates/reify-eval/src/compute_targets/buckling.rs;crates/reify-eval/src/compute_targets/elastic_static.rs;crates/reify-eval/src/compute_targets/result_topology.rs;crates/reify-eval/src/engine_build.rs;crates/reify-eval/src/engine_compute.rs;crates/reify-eval/src/modal_ops.rs;crates/reify-eval/src/morph_producer.rs;crates/reify-eval/src/realization_content.rs;crates/reify-eval/src/realization_read_gamma.rs;crates/reify-eval/src/realization_read_test_support.rs;crates/reify-eval/tests/buckling_element_order_dispatch.rs;crates/reify-eval/tests/buckling_p2_smoke.rs;crates/reify-eval/tests/compute_contract_reexport_compat.rs;crates/reify-eval/tests/fea_face_selector_bc_e2e.rs;crates/reify-eval/tests/morph_arm_e2e.rs;crates/reify-eval/tests/morph_producer_seam.rs;crates/reify-eval/tests/r3b_carried_topology_selector_resolution.rs;crates/reify-eval/tests/r3b_modal_selector_displacement.rs;crates/reify-eval/tests/realization_read_api.rs;crates/reify-eval/tests/result_carried_topology.rs;crates/reify-eval/tests/volume_mesh_realization_e2e.rs;crates/reify-ir/src/geometry.rs;crates/reify-ir/src/lib.rs;crates/reify-ir/tests/api_surface.rs;crates/reify-kernel-gmsh/src/cache_key.rs;crates/reify-kernel-gmsh/src/kernel_real.rs;crates/reify-kernel-gmsh/src/mesh_boundary.rs;crates/reify-kernel-gmsh/src/refine_volume.rs;crates/reify-kernel-gmsh/src/through_thickness.rs;crates/reify-kernel-gmsh/tests/mesh_to_volume_tests.rs;crates/reify-kernel-gmsh/tests/pipeline_integration.rs;crates/reify-kernel-gmsh/tests/refine_volume_tests.rs;crates/reify-kernel-gmsh/tests/through_thickness_tests.rs;crates/reify-mesh-morph/src/boundary.rs;crates/reify-mesh-morph/src/elasticity.rs;crates/reify-mesh-morph/src/laplacian.rs;crates/reify-mesh-morph/src/lib.rs;crates/reify-mesh-morph/src/quality.rs;crates/reify-mesh-morph/tests/calibration.rs;crates/reify-mesh-morph/tests/calibration/fixtures.rs;crates/reify-mesh-morph/tests/calibration/sweep.rs;crates/reify-solver-elastic/src/adaptive.rs;crates/reify-solver-elastic/src/assembly/mod.rs;crates/reify-solver-elastic/src/assembly/volume.rs;crates/reify-solver-elastic/src/error_estimator.rs;crates/reify-solver-elastic/src/lib.rs;crates/reify-solver-elastic/src/sweep.rs;crates/reify-solver-elastic/src/volume_refine.rs;crates/reify-solver-elastic/tests/adaptive_refinement_tests.rs;crates/reify-solver-elastic/tests/aposteriori_validation.rs;crates/reify-solver-elastic/tests/realized_volume_assembly.rs;crates/reify-solver-elastic/tests/volume_refine_tests.rs;crates/reify-stdlib/src/modal/trampoline.rs
reify,3580,medium,2026-07-04T13:01:10.753922+00:00,2026-07-04T13:32:22.127732+00:00,0.5198,era_death,5,2,0,2.599,1.561,0.028,0,crates/reify-core/src/diagnostics.rs;crates/reify-eval/src/engine_eval.rs;crates/reify-eval/tests/kinematic_diagnostics_e2e.rs;crates/reify-stdlib/src/loop_closure_solver.rs;crates/reify-stdlib/src/snapshot.rs
reify,4947,high,2026-07-04T13:21:49.868459+00:00,2026-07-04T13:32:22.127732+00:00,0.1756,era_death,6,1,0,1.054,0.704,0.028,0,crates/reify-eval/src/engine_build.rs;crates/reify-eval/src/topology_attribute_propagation.rs;crates/reify-eval/src/topology_selectors.rs;crates/reify-eval/tests/topology_attribute_local_features_e2e.rs;crates/reify-ir/src/geometry.rs;crates/reify-shell-extract/src/result.rs
reify,4986,high,2026-07-04T13:34:04.079076+00:00,2026-07-04T13:34:04.492013+00:00,0.0001,used,53,1,0,0.006,0.006,6.024,0,crates/reify-eval/src/compute_targets/buckling.rs;crates/reify-eval/src/compute_targets/elastic_static.rs;crates/reify-eval/src/compute_targets/result_topology.rs;crates/reify-eval/src/engine_build.rs;crates/reify-eval/src/engine_compute.rs;crates/reify-eval/src/modal_ops.rs;crates/reify-eval/src/morph_producer.rs;crates/reify-eval/src/realization_content.rs;crates/reify-eval/src/realization_read_gamma.rs;crates/reify-eval/src/realization_read_test_support.rs;crates/reify-eval/tests/buckling_element_order_dispatch.rs;crates/reify-eval/tests/buckling_p2_smoke.rs;crates/reify-eval/tests/compute_contract_reexport_compat.rs;crates/reify-eval/tests/fea_face_selector_bc_e2e.rs;crates/reify-eval/tests/morph_arm_e2e.rs;crates/reify-eval/tests/morph_producer_seam.rs;crates/reify-eval/tests/r3b_carried_topology_selector_resolution.rs;crates/reify-eval/tests/r3b_modal_selector_displacement.rs;crates/reify-eval/tests/realization_read_api.rs;crates/reify-eval/tests/result_carried_topology.rs;crates/reify-eval/tests/volume_mesh_realization_e2e.rs;crates/reify-ir/src/geometry.rs;crates/reify-ir/src/lib.rs;crates/reify-ir/tests/api_surface.rs;crates/reify-kernel-gmsh/src/cache_key.rs;crates/reify-kernel-gmsh/src/kernel_real.rs;crates/reify-kernel-gmsh/src/mesh_boundary.rs;crates/reify-kernel-gmsh/src/refine_volume.rs;crates/reify-kernel-gmsh/src/through_thickness.rs;crates/reify-kernel-gmsh/tests/mesh_to_volume_tests.rs;crates/reify-kernel-gmsh/tests/pipeline_integration.rs;crates/reify-kernel-gmsh/tests/refine_volume_tests.rs;crates/reify-kernel-gmsh/tests/through_thickness_tests.rs;crates/reify-mesh-morph/src/boundary.rs;crates/reify-mesh-morph/src/elasticity.rs;crates/reify-mesh-morph/src/laplacian.rs;crates/reify-mesh-morph/src/lib.rs;crates/reify-mesh-morph/src/quality.rs;crates/reify-mesh-morph/tests/calibration.rs;crates/reify-mesh-morph/tests/calibration/fixtures.rs;crates/reify-mesh-morph/tests/calibration/sweep.rs;crates/reify-solver-elastic/src/adaptive.rs;crates/reify-solver-elastic/src/assembly/mod.rs;crates/reify-solver-elastic/src/assembly/volume.rs;crates/reify-solver-elastic/src/error_estimator.rs;crates/reify-solver-elastic/src/lib.rs;crates/reify-solver-elastic/src/sweep.rs;crates/reify-solver-elastic/src/volume_refine.rs;crates/reify-solver-elastic/tests/adaptive_refinement_tests.rs;crates/reify-solver-elastic/tests/aposteriori_validation.rs;crates/reify-solver-elastic/tests/realized_volume_assembly.rs;crates/reify-solver-elastic/tests/volume_refine_tests.rs;crates/reify-stdlib/src/modal/trampoline.rs
reify,3580,medium,2026-07-04T13:34:04.724124+00:00,2026-07-04T17:59:52.289975+00:00,4.4299,used,5,2,0,22.149,14.717,0.503,0,crates/reify-core/src/diagnostics.rs;crates/reify-eval/src/engine_eval.rs;crates/reify-eval/tests/kinematic_diagnostics_e2e.rs;crates/reify-stdlib/src/loop_closure_solver.rs;crates/reify-stdlib/src/snapshot.rs
reify,4167,medium,2026-07-04T18:00:07.928238+00:00,2026-07-04T18:28:21.592213+00:00,0.4705,era_death,7,2,0,3.293,2.353,0.029,0,crates/reify-compiler/src/geometry_transform.rs;crates/reify-compiler/src/types.rs;crates/reify-eval/src/engine_build.rs;crates/reify-eval/src/geometry_ops.rs;crates/reify-eval/tests/scale_non_uniform_e2e.rs;crates/reify-ir/src/geometry.rs;crates/reify-kernel-occt/src/lib.rs
reify,4167,medium,2026-07-04T18:30:04.840458+00:00,2026-07-04T19:33:23.837569+00:00,1.0553,era_death,7,2,0,7.387,5.276,0.035,235,crates/reify-compiler/src/geometry_transform.rs;crates/reify-compiler/src/types.rs;crates/reify-eval/src/engine_build.rs;crates/reify-eval/src/geometry_ops.rs;crates/reify-eval/tests/scale_non_uniform_e2e.rs;crates/reify-ir/src/geometry.rs;crates/reify-kernel-occt/src/lib.rs
reify,4947,high,2026-07-04T18:33:22.053992+00:00,2026-07-04T19:33:23.837569+00:00,1.0005,era_death,6,1,0,6.003,4.002,0.035,0,crates/reify-eval/src/engine_build.rs;crates/reify-eval/src/topology_attribute_propagation.rs;crates/reify-eval/src/topology_selectors.rs;crates/reify-eval/tests/topology_attribute_local_features_e2e.rs;crates/reify-ir/src/geometry.rs;crates/reify-shell-extract/src/result.rs
reify,4986,high,2026-07-04T19:35:29.800694+00:00,2026-07-04T19:35:30.271091+00:00,0.0001,used,53,1,0,0.007,0.007,3.753,0,crates/reify-eval/src/compute_targets/buckling.rs;crates/reify-eval/src/compute_targets/elastic_static.rs;crates/reify-eval/src/compute_targets/result_topology.rs;crates/reify-eval/src/engine_build.rs;crates/reify-eval/src/engine_compute.rs;crates/reify-eval/src/modal_ops.rs;crates/reify-eval/src/morph_producer.rs;crates/reify-eval/src/realization_content.rs;crates/reify-eval/src/realization_read_gamma.rs;crates/reify-eval/src/realization_read_test_support.rs;crates/reify-eval/tests/buckling_element_order_dispatch.rs;crates/reify-eval/tests/buckling_p2_smoke.rs;crates/reify-eval/tests/compute_contract_reexport_compat.rs;crates/reify-eval/tests/fea_face_selector_bc_e2e.rs;crates/reify-eval/tests/morph_arm_e2e.rs;crates/reify-eval/tests/morph_producer_seam.rs;crates/reify-eval/tests/r3b_carried_topology_selector_resolution.rs;crates/reify-eval/tests/r3b_modal_selector_displacement.rs;crates/reify-eval/tests/realization_read_api.rs;crates/reify-eval/tests/result_carried_topology.rs;crates/reify-eval/tests/volume_mesh_realization_e2e.rs;crates/reify-ir/src/geometry.rs;crates/reify-ir/src/lib.rs;crates/reify-ir/tests/api_surface.rs;crates/reify-kernel-gmsh/src/cache_key.rs;crates/reify-kernel-gmsh/src/kernel_real.rs;crates/reify-kernel-gmsh/src/mesh_boundary.rs;crates/reify-kernel-gmsh/src/refine_volume.rs;crates/reify-kernel-gmsh/src/through_thickness.rs;crates/reify-kernel-gmsh/tests/mesh_to_volume_tests.rs;crates/reify-kernel-gmsh/tests/pipeline_integration.rs;crates/reify-kernel-gmsh/tests/refine_volume_tests.rs;crates/reify-kernel-gmsh/tests/through_thickness_tests.rs;crates/reify-mesh-morph/src/boundary.rs;crates/reify-mesh-morph/src/elasticity.rs;crates/reify-mesh-morph/src/laplacian.rs;crates/reify-mesh-morph/src/lib.rs;crates/reify-mesh-morph/src/quality.rs;crates/reify-mesh-morph/tests/calibration.rs;crates/reify-mesh-morph/tests/calibration/fixtures.rs;crates/reify-mesh-morph/tests/calibration/sweep.rs;crates/reify-solver-elastic/src/adaptive.rs;crates/reify-solver-elastic/src/assembly/mod.rs;crates/reify-solver-elastic/src/assembly/volume.rs;crates/reify-solver-elastic/src/error_estimator.rs;crates/reify-solver-elastic/src/lib.rs;crates/reify-solver-elastic/src/sweep.rs;crates/reify-solver-elastic/src/volume_refine.rs;crates/reify-solver-elastic/tests/adaptive_refinement_tests.rs;crates/reify-solver-elastic/tests/aposteriori_validation.rs;crates/reify-solver-elastic/tests/realized_volume_assembly.rs;crates/reify-solver-elastic/tests/volume_refine_tests.rs;crates/reify-stdlib/src/modal/trampoline.rs
reify,4167,medium,2026-07-04T19:35:45.655506+00:00,2026-07-04T23:18:07.566667+00:00,3.7061,era_death,7,2,0,25.943,18.532,0.043,775,crates/reify-compiler/src/geometry_transform.rs;crates/reify-compiler/src/types.rs;crates/reify-eval/src/engine_build.rs;crates/reify-eval/src/geometry_ops.rs;crates/reify-eval/tests/scale_non_uniform_e2e.rs;crates/reify-ir/src/geometry.rs;crates/reify-kernel-occt/src/lib.rs
reify,4947,high,2026-07-04T19:59:19.379140+00:00,2026-07-04T23:18:07.566667+00:00,3.3134,era_death,6,1,0,19.880,13.255,0.499,0,crates/reify-eval/src/engine_build.rs;crates/reify-eval/src/topology_attribute_propagation.rs;crates/reify-eval/src/topology_selectors.rs;crates/reify-eval/tests/topology_attribute_local_features_e2e.rs;crates/reify-ir/src/geometry.rs;crates/reify-shell-extract/src/result.rs
reify,4986,high,2026-07-04T23:20:42.283631+00:00,2026-07-04T23:48:03.665220+00:00,0.4559,used,53,1,0,24.165,23.257,0.841,0,crates/reify-eval/src/compute_targets/buckling.rs;crates/reify-eval/src/compute_targets/elastic_static.rs;crates/reify-eval/src/compute_targets/result_topology.rs;crates/reify-eval/src/engine_build.rs;crates/reify-eval/src/engine_compute.rs;crates/reify-eval/src/modal_ops.rs;crates/reify-eval/src/morph_producer.rs;crates/reify-eval/src/realization_content.rs;crates/reify-eval/src/realization_read_gamma.rs;crates/reify-eval/src/realization_read_test_support.rs;crates/reify-eval/tests/buckling_element_order_dispatch.rs;crates/reify-eval/tests/buckling_p2_smoke.rs;crates/reify-eval/tests/compute_contract_reexport_compat.rs;crates/reify-eval/tests/fea_face_selector_bc_e2e.rs;crates/reify-eval/tests/morph_arm_e2e.rs;crates/reify-eval/tests/morph_producer_seam.rs;crates/reify-eval/tests/r3b_carried_topology_selector_resolution.rs;crates/reify-eval/tests/r3b_modal_selector_displacement.rs;crates/reify-eval/tests/realization_read_api.rs;crates/reify-eval/tests/result_carried_topology.rs;crates/reify-eval/tests/volume_mesh_realization_e2e.rs;crates/reify-ir/src/geometry.rs;crates/reify-ir/src/lib.rs;crates/reify-ir/tests/api_surface.rs;crates/reify-kernel-gmsh/src/cache_key.rs;crates/reify-kernel-gmsh/src/kernel_real.rs;crates/reify-kernel-gmsh/src/mesh_boundary.rs;crates/reify-kernel-gmsh/src/refine_volume.rs;crates/reify-kernel-gmsh/src/through_thickness.rs;crates/reify-kernel-gmsh/tests/mesh_to_volume_tests.rs;crates/reify-kernel-gmsh/tests/pipeline_integration.rs;crates/reify-kernel-gmsh/tests/refine_volume_tests.rs;crates/reify-kernel-gmsh/tests/through_thickness_tests.rs;crates/reify-mesh-morph/src/boundary.rs;crates/reify-mesh-morph/src/elasticity.rs;crates/reify-mesh-morph/src/laplacian.rs;crates/reify-mesh-morph/src/lib.rs;crates/reify-mesh-morph/src/quality.rs;crates/reify-mesh-morph/tests/calibration.rs;crates/reify-mesh-morph/tests/calibration/fixtures.rs;crates/reify-mesh-morph/tests/calibration/sweep.rs;crates/reify-solver-elastic/src/adaptive.rs;crates/reify-solver-elastic/src/assembly/mod.rs;crates/reify-solver-elastic/src/assembly/volume.rs;crates/reify-solver-elastic/src/error_estimator.rs;crates/reify-solver-elastic/src/lib.rs;crates/reify-solver-elastic/src/sweep.rs;crates/reify-solver-elastic/src/volume_refine.rs;crates/reify-solver-elastic/tests/adaptive_refinement_tests.rs;crates/reify-solver-elastic/tests/aposteriori_validation.rs;crates/reify-solver-elastic/tests/realized_volume_assembly.rs;crates/reify-solver-elastic/tests/volume_refine_tests.rs;crates/reify-stdlib/src/modal/trampoline.rs
reify,4167,medium,2026-07-04T23:48:20.062505+00:00,2026-07-05T00:16:17.543772+00:00,0.4660,era_death,7,2,0,3.262,2.330,0.040,0,crates/reify-compiler/src/geometry_transform.rs;crates/reify-compiler/src/types.rs;crates/reify-eval/src/engine_build.rs;crates/reify-eval/src/geometry_ops.rs;crates/reify-eval/tests/scale_non_uniform_e2e.rs;crates/reify-ir/src/geometry.rs;crates/reify-kernel-occt/src/lib.rs
reify,4167,medium,2026-07-05T00:18:41.695051+00:00,2026-07-05T00:38:29.759842+00:00,0.3300,used,7,2,0,2.310,1.650,0.936,0,crates/reify-compiler/src/geometry_transform.rs;crates/reify-compiler/src/types.rs;crates/reify-eval/src/engine_build.rs;crates/reify-eval/src/geometry_ops.rs;crates/reify-eval/tests/scale_non_uniform_e2e.rs;crates/reify-ir/src/geometry.rs;crates/reify-kernel-occt/src/lib.rs
reify,4168,medium,2026-07-05T00:38:46.241505+00:00,2026-07-05T01:33:18.683570+00:00,0.9090,era_death,12,2,0,10.908,7.885,0.022,0,crates/reify-compiler/src/geometry.rs;crates/reify-compiler/tests/compile_api_tests.rs;crates/reify-eval/src/engine_build.rs;crates/reify-eval/src/geometry_ops.rs;crates/reify-eval/tests/arbitrary_pattern_e2e.rs;crates/reify-eval/tests/compile_geometry_op_characterization.rs;crates/reify-ir/src/geometry.rs;crates/reify-kernel-occt/cpp/occt_wrapper.cpp;crates/reify-kernel-occt/cpp/occt_wrapper.h;crates/reify-kernel-occt/src/ffi.rs;crates/reify-kernel-occt/src/lib.rs;crates/reify-test-support/src/mocks.rs
reify,4168,medium,2026-07-05T01:34:38.033238+00:00,2026-07-05T03:12:05.220481+00:00,1.6242,era_death,12,2,0,19.491,14.615,0.061,329,crates/reify-compiler/src/geometry.rs;crates/reify-compiler/tests/compile_api_tests.rs;crates/reify-eval/src/engine_build.rs;crates/reify-eval/src/geometry_ops.rs;crates/reify-eval/tests/arbitrary_pattern_e2e.rs;crates/reify-eval/tests/compile_geometry_op_characterization.rs;crates/reify-ir/src/geometry.rs;crates/reify-kernel-occt/cpp/occt_wrapper.cpp;crates/reify-kernel-occt/cpp/occt_wrapper.h;crates/reify-kernel-occt/src/ffi.rs;crates/reify-kernel-occt/src/lib.rs;crates/reify-test-support/src/mocks.rs
reify,4947,high,2026-07-05T01:48:04.523241+00:00,2026-07-05T03:12:05.220481+00:00,1.4002,era_death,6,1,0,8.401,7.001,0.214,0,crates/reify-eval/src/engine_build.rs;crates/reify-eval/src/topology_attribute_propagation.rs;crates/reify-eval/src/topology_selectors.rs;crates/reify-eval/tests/topology_attribute_local_features_e2e.rs;crates/reify-ir/src/geometry.rs;crates/reify-shell-extract/src/result.rs
reify,4167,medium,2026-07-05T03:15:45.382636+00:00,2026-07-05T06:15:23.169308+00:00,2.9938,era_death,6,2,0,17.963,14.817,2.136,0,crates/reify-compiler/src/geometry_transform.rs;crates/reify-compiler/src/types.rs;crates/reify-eval/src/geometry_ops.rs;crates/reify-eval/tests/scale_non_uniform_e2e.rs;crates/reify-ir/src/geometry.rs;crates/reify-kernel-occt/src/lib.rs
reify,4168,medium,2026-07-05T06:15:42.172730+00:00,2026-07-05T08:23:34.123311+00:00,2.1311,used,12,2,0,25.573,18.892,0.759,0,crates/reify-compiler/src/geometry.rs;crates/reify-compiler/tests/compile_api_tests.rs;crates/reify-eval/src/engine_build.rs;crates/reify-eval/src/geometry_ops.rs;crates/reify-eval/tests/arbitrary_pattern_e2e.rs;crates/reify-eval/tests/compile_geometry_op_characterization.rs;crates/reify-ir/src/geometry.rs;crates/reify-kernel-occt/cpp/occt_wrapper.cpp;crates/reify-kernel-occt/cpp/occt_wrapper.h;crates/reify-kernel-occt/src/ffi.rs;crates/reify-kernel-occt/src/lib.rs;crates/reify-test-support/src/mocks.rs
reify,4192,medium,2026-07-05T08:23:41.682331+00:00,2026-07-05T09:02:44.611678+00:00,0.6508,era_death,14,2,0,9.111,3.905,0.107,121,crates/reify-compiler/src/geometry.rs;crates/reify-compiler/src/geometry_modify.rs;crates/reify-compiler/src/geometry_traits_inference.rs;crates/reify-compiler/src/types.rs;crates/reify-compiler/src/units.rs;crates/reify-eval/src/engine_build.rs;crates/reify-eval/src/geometry_ops.rs;crates/reify-eval/tests/offset_surface_e2e.rs;crates/reify-ir/src/geometry.rs;crates/reify-kernel-occt/cpp/occt_wrapper.cpp;crates/reify-kernel-occt/cpp/occt_wrapper.h;crates/reify-kernel-occt/src/ffi.rs;crates/reify-kernel-occt/src/lib.rs;crates/reify-kernel-occt/src/register.rs
reify,4999,high,2026-07-05T08:32:20.465076+00:00,2026-07-05T09:02:44.611678+00:00,0.5067,era_death,7,1,0,3.547,1.520,0.393,0,crates/reify-compiler/src/geometry.rs;crates/reify-compiler/src/geometry_traits_inference.rs;crates/reify-compiler/src/types.rs;crates/reify-eval/src/deps.rs;crates/reify-eval/src/engine_build.rs;crates/reify-eval/src/geometry_ops.rs;crates/reify-ir/src/geometry.rs
reify,4168,medium,2026-07-05T09:09:08.276608+00:00,2026-07-05T12:00:03.736014+00:00,2.8487,silent_owner_dispatch_then_release,14,2,1,39.882,2.863,3.687,602,crates/reify-cli/tests/cli_eval_geometry.rs;crates/reify-compiler/src/geometry.rs;crates/reify-compiler/tests/compile_api_tests.rs;crates/reify-eval/src/engine_build.rs;crates/reify-eval/src/geometry_ops.rs;crates/reify-eval/tests/arbitrary_pattern_transform_e2e.rs;crates/reify-eval/tests/compile_geometry_op_characterization.rs;crates/reify-ir/src/geometry.rs;crates/reify-kernel-occt/cpp/occt_wrapper.cpp;crates/reify-kernel-occt/cpp/occt_wrapper.h;crates/reify-kernel-occt/src/ffi.rs;crates/reify-kernel-occt/src/lib.rs;crates/reify-test-support/src/mocks.rs;examples/pattern_arbitrary_transforms.ri
reify,4954,high,2026-07-05T09:23:50.384986+00:00,2026-07-05T12:00:03.778844+00:00,2.6037,silent_owner_dispatch_then_release,7,1,1,18.226,2.520,3.687,602,crates/reify-compiler/src/entity.rs;crates/reify-compiler/tests/geometry_let_value_cell_lowering.rs;crates/reify-eval/src/deps.rs;crates/reify-eval/src/engine_edit.rs;crates/reify-eval/src/engine_eval.rs;crates/reify-eval/src/graph.rs;crates/reify-eval/tests/geometry_let_value_cell_gamma.rs
reify,4999,high,2026-07-05T09:26:50.575941+00:00,2026-07-05T12:00:06.866991+00:00,2.5545,era_death,9,1,0,22.991,2.560,0.055,0,crates/reify-compiler/src/compile_builder/entities_phase.rs;crates/reify-compiler/src/geometry.rs;crates/reify-compiler/src/geometry_traits_inference.rs;crates/reify-compiler/src/types.rs;crates/reify-eval/src/engine_build.rs;crates/reify-eval/src/geometry_ops.rs;crates/reify-eval/tests/compile_geometry_op_characterization.rs;crates/reify-ir/src/geometry.rs;crates/reify-kernel-occt/src/lib.rs
reify,4999,high,2026-07-05T12:03:24.832150+00:00,2026-07-05T14:00:58.402611+00:00,1.9593,era_death,10,1,0,19.593,5.886,0.004,0,crates/reify-compiler/src/compile_builder/entities_phase.rs;crates/reify-compiler/src/geometry.rs;crates/reify-compiler/src/geometry_traits_inference.rs;crates/reify-compiler/src/types.rs;crates/reify-eval/src/deps.rs;crates/reify-eval/src/engine_build.rs;crates/reify-eval/src/geometry_ops.rs;crates/reify-eval/tests/compile_geometry_op_characterization.rs;crates/reify-ir/src/geometry.rs;crates/reify-kernel-occt/src/lib.rs
reify,4999,high,2026-07-05T14:01:13.405896+00:00,2026-07-05T15:39:57.857156+00:00,1.6457,era_death,10,1,0,16.457,6.425,4.117,0,crates/reify-compiler/src/compile_builder/entities_phase.rs;crates/reify-compiler/src/geometry.rs;crates/reify-compiler/src/geometry_traits_inference.rs;crates/reify-compiler/src/types.rs;crates/reify-eval/src/deps.rs;crates/reify-eval/src/engine_build.rs;crates/reify-eval/src/geometry_ops.rs;crates/reify-eval/tests/compile_geometry_op_characterization.rs;crates/reify-ir/src/geometry.rs;crates/reify-kernel-occt/src/lib.rs
reify,4954,high,2026-07-05T17:26:40.723898+00:00,2026-07-05T17:45:33.436067+00:00,0.3146,used,13,1,0,4.090,3.776,3.314,0,crates/reify-compiler/src/auto_type_param.rs;crates/reify-compiler/src/entity.rs;crates/reify-compiler/src/expr.rs;crates/reify-compiler/tests/boundary1_consumer.rs;crates/reify-compiler/tests/boundary2_producer.rs;crates/reify-compiler/tests/fn_arg_trait_conformance_tests.rs;crates/reify-compiler/tests/geometry_let_value_cell_lowering.rs;crates/reify-compiler/tests/let_scope_tests.rs;crates/reify-compiler/tests/solid_param_tests.rs;crates/reify-compiler/tests/visibility_compile_tests.rs;crates/reify-eval/src/engine_eval.rs;crates/reify-eval/src/graph.rs;crates/reify-eval/tests/geometry_let_value_cell_gamma.rs
reify,5008,high,2026-07-05T16:55:58.059755+00:00,2026-07-05T20:03:30.881822+00:00,3.1258,silent_owner_dispatch_then_release,7,1,1,21.880,16.857,1.823,65,crates/reify-eval/src/compute_targets/elastic_static.rs;crates/reify-eval/src/compute_targets/multi_case.rs;crates/reify-eval/src/engine_build.rs;crates/reify-eval/tests/fixtures/fea_body_cantilever.ri;crates/reify-eval/tests/solve_elastic_static_body_e2e.rs;crates/reify-solver-elastic/src/boundary/dirichlet.rs;crates/reify-solver-elastic/src/solver.rs
reify,4168,medium,2026-07-05T15:41:15.900951+00:00,2026-07-05T23:15:21.686058+00:00,7.5683,silent_owner_dispatch_then_release,13,2,1,98.388,53.848,0.001,1416,crates/reify-cli/tests/cli_eval_geometry.rs;crates/reify-compiler/src/geometry.rs;crates/reify-compiler/tests/compile_api_tests.rs;crates/reify-eval/src/engine_build.rs;crates/reify-eval/src/geometry_ops.rs;crates/reify-eval/tests/arbitrary_pattern_transform_e2e.rs;crates/reify-eval/tests/compile_geometry_op_characterization.rs;crates/reify-ir/src/geometry.rs;crates/reify-kernel-occt/cpp/occt_wrapper.cpp;crates/reify-kernel-occt/cpp/occt_wrapper.h;crates/reify-kernel-occt/src/lib.rs;crates/reify-test-support/src/mocks.rs;examples/pattern_arbitrary_transforms.ri
reify,5000,high,2026-07-05T21:52:52.824366+00:00,2026-07-05T23:15:26.189315+00:00,1.3759,used,1,490,0,1.376,0.001,1.944,0,crates/reify-eval/src/engine_build.rs
reify,5001,high,2026-07-05T23:15:32.438883+00:00,2026-07-06T01:12:06.286965+00:00,1.9427,used,5,1,0,9.714,7.771,5.316,0,crates/reify-eval/src/dispatcher.rs;crates/reify-eval/src/engine_build.rs;crates/reify-kernel-openvdb/src/kernel_real.rs;crates/reify-kernel-openvdb/src/register.rs;crates/reify-kernel-openvdb/tests/dispatcher_integration.rs
reify,5018,high,2026-07-06T01:12:06.371438+00:00,2026-07-06T01:17:13.077433+00:00,0.0852,used,8,1,0,0.682,0.596,3.179,0,crates/reify-compiler/src/entity.rs;crates/reify-compiler/tests/objective_dimension_coherence.rs;crates/reify-constraints/src/registry.rs;crates/reify-constraints/src/solver.rs;crates/reify-core/src/diagnostics.rs;crates/reify-eval/src/engine_eval.rs;crates/reify-ir/src/constraint.rs;crates/reify-ir/src/lib.rs
reify,5015,high,2026-07-06T01:17:13.364587+00:00,2026-07-06T04:27:59.117973+00:00,3.1794,used,6,1,0,19.076,13.922,1.699,0,crates/reify-compiler/src/expr.rs;crates/reify-compiler/tests/cost_subtree_aggregate_compile_tests.rs;crates/reify-eval/src/engine_eval.rs;crates/reify-eval/src/structural_query.rs;crates/reify-eval/tests/cost_subtree_aggregate_eval.rs;examples/cost_subtree_aggregate.ri
reify,4192,medium,2026-07-06T04:28:14.509038+00:00,2026-07-06T06:31:03.459199+00:00,2.0469,used,14,2,0,28.657,26.610,2.499,0,crates/reify-compiler/src/geometry.rs;crates/reify-compiler/src/geometry_modify.rs;crates/reify-compiler/src/geometry_traits_inference.rs;crates/reify-compiler/src/types.rs;crates/reify-compiler/src/units.rs;crates/reify-eval/src/engine_build.rs;crates/reify-eval/src/geometry_ops.rs;crates/reify-eval/tests/offset_surface_e2e.rs;crates/reify-ir/src/geometry.rs;crates/reify-kernel-occt/cpp/occt_wrapper.cpp;crates/reify-kernel-occt/cpp/occt_wrapper.h;crates/reify-kernel-occt/src/ffi.rs;crates/reify-kernel-occt/src/lib.rs;crates/reify-kernel-occt/src/register.rs
reify,4194,medium,2026-07-06T06:31:21.456458+00:00,2026-07-06T08:59:44.109890+00:00,2.4730,era_death,13,2,0,32.148,2.474,0.021,129,crates/reify-compiler/src/geometry.rs;crates/reify-compiler/src/geometry_modify.rs;crates/reify-compiler/src/geometry_traits_inference.rs;crates/reify-compiler/src/types.rs;crates/reify-compiler/src/units.rs;crates/reify-eval/src/engine_build.rs;crates/reify-eval/src/geometry_ops.rs;crates/reify-eval/tests/thicken_asymmetric_e2e.rs;crates/reify-ir/src/geometry.rs;crates/reify-kernel-occt/cpp/occt_wrapper.cpp;crates/reify-kernel-occt/cpp/occt_wrapper.h;crates/reify-kernel-occt/src/ffi.rs;crates/reify-kernel-occt/src/lib.rs
reify,5026,critical,2026-07-06T08:31:46.923162+00:00,2026-07-06T08:59:44.109890+00:00,0.4659,era_death,2,1,0,0.932,0.466,0.600,0,crates/reify-eval/src/geometry_ops.rs;crates/reify-eval/src/geometry_ops/tests.rs
reify,4827,high,2026-07-06T09:00:59.168544+00:00,2026-07-06T13:00:26.356153+00:00,3.9909,era_death,3,1,0,11.973,7.985,0.078,0,crates/reify-eval/src/engine_build.rs;crates/reify-eval/src/topology_selectors.rs;crates/reify-ir/src/geometry.rs
reify,4827,high,2026-07-06T13:05:07.685399+00:00,2026-07-06T14:06:32.140809+00:00,1.0235,used,3,1,0,3.070,2.047,0.297,0,crates/reify-eval/src/engine_build.rs;crates/reify-eval/src/topology_selectors.rs;crates/reify-ir/src/geometry.rs
reify,5033,high,2026-07-06T14:06:32.747958+00:00,2026-07-06T14:24:21.415780+00:00,0.2969,used,5,1,0,1.484,1.187,24.323,0,crates/reify-compiler/src/geometry_traits_inference.rs;crates/reify-compiler/src/units.rs;crates/reify-eval/src/deps.rs;crates/reify-eval/src/engine_build.rs;crates/reify-eval/src/geometry_ops.rs
reify,5039,high,2026-07-06T14:24:21.968254+00:00,2026-07-06T17:05:21.017166+00:00,2.6831,era_death,2,1,0,5.366,2.684,21.639,0,crates/reify-eval/src/cell_eval_ctx.rs;crates/reify-eval/src/lib.rs
reify,5133,high,2026-07-07T08:43:18.318016+00:00,2026-07-07T09:12:41.681982+00:00,0.4898,era_death,5,1,0,2.449,1.961,0.027,0,scripts/reify-bin-freshness.sh;scripts/verify.sh;tests/infra/test_prd_gate_corpus.sh;tests/infra/test_prd_gate_objective_inheritance.sh;tests/infra/test_reify_bin_freshness.sh
reify,5133,high,2026-07-07T09:14:20.210723+00:00,2026-07-07T09:58:14.499044+00:00,0.7317,era_death,5,1,0,3.659,2.928,0.050,0,scripts/reify-bin-freshness.sh;scripts/verify.sh;tests/infra/test_prd_gate_corpus.sh;tests/infra/test_prd_gate_objective_inheritance.sh;tests/infra/test_reify_bin_freshness.sh
reify,5133,high,2026-07-07T10:01:13.407941+00:00,2026-07-07T10:29:32.204914+00:00,0.4719,used,5,1,0,2.359,1.888,33.162,0,scripts/reify-bin-freshness.sh;scripts/verify.sh;tests/infra/test_prd_gate_corpus.sh;tests/infra/test_prd_gate_objective_inheritance.sh;tests/infra/test_reify_bin_freshness.sh
reify,4956,high,2026-07-07T14:43:42.646686+00:00,2026-07-07T14:44:24.589716+00:00,0.0117,era_death,6,1,0,0.070,0.039,0.033,0,crates/reify-eval/src/engine_build.rs;crates/reify-eval/src/engine_edit.rs;crates/reify-eval/src/engine_eval.rs;crates/reify-eval/src/geometry_ops.rs;docs/design/symbolic-eval-nested-selector-resolution.md;docs/prds/v0_6/value-eval-geometry-addressing.md
reify,4956,high,2026-07-07T14:46:22.499026+00:00,2026-07-07T19:40:48.473076+00:00,4.9072,era_death,6,1,0,29.443,14.725,0.051,0,crates/reify-eval/src/engine_build.rs;crates/reify-eval/src/engine_edit.rs;crates/reify-eval/src/engine_eval.rs;crates/reify-eval/src/geometry_ops.rs;docs/design/symbolic-eval-nested-selector-resolution.md;docs/prds/v0_6/value-eval-geometry-addressing.md
reify,4956,high,2026-07-07T19:43:51.278945+00:00,2026-07-07T20:24:10.414097+00:00,0.6720,era_death,6,1,0,4.032,2.018,0.037,0,crates/reify-eval/src/engine_build.rs;crates/reify-eval/src/engine_edit.rs;crates/reify-eval/src/engine_eval.rs;crates/reify-eval/src/geometry_ops.rs;docs/design/symbolic-eval-nested-selector-resolution.md;docs/prds/v0_6/value-eval-geometry-addressing.md
reify,4956,high,2026-07-07T20:26:24.436616+00:00,2026-07-07T21:11:30.642720+00:00,0.7517,era_death,6,1,0,4.510,2.257,0.046,0,crates/reify-eval/src/engine_build.rs;crates/reify-eval/src/engine_edit.rs;crates/reify-eval/src/engine_eval.rs;crates/reify-eval/src/geometry_ops.rs;docs/design/symbolic-eval-nested-selector-resolution.md;docs/prds/v0_6/value-eval-geometry-addressing.md
reify,4956,high,2026-07-07T21:14:17.097821+00:00,2026-07-07T22:17:27.046154+00:00,1.0528,era_death,6,1,0,6.317,3.163,0.723,0,crates/reify-eval/src/engine_build.rs;crates/reify-eval/src/engine_edit.rs;crates/reify-eval/src/engine_eval.rs;crates/reify-eval/src/geometry_ops.rs;docs/design/symbolic-eval-nested-selector-resolution.md;docs/prds/v0_6/value-eval-geometry-addressing.md
reify,4956,high,2026-07-07T23:00:50.918320+00:00,2026-07-08T05:28:05.878859+00:00,6.4542,era_death,6,1,0,38.725,19.370,0.068,0,crates/reify-eval/src/engine_build.rs;crates/reify-eval/src/engine_edit.rs;crates/reify-eval/src/engine_eval.rs;crates/reify-eval/src/geometry_ops.rs;docs/design/symbolic-eval-nested-selector-resolution.md;docs/prds/v0_6/value-eval-geometry-addressing.md
reify,4956,high,2026-07-08T05:32:11.857174+00:00,2026-07-08T10:01:16.164739+00:00,4.4845,era_death,6,1,0,26.907,13.459,0.053,0,crates/reify-eval/src/engine_build.rs;crates/reify-eval/src/engine_edit.rs;crates/reify-eval/src/engine_eval.rs;crates/reify-eval/src/geometry_ops.rs;docs/design/symbolic-eval-nested-selector-resolution.md;docs/prds/v0_6/value-eval-geometry-addressing.md
reify,4956,high,2026-07-08T10:04:25.677081+00:00,2026-07-08T12:26:56.153824+00:00,2.3751,era_death,6,1,0,14.251,7.127,0.044,0,crates/reify-eval/src/engine_build.rs;crates/reify-eval/src/engine_edit.rs;crates/reify-eval/src/engine_eval.rs;crates/reify-eval/src/geometry_ops.rs;docs/design/symbolic-eval-nested-selector-resolution.md;docs/prds/v0_6/value-eval-geometry-addressing.md
reify,4956,high,2026-07-08T12:29:35.406004+00:00,2026-07-08T16:43:07.953929+00:00,4.2257,era_death,6,1,0,25.354,15.866,2.935,0,crates/reify-eval/src/engine_build.rs;crates/reify-eval/src/engine_edit.rs;crates/reify-eval/src/engine_eval.rs;crates/reify-eval/src/geometry_ops.rs;docs/design/symbolic-eval-nested-selector-resolution.md;docs/prds/v0_6/value-eval-geometry-addressing.md
reify,5014,high,2026-07-08T16:45:55.468743+00:00,2026-07-08T19:37:20.075101+00:00,2.8568,era_death,2,1,0,5.714,2.859,0.030,0,crates/reify-eval/src/engine_eval.rs;crates/reify-eval/tests/merged_cluster_solve.rs
reify,5014,high,2026-07-08T19:39:08.058170+00:00,2026-07-08T19:39:14.310658+00:00,0.0017,used,2,1,0,0.003,0.002,44.931,0,crates/reify-eval/src/engine_eval.rs;crates/reify-eval/tests/merged_cluster_solve.rs
reify,5039,high,2026-07-08T19:39:14.766247+00:00,2026-07-08T22:14:06.551384+00:00,2.5811,era_death,2,1,0,5.162,2.585,0.062,0,crates/reify-eval/src/cell_eval_ctx.rs;crates/reify-eval/src/lib.rs
reify,5039,high,2026-07-08T22:17:51.484507+00:00,2026-07-09T01:51:50.475272+00:00,3.5664,era_death,2,1,0,7.133,3.571,0.029,0,crates/reify-eval/src/cell_eval_ctx.rs;crates/reify-eval/src/lib.rs
reify,5039,high,2026-07-09T01:53:35.825124+00:00,2026-07-09T05:29:19.576170+00:00,3.5955,era_death,2,1,0,7.191,3.596,0.027,0,crates/reify-eval/src/cell_eval_ctx.rs;crates/reify-eval/src/lib.rs
reify,5039,high,2026-07-09T05:30:56.778810+00:00,2026-07-09T06:15:58.333979+00:00,0.7504,era_death,2,1,0,1.501,0.751,0.053,0,crates/reify-eval/src/cell_eval_ctx.rs;crates/reify-eval/src/lib.rs
reify,5039,high,2026-07-09T06:19:09.634009+00:00,2026-07-09T08:29:57.557837+00:00,2.1800,era_death,2,1,0,4.360,2.183,0.570,0,crates/reify-eval/src/cell_eval_ctx.rs;crates/reify-eval/src/lib.rs
reify,5039,high,2026-07-09T09:04:08.961864+00:00,2026-07-09T10:10:31.557928+00:00,1.1063,era_death,2,1,0,2.213,1.108,0.024,0,crates/reify-eval/src/cell_eval_ctx.rs;crates/reify-eval/src/lib.rs
reify,5039,high,2026-07-09T10:11:56.771977+00:00,2026-07-09T12:06:27.098003+00:00,1.9084,era_death,2,1,0,3.817,1.908,0.051,0,crates/reify-eval/src/cell_eval_ctx.rs;crates/reify-eval/src/lib.rs
reify,5039,high,2026-07-09T12:09:44.974007+00:00,2026-07-09T14:29:55.160799+00:00,2.3362,era_death,2,1,0,4.672,2.337,0.097,0,crates/reify-eval/src/cell_eval_ctx.rs;crates/reify-eval/src/lib.rs
reify,5039,high,2026-07-09T14:35:58.025388+00:00,2026-07-09T17:45:35.191505+00:00,3.1603,era_death,2,1,0,6.321,3.161,0.055,0,crates/reify-eval/src/cell_eval_ctx.rs;crates/reify-eval/src/lib.rs
reify,5039,high,2026-07-09T17:49:07.240403+00:00,2026-07-09T20:02:47.094315+00:00,2.2277,era_death,2,1,0,4.455,2.229,0.051,0,crates/reify-eval/src/cell_eval_ctx.rs;crates/reify-eval/src/lib.rs
reify,5039,high,2026-07-09T20:06:00.942265+00:00,2026-07-09T22:51:23.341004+00:00,2.7562,era_death,2,1,0,5.512,2.756,0.063,0,crates/reify-eval/src/cell_eval_ctx.rs;crates/reify-eval/src/lib.rs
reify,5039,high,2026-07-09T22:55:20.229583+00:00,2026-07-09T23:24:53.978558+00:00,0.4927,era_death,2,1,0,0.985,0.494,0.044,0,crates/reify-eval/src/cell_eval_ctx.rs;crates/reify-eval/src/lib.rs
reify,5039,high,2026-07-09T23:27:47.629496+00:00,2026-07-10T05:06:49.706613+00:00,5.6506,used,2,1,0,11.301,5.652,35.228,0,crates/reify-eval/src/cell_eval_ctx.rs;crates/reify-eval/src/lib.rs
reify,5040,high,2026-07-10T05:06:59.358357+00:00,2026-07-10T08:44:39.391684+00:00,3.6278,era_death,2,1,0,7.256,3.629,0.010,0,crates/reify-eval/src/engine_admin.rs;crates/reify-eval/src/engine_eval.rs
reify,5040,high,2026-07-10T08:45:43.600630+00:00,2026-07-10T10:31:20.140757+00:00,1.7602,era_death,2,1,0,3.520,1.762,0.043,0,crates/reify-eval/src/engine_admin.rs;crates/reify-eval/src/engine_eval.rs
reify,5040,high,2026-07-10T10:34:24.244688+00:00,2026-07-10T16:35:07.089581+00:00,6.0119,used,2,1,0,12.024,6.014,0.548,0,crates/reify-eval/src/engine_admin.rs;crates/reify-eval/src/engine_eval.rs
reify,5043,high,2026-07-10T16:35:16.515171+00:00,2026-07-10T17:36:52.997590+00:00,1.0268,era_death,2,1,0,2.054,1.028,0.030,0,crates/reify-eval/src/detectors.rs;crates/reify-eval/src/lib.rs
reify,5043,high,2026-07-10T17:38:49.689333+00:00,2026-07-10T18:13:08.013871+00:00,0.5718,era_death,2,1,0,1.144,0.574,0.034,0,crates/reify-eval/src/detectors.rs;crates/reify-eval/src/lib.rs
reify,5043,high,2026-07-10T18:15:16.413842+00:00,2026-07-10T20:31:55.433167+00:00,2.2775,era_death,2,1,0,4.555,2.280,8.122,0,crates/reify-eval/src/detectors.rs;crates/reify-eval/src/lib.rs
reify,5043,high,2026-07-11T04:39:21.851974+00:00,2026-07-11T08:30:16.292280+00:00,3.8485,era_death,2,1,0,7.697,3.850,0.038,0,crates/reify-eval/src/detectors.rs;crates/reify-eval/src/lib.rs
reify,5040,high,2026-07-11T08:32:41.493820+00:00,2026-07-11T18:30:48.222468+00:00,9.9685,era_death,2,1,0,19.937,9.970,0.109,0,crates/reify-eval/src/engine_admin.rs;crates/reify-eval/src/engine_eval.rs
reify,5040,high,2026-07-11T18:37:44.744658+00:00,2026-07-11T22:23:43.223231+00:00,3.7662,era_death,2,1,0,7.532,3.767,0.055,0,crates/reify-eval/src/engine_admin.rs;crates/reify-eval/src/engine_eval.rs
reify,5040,high,2026-07-11T22:27:46.010443+00:00,2026-07-12T00:33:17.088145+00:00,2.0920,used,2,1,0,4.184,2.094,44.537,0,crates/reify-eval/src/engine_admin.rs;crates/reify-eval/src/engine_eval.rs
reify,5043,high,2026-07-12T00:33:36.089461+00:00,2026-07-12T00:39:16.999556+00:00,0.0947,era_death,2,1,0,0.189,0.095,0.047,0,crates/reify-eval/src/detectors.rs;crates/reify-eval/src/lib.rs
reify,5043,high,2026-07-12T00:42:39.084711+00:00,2026-07-12T07:01:29.590965+00:00,6.3140,era_death,2,1,0,12.628,6.315,0.051,0,crates/reify-eval/src/detectors.rs;crates/reify-eval/src/lib.rs
reify,5043,high,2026-07-12T07:04:54.726908+00:00,2026-07-12T14:48:39.964301+00:00,7.7292,era_death,2,1,0,15.458,7.731,0.032,0,crates/reify-eval/src/detectors.rs;crates/reify-eval/src/lib.rs
reify,5043,high,2026-07-12T14:50:59.856824+00:00,2026-07-12T15:30:10.396007+00:00,0.6529,era_death,2,1,0,1.306,0.654,0.043,0,crates/reify-eval/src/detectors.rs;crates/reify-eval/src/lib.rs
reify,5043,high,2026-07-12T15:33:03.635489+00:00,2026-07-12T20:51:24.518565+00:00,5.3058,era_death,2,1,0,10.612,5.307,0.037,0,crates/reify-eval/src/detectors.rs;crates/reify-eval/src/lib.rs
reify,5043,high,2026-07-12T20:53:58.104639+00:00,2026-07-13T02:44:48.148635+00:00,5.8472,era_death,2,1,0,11.694,5.847,0.026,0,crates/reify-eval/src/detectors.rs;crates/reify-eval/src/lib.rs
reify,5043,high,2026-07-13T02:46:40.137753+00:00,2026-07-13T09:08:26.353157+00:00,6.3628,era_death,2,1,0,12.726,6.363,0.027,0,crates/reify-eval/src/detectors.rs;crates/reify-eval/src/lib.rs
reify,5043,high,2026-07-13T09:10:34.375966+00:00,2026-07-13T21:03:55.127573+00:00,11.8891,era_death,2,1,0,23.778,11.891,0.027,738,crates/reify-eval/src/detectors.rs;crates/reify-eval/src/lib.rs
reify,4351,high,2026-07-13T14:48:43.633013+00:00,2026-07-13T21:03:55.127573+00:00,6.2532,era_death,36,1,0,225.115,200.110,0.958,0,crates/reify-eval/src/engine_admin.rs;crates/reify-eval/src/engine_build.rs;crates/reify-eval/src/engine_compute.rs;crates/reify-eval/src/geometry_ops.rs;crates/reify-eval/src/kernel_attribute_hook.rs;crates/reify-eval/src/morph_stage_b.rs;crates/reify-eval/src/primitive_attribute_seed.rs;crates/reify-eval/src/selector_vocabulary_v2.rs;crates/reify-eval/src/shell_extract_compute.rs;crates/reify-eval/src/topology_attribute_propagation.rs;crates/reify-eval/src/topology_attribute_resolver.rs;crates/reify-eval/src/topology_selectors.rs;crates/reify-eval/tests/ad_hoc_selector_smoke_tests.rs;crates/reify-eval/tests/cross_kernel_attribute_collision_e2e.rs;crates/reify-eval/tests/feature_tag_e2e.rs;crates/reify-eval/tests/feature_tag_selector_tests.rs;crates/reify-eval/tests/kernel_attribute_hook_wiring.rs;crates/reify-eval/tests/mid_surface_fold_e2e.rs;crates/reify-eval/tests/selector_vocabulary_v2_e2e.rs;crates/reify-eval/tests/selector_vocabulary_v2_mock.rs;crates/reify-eval/tests/tolerance_wiring_e2e.rs;crates/reify-eval/tests/topology_attribute_boolean_e2e.rs;crates/reify-eval/tests/topology_attribute_e2e.rs;crates/reify-eval/tests/topology_attribute_extrude_revolve_e2e.rs;crates/reify-eval/tests/topology_attribute_primitives_direct.rs;crates/reify-eval/tests/topology_attribute_primitives_e2e.rs;crates/reify-eval/tests/topology_attribute_resolver_e2e.rs;crates/reify-eval/tests/topology_attribute_sweep_loft_e2e.rs;crates/reify-eval/tests/topology_attribute_vertex_seeding.rs;crates/reify-ir/src/geometry.rs;crates/reify-ir/tests/api_surface.rs;crates/reify-kernel-manifold/src/kernel.rs;crates/reify-kernel-manifold/tests/kernel_attribute_hook_integration.rs;crates/reify-kernel-manifold/tests/planar_face_attribute_resolution.rs;crates/reify-mesh-morph/src/eligibility.rs;crates/reify-mesh-morph/src/lib.rs
reify,5039,high,2026-07-13T21:05:41.188536+00:00,2026-07-13T21:21:02.826567+00:00,0.2560,used,2,1,0,0.512,0.290,34.311,0,crates/reify-eval/src/cell_eval_ctx.rs;crates/reify-eval/src/lib.rs
reify,5040,high,2026-07-13T21:21:19.911365+00:00,2026-07-13T22:24:11.260838+00:00,1.0476,era_death,2,1,0,2.095,1.048,30.913,0,crates/reify-eval/src/engine_admin.rs;crates/reify-eval/src/engine_eval.rs
reify,5043,high,2026-07-13T22:27:17.321835+00:00,2026-07-14T01:00:59.375538+00:00,2.5617,era_death,2,1,0,5.123,2.563,0.015,0,crates/reify-eval/src/detectors.rs;crates/reify-eval/src/lib.rs
reify,5043,high,2026-07-14T01:02:11.429222+00:00,2026-07-14T01:42:32.526995+00:00,0.6725,era_death,2,1,0,1.345,0.674,0.026,0,crates/reify-eval/src/detectors.rs;crates/reify-eval/src/lib.rs
reify,5043,high,2026-07-14T01:44:23.910202+00:00,2026-07-14T04:06:24.084297+00:00,2.3667,era_death,2,1,0,4.733,2.367,0.029,0,crates/reify-eval/src/detectors.rs;crates/reify-eval/src/lib.rs
reify,5043,high,2026-07-14T04:08:27.825172+00:00,2026-07-14T05:36:27.003896+00:00,1.4664,era_death,2,1,0,2.933,1.468,0.040,0,crates/reify-eval/src/detectors.rs;crates/reify-eval/src/lib.rs
reify,5043,high,2026-07-14T05:39:07.096658+00:00,2026-07-14T07:03:15.425417+00:00,1.4023,era_death,2,1,0,2.805,1.402,0.043,0,crates/reify-eval/src/detectors.rs;crates/reify-eval/src/lib.rs
reify,5043,high,2026-07-14T07:06:08.067944+00:00,2026-07-14T08:45:06.324552+00:00,1.6495,era_death,2,1,0,3.299,1.650,0.059,0,crates/reify-eval/src/detectors.rs;crates/reify-eval/src/lib.rs
reify,5043,high,2026-07-14T08:48:57.349681+00:00,2026-07-14T09:45:38.365564+00:00,0.9447,era_death,2,1,0,1.889,0.947,0.023,0,crates/reify-eval/src/detectors.rs;crates/reify-eval/src/lib.rs
reify,5043,high,2026-07-14T09:47:19.997091+00:00,2026-07-14T10:02:04.229193+00:00,0.2456,era_death,2,1,0,0.491,0.246,0.047,0,crates/reify-eval/src/detectors.rs;crates/reify-eval/src/lib.rs
reify,5043,high,2026-07-14T10:05:13.000990+00:00,2026-07-14T11:22:51.004626+00:00,1.2939,era_death,2,1,0,2.588,1.295,0.093,0,crates/reify-eval/src/detectors.rs;crates/reify-eval/src/lib.rs
reify,5043,high,2026-07-14T11:29:00.205194+00:00,2026-07-14T11:59:23.256875+00:00,0.5064,era_death,2,1,0,1.013,0.507,0.044,0,crates/reify-eval/src/detectors.rs;crates/reify-eval/src/lib.rs
reify,5043,high,2026-07-14T12:02:31.691118+00:00,2026-07-14T13:11:20.919813+00:00,1.1470,era_death,2,1,0,2.294,1.148,0.253,0,crates/reify-eval/src/detectors.rs;crates/reify-eval/src/lib.rs
reify,5043,high,2026-07-14T13:26:53.936389+00:00,2026-07-14T15:22:39.604796+00:00,1.9294,era_death,2,1,0,3.859,1.931,0.068,0,crates/reify-eval/src/detectors.rs;crates/reify-eval/src/lib.rs
reify,5043,high,2026-07-14T15:27:08.174478+00:00,2026-07-14T16:35:42.203322+00:00,1.1428,era_death,2,1,0,2.286,1.144,0.050,0,crates/reify-eval/src/detectors.rs;crates/reify-eval/src/lib.rs
reify,5043,high,2026-07-14T16:39:08.912875+00:00,2026-07-14T18:12:32.684790+00:00,1.5566,era_death,2,1,0,3.113,1.558,0.152,0,crates/reify-eval/src/detectors.rs;crates/reify-eval/src/lib.rs
reify,5043,high,2026-07-14T18:22:04.965556+00:00,2026-07-14T19:09:30.888808+00:00,0.7905,era_death,2,1,0,1.581,0.792,0.052,0,crates/reify-eval/src/detectors.rs;crates/reify-eval/src/lib.rs
reify,5043,high,2026-07-14T19:12:57.608782+00:00,2026-07-14T20:07:37.705523+00:00,0.9111,era_death,2,1,0,1.822,0.912,0.115,0,crates/reify-eval/src/detectors.rs;crates/reify-eval/src/lib.rs
reify,5043,high,2026-07-14T20:14:52.760186+00:00,2026-07-14T21:36:18.992511+00:00,1.3573,era_death,2,1,0,2.715,1.359,0.021,0,crates/reify-eval/src/detectors.rs;crates/reify-eval/src/lib.rs
reify,5043,high,2026-07-14T21:38:02.221014+00:00,2026-07-14T22:21:08.892236+00:00,0.7185,era_death,2,1,0,1.437,0.720,0.052,0,crates/reify-eval/src/detectors.rs;crates/reify-eval/src/lib.rs
reify,5043,high,2026-07-14T22:24:48.007584+00:00,2026-07-14T22:51:54.617647+00:00,0.4518,era_death,2,1,0,0.904,0.453,0.070,0,crates/reify-eval/src/detectors.rs;crates/reify-eval/src/lib.rs
reify,5043,high,2026-07-14T22:56:26.392630+00:00,2026-07-15T11:33:29.830261+00:00,12.6176,silent_owner_dispatch_then_release,2,1,1,25.235,8.726,53.231,0,crates/reify-eval/src/detectors.rs;crates/reify-eval/src/lib.rs
reify,4636,high,2026-07-15T07:14:54.513814+00:00,2026-07-15T11:33:36.238141+00:00,4.3116,era_death,3,1,0,12.935,4.315,32.888,0,crates/reify-eval/src/engine_build.rs;crates/reify-eval/src/primitive_attribute_seed.rs;crates/reify-kernel-manifold/src/kernel.rs
reify,5047,high,2026-07-15T11:39:59.698989+00:00,2026-07-15T12:14:12.469307+00:00,0.5702,era_death,2,1,0,1.140,0.571,0.059,0,crates/reify-eval/src/engine_admin.rs;crates/reify-eval/src/engine_build.rs
reify,5047,high,2026-07-15T12:18:31.878018+00:00,2026-07-15T13:47:48.448597+00:00,1.4879,era_death,2,1,0,2.976,1.488,0.032,0,crates/reify-eval/src/engine_admin.rs;crates/reify-eval/src/engine_build.rs
reify,5047,high,2026-07-15T13:50:16.658991+00:00,2026-07-15T14:22:06.643296+00:00,0.5306,era_death,2,1,0,1.061,0.532,0.073,0,crates/reify-eval/src/engine_admin.rs;crates/reify-eval/src/engine_build.rs
reify,5047,high,2026-07-15T14:26:58.754967+00:00,2026-07-15T15:32:37.103863+00:00,1.0940,era_death,2,1,0,2.188,1.094,0.132,0,crates/reify-eval/src/engine_admin.rs;crates/reify-eval/src/engine_build.rs
reify,5047,high,2026-07-15T15:41:18.877541+00:00,2026-07-15T16:42:15.264164+00:00,1.0157,era_death,2,1,0,2.031,1.016,0.094,0,crates/reify-eval/src/engine_admin.rs;crates/reify-eval/src/engine_build.rs
reify,5047,high,2026-07-15T16:48:30.339539+00:00,2026-07-15T20:11:36.103313+00:00,3.3849,era_death,2,1,0,6.770,3.386,0.040,0,crates/reify-eval/src/engine_admin.rs;crates/reify-eval/src/engine_build.rs
reify,5047,high,2026-07-15T20:14:31.714729+00:00,2026-07-15T21:31:12.732307+00:00,1.2781,era_death,2,1,0,2.556,1.278,0.027,0,crates/reify-eval/src/engine_admin.rs;crates/reify-eval/src/engine_build.rs
reify,5047,high,2026-07-15T21:33:20.798828+00:00,2026-07-15T22:13:52.488172+00:00,0.6755,era_death,2,1,0,1.351,0.677,0.010,0,crates/reify-eval/src/engine_admin.rs;crates/reify-eval/src/engine_build.rs
reify,5047,high,2026-07-15T22:15:12.767082+00:00,2026-07-16T00:10:07.216176+00:00,1.9151,era_death,2,1,0,3.830,1.916,0.038,0,crates/reify-eval/src/engine_admin.rs;crates/reify-eval/src/engine_build.rs
reify,5047,high,2026-07-16T00:13:12.092475+00:00,2026-07-16T01:08:48.259770+00:00,0.9267,era_death,2,1,0,1.853,0.927,0.081,0,crates/reify-eval/src/engine_admin.rs;crates/reify-eval/src/engine_build.rs
reify,5047,high,2026-07-16T01:14:09.483891+00:00,2026-07-16T01:55:38.341004+00:00,0.6913,era_death,2,1,0,1.383,0.692,0.056,0,crates/reify-eval/src/engine_admin.rs;crates/reify-eval/src/engine_build.rs
reify,5047,high,2026-07-16T01:59:31.460176+00:00,2026-07-16T02:55:37.217568+00:00,0.9349,era_death,2,1,0,1.870,0.936,0.046,0,crates/reify-eval/src/engine_admin.rs;crates/reify-eval/src/engine_build.rs
reify,5047,high,2026-07-16T02:58:53.221545+00:00,2026-07-16T06:24:56.620173+00:00,3.4343,era_death,2,1,0,6.869,3.435,0.056,0,crates/reify-eval/src/engine_admin.rs;crates/reify-eval/src/engine_build.rs
reify,5047,high,2026-07-16T06:28:55.915870+00:00,2026-07-16T14:26:06.897849+00:00,7.9531,era_death,2,1,0,15.906,7.954,0.273,0,crates/reify-eval/src/engine_admin.rs;crates/reify-eval/src/engine_build.rs
reify,5047,high,2026-07-16T14:43:01.250659+00:00,2026-07-16T20:27:37.526867+00:00,5.7434,used,2,1,0,11.487,5.763,18.510,0,crates/reify-eval/src/engine_admin.rs;crates/reify-eval/src/engine_build.rs
reify,5055,high,2026-07-16T20:27:59.348197+00:00,2026-07-16T22:33:23.319694+00:00,2.0900,era_death,2,1,0,4.180,2.090,0.092,0,crates/reify-eval/src/lib.rs;crates/reify-eval/src/registry_drift_tests.rs
reify,5055,high,2026-07-16T22:39:24.254576+00:00,2026-07-17T00:49:12.116201+00:00,2.1633,era_death,2,1,0,4.327,2.165,0.016,0,crates/reify-eval/src/lib.rs;crates/reify-eval/src/registry_drift_tests.rs
reify,5055,high,2026-07-17T00:50:49.801847+00:00,2026-07-17T08:50:40.951018+00:00,7.9975,era_death,2,1,0,15.995,7.998,0.020,0,crates/reify-eval/src/lib.rs;crates/reify-eval/src/registry_drift_tests.rs
reify,5055,high,2026-07-17T08:52:48.362195+00:00,2026-07-17T16:47:20.365700+00:00,7.9089,used,2,1,0,15.818,7.916,16.067,0,crates/reify-eval/src/lib.rs;crates/reify-eval/src/registry_drift_tests.rs
reify,5064,high,2026-07-17T16:47:39.683924+00:00,2026-07-17T16:58:43.361389+00:00,0.1844,era_death,2,1,0,0.369,0.000,0.190,0,crates/reify-eval/src/engine_build.rs;crates/reify-ir/src/geometry.rs
reify,5053,high,2026-07-17T17:04:05.005896+00:00,2026-07-18T00:59:44.829477+00:00,7.9277,era_death,1,1,0,7.928,0.000,0.035,0,crates/reify-eval/src/engine_eval.rs
reify,5053,high,2026-07-18T01:02:01.484020+00:00,2026-07-18T09:08:42.856180+00:00,8.1115,era_death,1,1,0,8.111,0.000,0.024,0,crates/reify-eval/src/engine_eval.rs
reify,5053,high,2026-07-18T09:10:30.133000+00:00,2026-07-18T17:12:39.746335+00:00,8.0360,era_death,1,1,0,8.036,0.000,0.140,0,crates/reify-eval/src/engine_eval.rs
reify,5053,high,2026-07-18T17:21:15.393683+00:00,2026-07-18T21:00:13.850628+00:00,3.6496,used,1,1,0,3.650,0.005,14.377,0,crates/reify-eval/src/engine_eval.rs
reify,5064,high,2026-07-18T21:00:33.299913+00:00,2026-07-19T01:14:45.977536+00:00,4.2369,era_death,4,1,0,16.947,3.441,12.957,0,crates/reify-eval/src/engine_build.rs;crates/reify-eval/src/engine_build/tests.rs;crates/reify-ir/src/geometry.rs;docs/invariants.md
reify,5069,high,2026-07-19T01:16:15.010041+00:00,2026-07-19T01:17:35.543542+00:00,0.0224,era_death,2,1,0,0.045,0.003,0.021,0,crates/reify-eval/src/engine_build.rs;crates/reify-eval/src/lib.rs
reify,5069,high,2026-07-19T01:19:14.545501+00:00,2026-07-19T09:18:56.881613+00:00,7.9951,era_death,2,1,0,15.990,0.000,0.014,0,crates/reify-eval/src/engine_build.rs;crates/reify-eval/src/lib.rs
reify,5069,high,2026-07-19T09:20:05.281417+00:00,2026-07-19T17:05:49.529717+00:00,7.7623,used,2,1,0,15.525,2.899,2.878,0,crates/reify-eval/src/engine_build.rs;crates/reify-eval/src/lib.rs
reify,5072,high,2026-07-19T17:05:59.838617+00:00,2026-07-19T17:19:54.743650+00:00,0.2319,era_death,2,1,0,0.464,0.232,0.008,0,crates/reify-eval/src/compute_targets/mod.rs;crates/reify-eval/src/lib.rs
reify,5072,high,2026-07-19T17:20:31.947839+00:00,2026-07-19T19:58:31.016815+00:00,2.6331,used,2,1,0,5.266,2.634,1.219,0,crates/reify-eval/src/compute_targets/mod.rs;crates/reify-eval/src/lib.rs
reify,5105,high,2026-07-19T19:58:43.543031+00:00,2026-07-19T21:07:05.559453+00:00,1.1394,era_death,9,1,0,10.255,6.856,0.072,0,crates/reify-eval/src/engine_admin.rs;crates/reify-eval/src/engine_build.rs;crates/reify-eval/src/lib.rs;crates/reify-eval/tests/cross_kernel_handoff.rs;crates/reify-eval/tests/mesh_contract_handoff_diagnostic.rs;crates/reify-ir/src/geometry.rs;crates/reify-kernel-manifold/src/kernel.rs;crates/reify-test-support/src/mocks.rs;docs/invariants.md
reify,5056,high,2026-07-19T21:10:53.738817+00:00,2026-07-19T21:11:07.282060+00:00,0.0038,used,1,1,0,0.004,0.004,24.542,0,crates/reify-eval/src/engine_edit.rs
reify,5069,high,2026-07-19T21:11:51.293017+00:00,2026-07-20T01:20:51.539267+00:00,4.1501,era_death,2,1,0,8.300,0.002,0.022,0,crates/reify-eval/src/engine_build.rs;crates/reify-eval/src/lib.rs
reify,5069,high,2026-07-20T01:22:42.037864+00:00,2026-07-20T01:24:32.093818+00:00,0.0306,era_death,2,1,0,0.061,0.000,0.016,0,crates/reify-eval/src/engine_build.rs;crates/reify-eval/src/lib.rs
reify,5069,high,2026-07-20T01:25:50.650135+00:00,2026-07-20T09:39:00.509799+00:00,8.2194,era_death,2,1,0,16.439,0.008,0.053,0,crates/reify-eval/src/engine_build.rs;crates/reify-eval/src/lib.rs
reify,5069,high,2026-07-20T09:42:35.491666+00:00,2026-07-20T09:42:40.665121+00:00,0.0014,era_death,2,1,0,0.003,0.000,0.015,0,crates/reify-eval/src/engine_build.rs;crates/reify-eval/src/lib.rs
reify,5069,high,2026-07-20T09:43:54.239071+00:00,2026-07-20T17:43:30.718384+00:00,7.9935,era_death,2,1,0,15.987,0.003,0.046,0,crates/reify-eval/src/engine_build.rs;crates/reify-eval/src/lib.rs
reify,5069,high,2026-07-20T17:46:43.256113+00:00,2026-07-21T01:44:57.063242+00:00,7.9705,era_death,2,1,0,15.941,5.495,0.012,0,crates/reify-eval/src/engine_build.rs;crates/reify-eval/src/lib.rs
reify,5069,high,2026-07-21T01:45:54.905104+00:00,2026-07-21T09:46:12.892516+00:00,8.0050,era_death,2,1,0,16.010,2.960,8.251,0,crates/reify-eval/src/engine_build.rs;crates/reify-eval/src/lib.rs
reify,5060,high,2026-07-21T08:41:21.016704+00:00,2026-07-21T09:46:12.892516+00:00,1.0811,era_death,2,1,0,2.162,1.082,8.513,0,crates/reify-eval/src/cache.rs;crates/reify-eval/src/engine_eval.rs
reify,5069,high,2026-07-21T18:01:39.011015+00:00,2026-07-22T01:51:24.544565+00:00,7.8293,era_death,2,1,0,15.659,7.470,0.022,0,crates/reify-eval/src/engine_build.rs;crates/reify-eval/src/lib.rs
reify,5069,high,2026-07-22T01:52:52.024998+00:00,2026-07-22T01:54:04.323794+00:00,0.0201,era_death,2,1,0,0.040,0.020,0.010,0,crates/reify-eval/src/engine_build.rs;crates/reify-eval/src/lib.rs
reify,5069,high,2026-07-22T01:54:48.782012+00:00,2026-07-22T09:55:35.581255+00:00,8.0130,era_death,2,1,0,16.026,8.026,0.027,0,crates/reify-eval/src/engine_build.rs;crates/reify-eval/src/lib.rs
reify,5069,high,2026-07-22T09:57:25.731822+00:00,2026-07-22T11:10:07.206307+00:00,1.2115,era_death,2,1,0,2.423,1.213,0.019,0,crates/reify-eval/src/engine_build.rs;crates/reify-eval/src/lib.rs
reify,5069,high,2026-07-22T11:11:32.677281+00:00,2026-07-22T19:24:47.965931+00:00,8.2209,era_death,2,1,0,16.442,0.000,0.054,0,crates/reify-eval/src/engine_build.rs;crates/reify-eval/src/lib.rs
reify,5062,high,2026-07-22T14:48:02.341066+00:00,2026-07-22T19:24:47.965931+00:00,4.6127,era_death,3,1,0,13.838,9.225,0.058,0,crates/reify-eval/src/cache.rs;crates/reify-eval/src/engine_edit.rs;crates/reify-eval/src/engine_eval.rs
reify,5069,high,2026-07-22T19:28:17.618695+00:00,2026-07-22T23:07:12.728503+00:00,3.6486,used,2,1,0,7.297,3.655,0.095,0,crates/reify-eval/src/engine_build.rs;crates/reify-eval/src/lib.rs
reify,5072,high,2026-07-22T23:07:36.986164+00:00,2026-07-23T03:29:02.058402+00:00,4.3570,era_death,3,1,0,13.071,4.357,0.021,0,crates/reify-eval/src/compute_targets/mod.rs;crates/reify-eval/src/engine_admin.rs;crates/reify-eval/src/lib.rs
reify,5072,high,2026-07-23T03:30:30.019089+00:00,2026-07-23T12:45:54.906509+00:00,9.2569,era_death,3,1,0,27.771,9.261,0.083,0,crates/reify-eval/src/compute_targets/mod.rs;crates/reify-eval/src/engine_admin.rs;crates/reify-eval/src/lib.rs
reify,5362,critical,2026-07-23T10:36:09.889445+00:00,2026-07-23T12:45:54.906509+00:00,2.1625,era_death,1,1,0,2.163,0.002,0.077,0,crates/reify-eval/src/engine_eval.rs
reify,5072,high,2026-07-23T12:51:12.611171+00:00,2026-07-23T15:13:30.864953+00:00,2.3717,era_death,3,1,0,7.115,2.379,6.863,0,crates/reify-eval/src/compute_targets/mod.rs;crates/reify-eval/src/engine_admin.rs;crates/reify-eval/src/lib.rs
reify,5369,critical,2026-07-23T16:22:57.756085+00:00,2026-07-23T16:24:26.510756+00:00,0.0247,used,1,1,0,0.025,0.025,,0,task-5369
reify,5105,high,2026-07-23T15:15:44.122710+00:00,2026-07-23T22:03:19.823532+00:00,6.7933,era_death,9,1,0,61.139,40.769,0.033,0,crates/reify-eval/src/engine_admin.rs;crates/reify-eval/src/engine_build.rs;crates/reify-eval/src/lib.rs;crates/reify-eval/tests/cross_kernel_handoff.rs;crates/reify-eval/tests/mesh_contract_handoff_diagnostic.rs;crates/reify-ir/src/geometry.rs;crates/reify-kernel-manifold/src/kernel.rs;crates/reify-test-support/src/mocks.rs;docs/invariants.md
reify,5072,high,2026-07-23T22:05:35.887249+00:00,2026-07-23T22:06:43.270026+00:00,0.0187,era_death,3,1,0,0.056,0.038,0.039,0,crates/reify-eval/src/compute_targets/mod.rs;crates/reify-eval/src/engine_admin.rs;crates/reify-eval/src/lib.rs
reify,5065,high,2026-07-23T22:08:34.726837+00:00,2026-07-23T22:09:03.659287+00:00,0.0080,used,15,1,0,0.121,0.121,9.273,0,crates/reify-eval/src/concurrent.rs;crates/reify-eval/src/engine_constraints.rs;crates/reify-eval/src/lib.rs;crates/reify-eval/tests/auto_binding_sites_remaining_resolution.rs;crates/reify-eval/tests/concurrent.rs;crates/reify-eval/tests/node_traits_boundary.rs;crates/reify-eval/tests/resolution.rs;crates/reify-eval/tests/warm_determinacy_predicate.rs;crates/reify-runtime/src/concurrent.rs;crates/reify-runtime/src/concurrent_eval.rs;crates/reify-runtime/src/lib.rs;crates/reify-runtime/src/priority_promotion.rs;crates/reify-runtime/src/warm_startable_assert.rs;crates/reify-runtime/tests/concurrent_eval.rs;crates/reify-runtime/tests/node_overrides_config.rs
reify,5072,high,2026-07-23T22:09:31.597756+00:00,2026-07-24T07:23:36.112970+00:00,9.2346,era_death,3,1,0,27.704,18.469,1.424,0,crates/reify-eval/src/compute_targets/mod.rs;crates/reify-eval/src/engine_admin.rs;crates/reify-eval/src/lib.rs
reify,5105,high,2026-07-24T07:25:51.142764+00:00,2026-07-24T08:48:13.495730+00:00,1.3729,era_death,9,1,0,12.356,8.240,0.013,0,crates/reify-eval/src/engine_admin.rs;crates/reify-eval/src/engine_build.rs;crates/reify-eval/src/lib.rs;crates/reify-eval/tests/cross_kernel_handoff.rs;crates/reify-eval/tests/mesh_contract_handoff_diagnostic.rs;crates/reify-ir/src/geometry.rs;crates/reify-kernel-manifold/src/kernel.rs;crates/reify-test-support/src/mocks.rs;docs/invariants.md
reify,5045,high,2026-07-24T17:12:48.834579+00:00,2026-07-24T17:16:29.335396+00:00,0.0613,used,1,1,0,0.061,0.061,182.715,0,crates/reify-eval/src/dirty.rs
reify,5072,high,2026-07-24T08:49:24.428218+00:00,2026-07-24T17:16:52.541707+00:00,8.4578,used,3,1,0,25.373,16.992,10.309,0,crates/reify-eval/src/compute_targets/mod.rs;crates/reify-eval/src/engine_admin.rs;crates/reify-eval/src/lib.rs
reify,5105,high,2026-07-24T17:17:21.000601+00:00,2026-07-24T19:20:07.540783+00:00,2.0463,era_death,9,1,0,18.416,12.287,0.073,0,crates/reify-eval/src/engine_admin.rs;crates/reify-eval/src/engine_build.rs;crates/reify-eval/src/lib.rs;crates/reify-eval/tests/cross_kernel_handoff.rs;crates/reify-eval/tests/mesh_contract_handoff_diagnostic.rs;crates/reify-ir/src/geometry.rs;crates/reify-kernel-manifold/src/kernel.rs;crates/reify-test-support/src/mocks.rs;docs/invariants.md
reify,5105,high,2026-07-24T19:25:04.695533+00:00,2026-07-25T03:35:25.183511+00:00,8.1724,used,9,1,0,73.551,57.213,24.550,0,crates/reify-eval/src/engine_admin.rs;crates/reify-eval/src/engine_build.rs;crates/reify-eval/src/lib.rs;crates/reify-eval/tests/cross_kernel_handoff.rs;crates/reify-eval/tests/mesh_contract_handoff_diagnostic.rs;crates/reify-ir/src/geometry.rs;crates/reify-kernel-manifold/src/kernel.rs;crates/reify-test-support/src/mocks.rs;docs/invariants.md
reify,5195,high,2026-07-25T03:37:50.734088+00:00,2026-07-25T04:45:02.663042+00:00,1.1200,era_death,8,1,0,8.960,5.608,0.039,0,crates/reify-eval/src/engine_build.rs;crates/reify-eval/src/geometry_ops.rs;crates/reify-eval/src/lib.rs;gui/src-tauri/src/engine.rs;gui/src-tauri/src/types.rs;gui/src/stores/autoViewGenerator.ts;gui/src/types.ts;gui/src/viewport/meshManager.ts
reify,5195,high,2026-07-25T04:49:52.117537+00:00,2026-07-25T08:17:39.169881+00:00,3.4631,era_death,8,1,0,27.705,20.778,0.067,0,crates/reify-eval/src/engine_build.rs;crates/reify-eval/src/geometry_ops.rs;crates/reify-eval/src/lib.rs;gui/src-tauri/src/engine.rs;gui/src-tauri/src/types.rs;gui/src/stores/autoViewGenerator.ts;gui/src/types.ts;gui/src/viewport/meshManager.ts
reify,5195,high,2026-07-25T08:25:04.425735+00:00,2026-07-25T16:23:12.786465+00:00,7.9690,era_death,8,1,0,63.752,47.814,4.119,0,crates/reify-eval/src/engine_build.rs;crates/reify-eval/src/geometry_ops.rs;crates/reify-eval/src/lib.rs;gui/src-tauri/src/engine.rs;gui/src-tauri/src/types.rs;gui/src/stores/autoViewGenerator.ts;gui/src/types.ts;gui/src/viewport/meshManager.ts
reify,5195,high,2026-07-25T20:34:45.070456+00:00,2026-07-26T04:08:25.094169+00:00,7.5611,used,8,1,0,60.489,45.390,0.067,0,crates/reify-eval/src/engine_build.rs;crates/reify-eval/src/geometry_ops.rs;crates/reify-eval/src/lib.rs;gui/src-tauri/src/engine.rs;gui/src-tauri/src/types.rs;gui/src/stores/autoViewGenerator.ts;gui/src/types.ts;gui/src/viewport/meshManager.ts
reify,5196,high,2026-07-26T04:09:53.424892+00:00,2026-07-26T04:12:26.637792+00:00,0.0426,used,8,1,0,0.340,0.303,5.011,0,crates/reify-core/src/diagnostics.rs;crates/reify-eval/src/engine_build.rs;crates/reify-eval/src/engine_build/diagnose_topology_correspondence_drops_tests.rs;crates/reify-eval/src/engine_build/tests.rs;crates/reify-eval/src/topology_attribute_propagation.rs;crates/reify-eval/tests/topology_attribute_e2e.rs;crates/reify-eval/tests/topology_correspondence_drop_diagnostic_e2e.rs;crates/reify-eval/tests/topology_diagnostic_denoise_e2e.rs
reify,5208,high,2026-07-26T04:13:32.809622+00:00,2026-07-26T09:13:05.399155+00:00,4.9924,used,14,1,0,69.893,59.930,2.813,0,crates/reify-cli/tests/harness_cli/cli_eval_geometry.rs;crates/reify-compiler/src/geometry.rs;crates/reify-compiler/src/geometry_modify.rs;crates/reify-compiler/tests/examples_smoke.rs;crates/reify-eval/src/engine_build.rs;crates/reify-eval/src/geometry_ops.rs;crates/reify-eval/src/geometry_ops/tests.rs;crates/reify-eval/tests/fillet_curated_edges_e2e.rs;crates/reify-eval/tests/topology_selector_smoke_tests.rs;crates/reify-eval/tests/unified_dag_geometry_executors.rs;examples/topology_selectors/bottom_deck_selectors.ri;examples/topology_selectors/fillet_top_edges.ri;gui/src-tauri/src/commands.rs;gui/src-tauri/src/engine.rs
reify,5218,high,2026-07-26T09:14:12.220571+00:00,2026-07-26T11:57:54.309937+00:00,2.7284,era_death,6,1,0,16.370,13.642,0.066,0,crates/reify-eval/src/engine_build.rs;crates/reify-eval/src/engine_build/dispatch_volume_mesh_tests.rs;crates/reify-eval/src/engine_build/p2_substitution_diagnostic_tests.rs;crates/reify-eval/src/sweep_classifier.rs;crates/reify-eval/tests/feature_datum_tests.rs;crates/reify-eval/tests/swept_kind_classifier_e2e.rs
reify,5073,high,2026-07-26T12:03:31.508312+00:00,2026-07-26T12:05:10.275520+00:00,0.0274,used,1,1,0,0.027,0.027,7.393,0,crates/reify-cli/src/main.rs
reify,5208,high,2026-07-26T12:11:26.437100+00:00,2026-07-26T14:57:48.692742+00:00,2.7728,era_death,14,1,0,38.820,33.275,0.075,0,crates/reify-cli/tests/harness_cli/cli_eval_geometry.rs;crates/reify-compiler/src/geometry.rs;crates/reify-compiler/src/geometry_modify.rs;crates/reify-compiler/tests/examples_smoke.rs;crates/reify-eval/src/engine_build.rs;crates/reify-eval/src/geometry_ops.rs;crates/reify-eval/src/geometry_ops/tests.rs;crates/reify-eval/tests/fillet_curated_edges_e2e.rs;crates/reify-eval/tests/topology_selector_smoke_tests.rs;crates/reify-eval/tests/unified_dag_geometry_executors.rs;examples/topology_selectors/bottom_deck_selectors.ri;examples/topology_selectors/fillet_top_edges.ri;gui/src-tauri/src/commands.rs;gui/src-tauri/src/engine.rs
reify,5189,high,2026-07-26T15:06:24.204115+00:00,2026-07-26T15:09:35.869321+00:00,0.0532,used,7,1,0,0.373,0.373,42.851,0,crates/reify-constraints/src/solver.rs;crates/reify-constraints/tests/joint_drive_per_trial_recompute.rs;crates/reify-core/src/diagnostics.rs;crates/reify-eval/src/engine_eval.rs;crates/reify-eval/tests/joint_drive_expansion_boundary.rs;docs/prds/v0_6/whole-model-joint-drive-seam.md;examples/whole_model_joint_drive.ri
reify,5208,high,2026-07-26T15:10:35.864943+00:00,2026-07-26T19:21:48.856028+00:00,4.1869,era_death,14,1,0,58.617,50.243,0.326,0,crates/reify-cli/tests/harness_cli/cli_eval_geometry.rs;crates/reify-compiler/src/geometry.rs;crates/reify-compiler/src/geometry_modify.rs;crates/reify-compiler/tests/examples_smoke.rs;crates/reify-eval/src/engine_build.rs;crates/reify-eval/src/geometry_ops.rs;crates/reify-eval/src/geometry_ops/tests.rs;crates/reify-eval/tests/fillet_curated_edges_e2e.rs;crates/reify-eval/tests/topology_selector_smoke_tests.rs;crates/reify-eval/tests/unified_dag_geometry_executors.rs;examples/topology_selectors/bottom_deck_selectors.ri;examples/topology_selectors/fillet_top_edges.ri;gui/src-tauri/src/commands.rs;gui/src-tauri/src/engine.rs
reify,5218,high,2026-07-26T19:27:23.381616+00:00,2026-07-26T19:41:22.253257+00:00,0.2330,used,6,1,0,1.398,1.165,38.298,0,crates/reify-eval/src/engine_build.rs;crates/reify-eval/src/engine_build/dispatch_volume_mesh_tests.rs;crates/reify-eval/src/engine_build/p2_substitution_diagnostic_tests.rs;crates/reify-eval/src/sweep_classifier.rs;crates/reify-eval/tests/feature_datum_tests.rs;crates/reify-eval/tests/harness_sweep/swept_kind_classifier_e2e.rs
reify,5303,high,2026-07-26T19:42:21.822415+00:00,2026-07-28T09:56:50.925245+00:00,38.2414,era_death,2,1,0,76.483,38.196,0.348,0,crates/reify-compiler/src/expr.rs;crates/reify-core/src/diagnostics.rs
reify,5208,high,2026-07-28T10:00:39.663930+00:00,2026-07-28T19:42:12.752274+00:00,9.6925,era_death,14,1,0,135.695,116.314,1.865,0,crates/reify-cli/src/main.rs;crates/reify-cli/tests/harness_cli/cli_eval_geometry.rs;crates/reify-compiler/tests/examples_smoke.rs;crates/reify-eval/src/engine_build.rs;crates/reify-eval/src/engine_build/tests.rs;crates/reify-eval/src/geometry_ops.rs;crates/reify-eval/src/geometry_ops/tests.rs;crates/reify-eval/tests/fillet_curated_edges_e2e.rs;crates/reify-eval/tests/harness_topology_selector/topology_selector_smoke_tests.rs;crates/reify-eval/tests/unified_dag_geometry_executors.rs;examples/topology_selectors/bottom_deck_selectors.ri;examples/topology_selectors/fillet_top_edges.ri;gui/src-tauri/src/engine.rs;gui/src-tauri/src/tests/engine_tests.rs
reify,5208,high,2026-07-28T21:36:21.143755+00:00,2026-07-29T06:16:47.308693+00:00,8.6739,era_death,14,1,0,121.435,112.761,3.761,0,crates/reify-cli/src/main.rs;crates/reify-cli/tests/harness_cli/cli_eval_geometry.rs;crates/reify-compiler/tests/examples_smoke.rs;crates/reify-eval/src/engine_build.rs;crates/reify-eval/src/engine_build/tests.rs;crates/reify-eval/src/geometry_ops.rs;crates/reify-eval/src/geometry_ops/tests.rs;crates/reify-eval/tests/fillet_curated_edges_e2e.rs;crates/reify-eval/tests/harness_topology_selector/topology_selector_smoke_tests.rs;crates/reify-eval/tests/unified_dag_geometry_executors.rs;examples/topology_selectors/bottom_deck_selectors.ri;examples/topology_selectors/fillet_top_edges.ri;gui/src-tauri/src/engine.rs;gui/src-tauri/src/tests/engine_tests.rs
reify,5742,critical,2026-07-28T22:41:23.038887+00:00,2026-07-29T06:16:47.308693+00:00,7.5901,era_death,1,1,0,7.590,0.000,65.637,0,crates/reify-compiler/src/geometry.rs
reify,5754,critical,2026-07-29T11:25:25.725863+00:00,2026-07-29T11:26:29.443573+00:00,0.0177,used,4,1,0,0.071,0.071,57.946,0,crates/reify-compiler/src/types.rs;crates/reify-compiler/tests/geometry_kind_variant_count.rs;crates/reify-eval/src/geometry_ops/tests.rs;crates/reify-eval/tests/compile_geometry_op_characterization.rs
reify,5208,high,2026-07-29T10:06:01.078982+00:00,2026-07-29T16:50:36.522560+00:00,6.7432,era_death,14,1,0,94.405,74.881,1.273,1,crates/reify-cli/src/main.rs;crates/reify-cli/tests/harness_cli/cli_eval_geometry.rs;crates/reify-compiler/tests/examples_smoke.rs;crates/reify-eval/src/engine_build.rs;crates/reify-eval/src/engine_build/tests.rs;crates/reify-eval/src/geometry_ops.rs;crates/reify-eval/src/geometry_ops/tests.rs;crates/reify-eval/tests/fillet_curated_edges_e2e.rs;crates/reify-eval/tests/harness_topology_selector/topology_selector_smoke_tests.rs;crates/reify-eval/tests/unified_dag_geometry_executors.rs;examples/topology_selectors/bottom_deck_selectors.ri;examples/topology_selectors/fillet_top_edges.ri;gui/src-tauri/src/engine.rs;gui/src-tauri/src/tests/engine_tests.rs
reify,5208,high,2026-07-29T18:13:14.028971+00:00,2026-07-30T07:16:09.740977+00:00,13.0488,era_death,14,1,0,182.683,143.574,2.963,0,crates/reify-cli/src/main.rs;crates/reify-cli/tests/harness_cli/cli_eval_geometry.rs;crates/reify-compiler/tests/examples_smoke.rs;crates/reify-eval/src/engine_build.rs;crates/reify-eval/src/engine_build/tests.rs;crates/reify-eval/src/geometry_ops.rs;crates/reify-eval/src/geometry_ops/tests.rs;crates/reify-eval/tests/fillet_curated_edges_e2e.rs;crates/reify-eval/tests/harness_topology_selector/topology_selector_smoke_tests.rs;crates/reify-eval/tests/unified_dag_geometry_executors.rs;examples/topology_selectors/bottom_deck_selectors.ri;examples/topology_selectors/fillet_top_edges.ri;gui/src-tauri/src/engine.rs;gui/src-tauri/src/tests/engine_tests.rs
reify,5073,high,2026-07-30T10:16:55.940780+00:00,2026-07-30T10:20:06.130457+00:00,0.0528,used,1,1,0,0.053,0.053,87.781,0,crates/reify-cli/src/main.rs
reify,5208,high,2026-07-30T10:21:48.644857+00:00,2026-07-30T17:19:06.440154+00:00,6.9549,era_death,14,1,0,97.369,76.505,0.110,0,crates/reify-cli/src/main.rs;crates/reify-cli/tests/harness_cli/cli_eval_geometry.rs;crates/reify-compiler/tests/examples_smoke.rs;crates/reify-eval/src/engine_build.rs;crates/reify-eval/src/engine_build/tests.rs;crates/reify-eval/src/geometry_ops.rs;crates/reify-eval/src/geometry_ops/tests.rs;crates/reify-eval/tests/fillet_curated_edges_e2e.rs;crates/reify-eval/tests/harness_topology_selector/topology_selector_smoke_tests.rs;crates/reify-eval/tests/unified_dag_geometry_executors.rs;examples/topology_selectors/bottom_deck_selectors.ri;examples/topology_selectors/fillet_top_edges.ri;gui/src-tauri/src/engine.rs;gui/src-tauri/src/tests/engine_tests.rs
reify,5073,high,2026-07-30T17:30:31.728875+00:00,2026-07-30T17:32:39.843203+00:00,0.0356,used,1,1,0,0.036,0.036,80.572,0,crates/reify-cli/src/main.rs
reify,5208,high,2026-07-30T17:34:40.803706+00:00,2026-07-31T03:03:15.849066+00:00,9.4764,era_death,14,1,0,132.670,104.243,0.106,0,crates/reify-cli/src/main.rs;crates/reify-cli/tests/harness_cli/cli_eval_geometry.rs;crates/reify-compiler/tests/examples_smoke.rs;crates/reify-eval/src/engine_build.rs;crates/reify-eval/src/engine_build/tests.rs;crates/reify-eval/src/geometry_ops.rs;crates/reify-eval/src/geometry_ops/tests.rs;crates/reify-eval/tests/fillet_curated_edges_e2e.rs;crates/reify-eval/tests/harness_topology_selector/topology_selector_smoke_tests.rs;crates/reify-eval/tests/unified_dag_geometry_executors.rs;examples/topology_selectors/bottom_deck_selectors.ri;examples/topology_selectors/fillet_top_edges.ri;gui/src-tauri/src/engine.rs;gui/src-tauri/src/tests/engine_tests.rs
reify,5208,high,2026-07-31T03:14:43.770856+00:00,2026-07-31T12:26:15.726144+00:00,9.1922,era_death,14,1,0,128.691,101.115,0.108,0,crates/reify-cli/src/main.rs;crates/reify-cli/tests/harness_cli/cli_eval_geometry.rs;crates/reify-compiler/tests/examples_smoke.rs;crates/reify-eval/src/engine_build.rs;crates/reify-eval/src/engine_build/tests.rs;crates/reify-eval/src/geometry_ops.rs;crates/reify-eval/src/geometry_ops/tests.rs;crates/reify-eval/tests/fillet_curated_edges_e2e.rs;crates/reify-eval/tests/harness_topology_selector/topology_selector_smoke_tests.rs;crates/reify-eval/tests/unified_dag_geometry_executors.rs;examples/topology_selectors/bottom_deck_selectors.ri;examples/topology_selectors/fillet_top_edges.ri;gui/src-tauri/src/engine.rs;gui/src-tauri/src/tests/engine_tests.rs
reify,5208,high,2026-07-31T12:39:00.443584+00:00,2026-07-31T20:42:13.548824+00:00,8.0536,era_death,14,1,0,112.751,96.882,0.102,0,crates/reify-cli/src/main.rs;crates/reify-cli/tests/harness_cli/cli_eval_geometry.rs;crates/reify-compiler/tests/examples_smoke.rs;crates/reify-eval/src/engine_build.rs;crates/reify-eval/src/engine_build/tests.rs;crates/reify-eval/src/geometry_ops.rs;crates/reify-eval/src/geometry_ops/tests.rs;crates/reify-eval/tests/fillet_curated_edges_e2e.rs;crates/reify-eval/tests/harness_topology_selector/topology_selector_smoke_tests.rs;crates/reify-eval/tests/unified_dag_geometry_executors.rs;examples/topology_selectors/bottom_deck_selectors.ri;examples/topology_selectors/fillet_top_edges.ri;gui/src-tauri/src/engine.rs;gui/src-tauri/src/tests/engine_tests.rs
reify,5208,high,2026-07-31T20:49:52.699684+00:00,2026-07-31T21:44:49.471391+00:00,0.9158,era_death,14,1,0,12.821,10.990,0.125,0,crates/reify-cli/src/main.rs;crates/reify-cli/tests/harness_cli/cli_eval_geometry.rs;crates/reify-compiler/tests/examples_smoke.rs;crates/reify-eval/src/engine_build.rs;crates/reify-eval/src/engine_build/tests.rs;crates/reify-eval/src/geometry_ops.rs;crates/reify-eval/src/geometry_ops/tests.rs;crates/reify-eval/tests/fillet_curated_edges_e2e.rs;crates/reify-eval/tests/harness_topology_selector/topology_selector_smoke_tests.rs;crates/reify-eval/tests/unified_dag_geometry_executors.rs;examples/topology_selectors/bottom_deck_selectors.ri;examples/topology_selectors/fillet_top_edges.ri;gui/src-tauri/src/engine.rs;gui/src-tauri/src/tests/engine_tests.rs
reify,5623,critical,2026-07-31T23:53:37.245789+00:00,2026-07-31T23:55:00.348317+00:00,0.0231,used,16,1,0,0.369,0.369,7.340,0,crates/reify-compiler/src/geometry.rs;crates/reify-compiler/src/geometry_curve.rs;crates/reify-compiler/src/geometry_transform.rs;crates/reify-compiler/tests/geometry_centered_primitives_tests.rs;crates/reify-compiler/tests/harness_langcore/let_scope_tests.rs;crates/reify-compiler/tests/rounded_primitives_tests.rs;crates/reify-eval/src/arg_acceptance.rs;crates/reify-eval/src/geometry_ops.rs;crates/reify-eval/src/geometry_ops/tests.rs;crates/reify-eval/tests/compile_geometry_op_characterization.rs;crates/reify-eval/tests/curve_constructors_e2e.rs;crates/reify-eval/tests/harness_fea_solver_e2e/stress_sweep_degenerate.rs;crates/reify-eval/tests/harness_geometry/geometry_error_handling.rs;crates/reify-eval/tests/harness_sweep/swept_kind_classifier_e2e.rs;crates/reify-eval/tests/rounded_primitives_e2e.rs;crates/reify-eval/tests/unified_dag_geometry_executors.rs
reify,5208,high,2026-07-31T21:55:25.026244+00:00,2026-08-01T07:03:19.413725+00:00,9.1318,era_death,14,1,0,127.845,97.298,0.038,250,crates/reify-cli/src/main.rs;crates/reify-cli/tests/harness_cli/cli_eval_geometry.rs;crates/reify-compiler/tests/examples_smoke.rs;crates/reify-eval/src/engine_build.rs;crates/reify-eval/src/engine_build/tests.rs;crates/reify-eval/src/geometry_ops.rs;crates/reify-eval/src/geometry_ops/tests.rs;crates/reify-eval/tests/fillet_curated_edges_e2e.rs;crates/reify-eval/tests/harness_topology_selector/topology_selector_smoke_tests.rs;crates/reify-eval/tests/unified_dag_geometry_executors.rs;examples/topology_selectors/bottom_deck_selectors.ri;examples/topology_selectors/fillet_top_edges.ri;gui/src-tauri/src/engine.rs;gui/src-tauri/src/tests/engine_tests.rs
reify,5743,critical,2026-07-31T23:56:45.139132+00:00,2026-08-01T07:03:19.413725+00:00,7.1095,era_death,3,1,0,21.329,0.000,0.038,0,crates/reify-core/src/diagnostics.rs;crates/reify-eval/src/arg_acceptance.rs;crates/reify-eval/src/geometry_ops.rs
reify,5743,critical,2026-08-01T07:06:53.239168+00:00,2026-08-01T17:37:13.916390+00:00,10.5057,era_death,3,1,0,31.517,10.506,0.098,0,crates/reify-core/src/diagnostics.rs;crates/reify-eval/src/arg_acceptance.rs;crates/reify-eval/src/geometry_ops.rs
reify,5743,critical,2026-08-01T17:45:15.749358+00:00,2026-08-02T02:55:12.189542+00:00,9.1657,era_death,3,1,0,27.497,9.166,0.649,0,crates/reify-core/src/diagnostics.rs;crates/reify-eval/src/arg_acceptance.rs;crates/reify-eval/src/geometry_ops.rs
reify,5743,critical,2026-08-02T03:36:06.108832+00:00,2026-08-02T12:42:35.139864+00:00,9.1081,era_death,3,1,0,27.324,9.115,0.047,0,crates/reify-core/src/diagnostics.rs;crates/reify-eval/src/arg_acceptance.rs;crates/reify-eval/src/geometry_ops.rs
reify,5743,critical,2026-08-02T12:47:30.267470+00:00,2026-08-02T22:02:04.651650+00:00,9.2429,era_death,3,1,0,27.729,9.243,0.040,0,crates/reify-core/src/diagnostics.rs;crates/reify-eval/src/arg_acceptance.rs;crates/reify-eval/src/geometry_ops.rs
reify,5743,critical,2026-08-02T22:05:42.474622+00:00,2026-08-03T08:07:47.123968+00:00,10.0346,era_death,3,1,0,30.104,10.035,0.073,0,crates/reify-core/src/diagnostics.rs;crates/reify-eval/src/arg_acceptance.rs;crates/reify-eval/src/geometry_ops.rs
reify,5743,critical,2026-08-03T08:13:59.245365+00:00,2026-08-03T16:18:29.376067+00:00,8.0750,era_death,3,1,0,24.225,8.075,0.035,0,crates/reify-core/src/diagnostics.rs;crates/reify-eval/src/arg_acceptance.rs;crates/reify-eval/src/geometry_ops.rs
reify,5743,critical,2026-08-03T16:22:35.213243+00:00,2026-08-03T17:27:54.639291+00:00,1.0887,era_death,3,1,0,3.266,1.090,0.036,0,crates/reify-core/src/diagnostics.rs;crates/reify-eval/src/arg_acceptance.rs;crates/reify-eval/src/geometry_ops.rs
reify,5743,critical,2026-08-03T17:31:29.283220+00:00,2026-08-04T02:14:59.213012+00:00,8.7250,era_death,3,1,0,26.175,8.725,0.026,0,crates/reify-core/src/diagnostics.rs;crates/reify-eval/src/arg_acceptance.rs;crates/reify-eval/src/geometry_ops.rs
reify,5743,critical,2026-08-04T02:18:19.910527+00:00,2026-08-04T02:49:32.266180+00:00,0.5201,era_death,3,1,0,1.560,0.521,0.035,0,crates/reify-core/src/diagnostics.rs;crates/reify-eval/src/arg_acceptance.rs;crates/reify-eval/src/geometry_ops.rs
reify,5743,critical,2026-08-04T02:52:53.125648+00:00,2026-08-04T13:22:53.912374+00:00,10.5002,era_death,3,1,0,31.501,10.500,20.777,0,crates/reify-core/src/diagnostics.rs;crates/reify-eval/src/arg_acceptance.rs;crates/reify-eval/src/geometry_ops.rs
reify,5743,critical,2026-08-05T10:11:32.109462+00:00,2026-08-05T12:24:58.576369+00:00,2.2240,used,3,1,0,6.672,2.312,7.853,0,crates/reify-core/src/diagnostics.rs;crates/reify-eval/src/arg_acceptance.rs;crates/reify-eval/src/geometry_ops.rs
reify,5623,critical,2026-08-05T12:27:14.516691+00:00,2026-08-05T20:10:19.705443+00:00,7.7181,era_death,15,1,0,115.772,92.617,,190,crates/reify-cli/tests/harness_cli/mcp_integration.rs;crates/reify-compiler/src/geometry_curve.rs;crates/reify-compiler/src/geometry_transform.rs;crates/reify-compiler/tests/harness_langcore/let_scope_tests.rs;crates/reify-eval/src/arg_acceptance.rs;crates/reify-eval/src/geometry_ops.rs;crates/reify-eval/src/geometry_ops/tests.rs;crates/reify-eval/tests/compile_geometry_op_characterization.rs;crates/reify-eval/tests/harness_fea_solver_e2e/stress_sweep_degenerate.rs;crates/reify-eval/tests/harness_geometry/geometry_error_handling.rs;crates/reify-eval/tests/harness_sweep/swept_kind_classifier_e2e.rs;crates/reify-eval/tests/harness_topology_selector/topology_attribute_extrude_revolve_e2e.rs;crates/reify-eval/tests/unified_dag_geometry_executors.rs;crates/reify-mcp/src/tools/chunks/geometry.md;docs/reify-stdlib-reference.md
reify,5743,critical,2026-08-05T13:28:59.397950+00:00,2026-08-05T20:10:19.705443+00:00,6.6890,era_death,9,1,0,60.201,40.847,,0,crates/reify-core/src/diagnostics.rs;crates/reify-eval/src/engine_build/tests.rs;crates/reify-eval/tests/half_space_e2e.rs;crates/reify-eval/tests/pattern_spacing_units_e2e.rs;crates/reify-eval/tests/primitive_length_gate_e2e.rs;crates/reify-eval/tests/profile_2d_e2e.rs;crates/reify-test-support/src/fixtures.rs;crates/reify-test-support/src/helpers.rs;examples/best_practices/symmetry_mirror.ri
reify,5743,critical,2026-08-05T20:17:42.409109+00:00,2026-08-06T15:45:27+00:00,19.4624,live,13,1,0,253.011,175.161,,0,crates/reify-core/src/diagnostics.rs;crates/reify-eval/src/arg_acceptance.rs;crates/reify-eval/src/engine_build/tests.rs;crates/reify-eval/src/geometry_ops.rs;crates/reify-eval/src/geometry_ops/tests.rs;crates/reify-eval/tests/compile_geometry_op_characterization.rs;crates/reify-eval/tests/half_space_e2e.rs;crates/reify-eval/tests/pattern_spacing_units_e2e.rs;crates/reify-eval/tests/primitive_length_gate_e2e.rs;crates/reify-eval/tests/profile_2d_e2e.rs;crates/reify-test-support/src/fixtures.rs;crates/reify-test-support/src/helpers.rs;examples/best_practices/symmetry_mirror.ri
