project,task_id,tier,install_t,end_t,duration_h,end_reason,n_modules,skip_count_at_install,owner_dispatched_during,reserved_mod_h,idle_reserved_mod_h,next_demand_gap_h,n_blocked_topskips_during,modules
dark_factory,729,,2026-04-11T11:00:51.025963+00:00,2026-04-11T11:20:56.054119+00:00,0.3347,used,5,4,0,1.674,1.005,4.772,0,orchestrator/src/orchestrator/agents;orchestrator/src/orchestrator/steward.py;orchestrator/tests/test_steward.py;shared/src/shared/usage_gate.py;shared/tests/test_cap_retry.py
dark_factory,539,,2026-04-11T11:21:55.117874+00:00,2026-04-11T16:00:40.834247+00:00,4.6460,lease_expired,2,4,0,9.292,0.000,27.310,0,dashboard/src/dashboard/data;dashboard/tests/test_burndown_data.py
dark_factory,539,,2026-04-11T16:00:47.545252+00:00,2026-04-11T16:06:28.387545+00:00,0.0947,used,2,4,0,0.189,0.032,27.214,0,dashboard/src/dashboard/data;dashboard/tests/test_burndown_data.py
dark_factory,549,,2026-04-11T16:06:30.426208+00:00,2026-04-11T21:01:01.607631+00:00,4.9087,lease_expired,1,4,0,4.909,0.000,0.107,0,fused-memory/src/fused_memory/backends
dark_factory,729,,2026-04-11T16:10:20.657678+00:00,2026-04-11T21:01:01.608371+00:00,4.8447,lease_expired,8,4,0,38.758,0.000,1.371,0,orchestrator/src/orchestrator/agents;orchestrator/src/orchestrator/steward.py;orchestrator/tests/test_invoke.py;orchestrator/tests/test_steward.py;shared/src/shared/cli_invoke.py;shared/src/shared/usage_gate.py;shared/tests/test_cap_retry.py;shared/tests/test_usage_gate_exhaustive.py
dark_factory,729,,2026-04-11T21:03:00.522781+00:00,2026-04-11T22:23:17.721777+00:00,1.3381,lease_expired,8,4,0,10.705,2.098,0.000,0,orchestrator/src/orchestrator/agents;orchestrator/src/orchestrator/steward.py;orchestrator/tests/test_invoke.py;orchestrator/tests/test_steward.py;shared/src/shared/cli_invoke.py;shared/src/shared/usage_gate.py;shared/tests/test_cap_retry.py;shared/tests/test_usage_gate_exhaustive.py
dark_factory,729,,2026-04-11T22:23:18.424377+00:00,2026-04-12T06:33:24.796816+00:00,8.1684,era_death,8,4,0,65.347,16.337,12.458,0,orchestrator/src/orchestrator/agents;orchestrator/src/orchestrator/steward.py;orchestrator/tests/test_invoke.py;orchestrator/tests/test_steward.py;shared/src/shared/cli_invoke.py;shared/src/shared/usage_gate.py;shared/tests/test_cap_retry.py;shared/tests/test_usage_gate_exhaustive.py
dark_factory,561,,2026-04-12T19:04:19.247186+00:00,2026-04-12T19:17:59.898047+00:00,0.2280,lease_expired,3,4,0,0.684,0.228,0.000,0,fused-memory/src/fused_memory/reconciliation;fused-memory/tests/test_stages.py;fused-memory/tests/test_task_filter.py
dark_factory,729,,2026-04-12T19:05:45.269453+00:00,2026-04-12T19:21:27.055656+00:00,0.2616,lease_expired,8,4,0,2.093,0.823,0.000,0,orchestrator/src/orchestrator/agents;orchestrator/src/orchestrator/steward.py;orchestrator/tests/test_invoke.py;orchestrator/tests/test_steward.py;shared/src/shared/cli_invoke.py;shared/src/shared/usage_gate.py;shared/tests/test_cap_retry.py;shared/tests/test_usage_gate_exhaustive.py
dark_factory,729,,2026-04-12T19:21:36.632058+00:00,2026-04-12T20:15:25.142473+00:00,0.8968,lease_expired,8,4,0,7.174,4.297,0.000,0,orchestrator/src/orchestrator/agents;orchestrator/src/orchestrator/steward.py;orchestrator/tests/test_invoke.py;orchestrator/tests/test_steward.py;shared/src/shared/cli_invoke.py;shared/src/shared/usage_gate.py;shared/tests/test_cap_retry.py;shared/tests/test_usage_gate_exhaustive.py
dark_factory,729,,2026-04-12T20:15:48.133131+00:00,2026-04-13T00:03:29.990294+00:00,3.7950,lease_expired,8,4,0,30.360,14.891,0.000,0,orchestrator/src/orchestrator/agents;orchestrator/src/orchestrator/steward.py;orchestrator/tests/test_invoke.py;orchestrator/tests/test_steward.py;shared/src/shared/cli_invoke.py;shared/src/shared/usage_gate.py;shared/tests/test_cap_retry.py;shared/tests/test_usage_gate_exhaustive.py
dark_factory,729,,2026-04-13T00:03:33.037389+00:00,2026-04-13T00:28:04.427894+00:00,0.4087,used,8,4,0,3.270,1.536,4.622,0,orchestrator/src/orchestrator/agents;orchestrator/src/orchestrator/steward.py;orchestrator/tests/test_invoke.py;orchestrator/tests/test_steward.py;shared/src/shared/cli_invoke.py;shared/src/shared/usage_gate.py;shared/tests/test_cap_retry.py;shared/tests/test_usage_gate_exhaustive.py
dark_factory,769,,2026-04-13T00:29:40.645645+00:00,2026-04-13T05:03:21.063803+00:00,4.5612,lease_expired,7,4,0,31.929,18.245,0.116,0,orchestrator/src/orchestrator/agents;orchestrator/src/orchestrator/config.py;orchestrator/src/orchestrator/defaults.yaml;orchestrator/src/orchestrator/steward.py;orchestrator/tests/test_config.py;orchestrator/tests/test_steward.py;orchestrator/tests/test_suggestion_triage.py
dark_factory,769,,2026-04-13T05:03:45.264214+00:00,2026-04-13T05:05:24.605450+00:00,0.0276,used,7,4,0,0.193,0.111,0.082,0,orchestrator/src/orchestrator/agents;orchestrator/src/orchestrator/config.py;orchestrator/src/orchestrator/defaults.yaml;orchestrator/src/orchestrator/steward.py;orchestrator/tests/test_config.py;orchestrator/tests/test_steward.py;orchestrator/tests/test_suggestion_triage.py
dark_factory,553,,2026-04-12T19:00:53.102172+00:00,2026-04-13T05:05:24.965206+00:00,10.0755,reinstall_anomaly,1,4,1,10.076,0.000,0.589,0,dashboard/src/dashboard/data
dark_factory,791,,2026-04-13T05:17:27.087035+00:00,2026-04-13T05:37:33.528144+00:00,0.3351,used,3,4,0,1.005,0.335,4.825,0,fused-memory/src/fused_memory/reconciliation;fused-memory/tests/test_targeted.py;fused-memory/tests/test_task_filter.py
dark_factory,553,,2026-04-13T05:05:24.965206+00:00,2026-04-13T05:40:45.864389+00:00,0.5891,silent_owner_dispatch_then_release,2,16,1,1.178,0.210,0.000,0,dashboard/src/dashboard/data;dashboard/tests/test_burndown_data.py
dark_factory,563,,2026-04-13T05:38:54.872665+00:00,2026-04-13T10:04:10.106581+00:00,4.4209,lease_expired,2,4,0,8.842,0.000,0.608,0,fused-memory/src/fused_memory/reconciliation;fused-memory/tests/test_task_filter.py
dark_factory,563,,2026-04-13T10:05:39.479384+00:00,2026-04-13T10:27:01.901593+00:00,0.3562,used,2,4,0,0.712,0.421,0.227,0,fused-memory/src/fused_memory/reconciliation;fused-memory/tests/test_task_filter.py
dark_factory,786,,2026-04-13T10:29:23.138505+00:00,2026-04-13T11:08:06.802355+00:00,0.6455,silent_owner_dispatch_then_release,1,4,1,0.645,0.000,0.000,9,fused-memory/src/fused_memory/reconciliation
dark_factory,791,,2026-04-13T10:54:45.001633+00:00,2026-04-13T11:08:06.972847+00:00,0.2228,used,3,4,0,0.668,0.446,4.066,0,fused-memory/src/fused_memory/reconciliation;fused-memory/tests/test_targeted.py;fused-memory/tests/test_task_filter.py
dark_factory,803,,2026-04-13T10:44:54.522824+00:00,2026-04-13T11:08:15.639252+00:00,0.3892,used,6,4,0,2.335,1.946,3.917,0,fused-memory/src/fused_memory/backends;fused-memory/src/fused_memory/server;fused-memory/src/fused_memory/utils;fused-memory/tests/test_taskmaster_client.py;fused-memory/tests/test_tools_validation.py;fused-memory/tests/test_validation.py
dark_factory,441,,2026-04-13T11:08:16.643058+00:00,2026-04-13T15:02:52.305942+00:00,3.9099,lease_expired,5,4,0,19.550,0.000,0.007,0,fused-memory/src/fused_memory/backends;fused-memory/tests/test_graphiti_rebuild_pipeline.py;fused-memory/tests/test_rebuild_entity_summaries.py;fused-memory/tests/test_refresh_entity_summary.py;fused-memory/tests/test_stale_summary_named_access_438.py
dark_factory,809,,2026-04-13T15:03:17.415920+00:00,2026-04-13T15:12:05.511377+00:00,0.1467,used,3,4,0,0.440,0.293,0.347,0,fused-memory/src/fused_memory/reconciliation;fused-memory/tests/test_agent_loop.py;fused-memory/tests/test_judge.py
dark_factory,441,,2026-04-13T15:13:14.936387+00:00,2026-04-13T15:26:32.939775+00:00,0.2217,used,5,4,0,1.108,0.191,0.105,0,fused-memory/src/fused_memory/backends;fused-memory/tests/test_graphiti_rebuild_pipeline.py;fused-memory/tests/test_rebuild_entity_summaries.py;fused-memory/tests/test_refresh_entity_summary.py;fused-memory/tests/test_stale_summary_named_access_438.py
dark_factory,809,,2026-04-13T15:35:00.944189+00:00,2026-04-13T15:35:02.690643+00:00,0.0005,used,3,4,0,0.001,0.001,0.005,0,fused-memory/src/fused_memory/reconciliation;fused-memory/tests/test_agent_loop.py;fused-memory/tests/test_judge.py
dark_factory,479,,2026-04-13T15:33:22.957041+00:00,2026-04-13T15:35:22.486962+00:00,0.0332,used,4,4,0,0.133,0.071,0.028,4,fused-memory/src/fused_memory/reconciliation;fused-memory/tests/conftest.py;fused-memory/tests/test_stages.py;fused-memory/tests/test_task_filter.py
dark_factory,657,,2026-04-13T15:42:23.084230+00:00,2026-04-13T16:09:34.968567+00:00,0.4533,used,2,4,0,0.907,0.453,0.318,0,fused-memory/src/fused_memory/backends;fused-memory/tests/test_rebuild_entity_summaries.py
dark_factory,716,,2026-04-13T18:15:58.921339+00:00,2026-04-13T18:46:35.698222+00:00,0.5102,used,1,4,0,0.510,0.001,0.308,0,fused-memory/tests/test_rebuild_entity_summaries.py
dark_factory,754,,2026-04-13T18:46:41.789394+00:00,2026-04-13T19:05:05.329135+00:00,0.3065,used,4,4,0,1.226,0.920,0.038,0,fused-memory/src/fused_memory/backends;fused-memory/src/fused_memory/utils;fused-memory/tests/test_async_utils.py;fused-memory/tests/test_rebuild_entity_summaries.py
dark_factory,796,,2026-04-13T19:07:22.916740+00:00,2026-04-13T19:07:36.841425+00:00,0.0039,used,1,4,0,0.004,0.000,0.530,0,fused-memory/tests/test_rebuild_entity_summaries.py
dark_factory,835,medium,2026-04-19T06:27:06.161154+00:00,2026-04-19T06:36:05.776736+00:00,0.1499,used,7,6,0,1.049,0.600,10.973,0,orchestrator/src/orchestrator/agents;orchestrator/src/orchestrator/invoke.py;orchestrator/src/orchestrator/steward.py;orchestrator/src/orchestrator/workflow.py;orchestrator/tests/test_invoke.py;orchestrator/tests/test_steward.py;orchestrator/tests/test_workflow_e2e.py
dark_factory,841,medium,2026-04-19T07:02:11.988604+00:00,2026-04-19T07:41:06.843133+00:00,0.6486,era_death,10,6,0,6.486,6.486,10.049,0,dashboard/src/dashboard/app.py;dashboard/src/dashboard/data;dashboard/tests/test_app.py;dashboard/tests/test_burndown_data.py;dashboard/tests/test_burndown_page.py;dashboard/tests/test_chart_utils.py;dashboard/tests/test_merge_queue_data.py;dashboard/tests/test_merge_queue_panel.py;dashboard/tests/test_performance.py;dashboard/tests/test_performance_panel.py
dark_factory,842,medium,2026-04-19T17:35:18.535776+00:00,2026-04-19T17:44:04.032980+00:00,0.1460,used,4,6,0,0.584,0.292,0.214,0,dashboard/src/dashboard/app.py;dashboard/src/dashboard/data;dashboard/src/dashboard/templates;dashboard/tests/test_orchestrator_panel.py
dark_factory,844,medium,2026-04-19T17:45:20.508138+00:00,2026-04-19T18:18:12.312225+00:00,0.5477,era_death,6,6,0,3.286,1.643,2.369,0,orchestrator/src/orchestrator/evals;orchestrator/src/orchestrator/harness.py;orchestrator/src/orchestrator/scheduler.py;orchestrator/src/orchestrator/workflow.py;orchestrator/tests/test_scheduler.py;orchestrator/tests/test_workflow_e2e.py
dark_factory,844,medium,2026-04-19T20:42:10.369213+00:00,2026-04-19T20:55:23.415992+00:00,0.2203,era_death,6,6,0,1.322,0.881,0.238,0,orchestrator/src/orchestrator/evals;orchestrator/src/orchestrator/harness.py;orchestrator/src/orchestrator/scheduler.py;orchestrator/src/orchestrator/workflow.py;orchestrator/tests/test_scheduler.py;orchestrator/tests/test_workflow_e2e.py
dark_factory,844,medium,2026-04-20T10:38:53.397138+00:00,2026-04-20T11:09:31.651485+00:00,0.5106,lease_expired,6,6,0,3.064,2.043,1.132,0,orchestrator/src/orchestrator/evals;orchestrator/src/orchestrator/harness.py;orchestrator/src/orchestrator/scheduler.py;orchestrator/src/orchestrator/workflow.py;orchestrator/tests/test_scheduler.py;orchestrator/tests/test_workflow_e2e.py
dark_factory,844,medium,2026-04-20T11:10:50.771612+00:00,2026-04-20T11:41:32.402650+00:00,0.5116,lease_expired,6,6,0,3.069,2.046,0.598,0,orchestrator/src/orchestrator/evals;orchestrator/src/orchestrator/harness.py;orchestrator/src/orchestrator/scheduler.py;orchestrator/src/orchestrator/workflow.py;orchestrator/tests/test_scheduler.py;orchestrator/tests/test_workflow_e2e.py
dark_factory,844,medium,2026-04-20T11:42:49.692212+00:00,2026-04-20T12:05:02.654231+00:00,0.3703,used,6,6,0,2.222,1.481,0.207,0,orchestrator/src/orchestrator/evals;orchestrator/src/orchestrator/harness.py;orchestrator/src/orchestrator/scheduler.py;orchestrator/src/orchestrator/workflow.py;orchestrator/tests/test_scheduler.py;orchestrator/tests/test_workflow_e2e.py
dark_factory,849,medium,2026-04-20T12:05:51.429228+00:00,2026-04-20T12:06:17.973999+00:00,0.0074,used,2,6,0,0.015,0.007,52.177,0,dashboard/src/dashboard/templates;dashboard/tests/test_orchestrator_panel.py
dark_factory,850,medium,2026-04-20T12:06:50.024426+00:00,2026-04-20T12:17:26.803599+00:00,0.1769,used,6,6,0,1.061,0.708,1.307,0,orchestrator/src/orchestrator/config.py;orchestrator/src/orchestrator/defaults.yaml;orchestrator/src/orchestrator/verify.py;orchestrator/src/orchestrator/workflow.py;orchestrator/tests/test_verify.py;orchestrator/tests/test_workflow_e2e.py
dark_factory,844,medium,2026-04-20T12:19:15.254951+00:00,2026-04-20T12:44:39.902043+00:00,0.4235,lease_expired,14,6,0,5.929,3.388,1.281,0,fused-memory/config/config.yaml;fused-memory/tests/test_config_schema.py;orchestrator/src/orchestrator/agents;orchestrator/src/orchestrator/evals;orchestrator/src/orchestrator/merge_queue.py;orchestrator/src/orchestrator/scheduler.py;orchestrator/src/orchestrator/workflow.py;orchestrator/tests/test_briefing_steward.py;orchestrator/tests/test_merge_queue.py;orchestrator/tests/test_scheduler.py;orchestrator/tests/test_workflow_e2e.py;skills/merge-queue/SKILL.md;skills/orchestrate/SKILL.md;skills/unblock/SKILL.md
dark_factory,844,medium,2026-04-20T12:46:02.142744+00:00,2026-04-20T13:12:40.774972+00:00,0.4441,lease_expired,14,6,0,6.217,3.553,0.814,0,fused-memory/config/config.yaml;fused-memory/tests/test_config_schema.py;orchestrator/src/orchestrator/agents;orchestrator/src/orchestrator/evals;orchestrator/src/orchestrator/merge_queue.py;orchestrator/src/orchestrator/scheduler.py;orchestrator/src/orchestrator/workflow.py;orchestrator/tests/test_briefing_steward.py;orchestrator/tests/test_merge_queue.py;orchestrator/tests/test_scheduler.py;orchestrator/tests/test_workflow_e2e.py;skills/merge-queue/SKILL.md;skills/orchestrate/SKILL.md;skills/unblock/SKILL.md
dark_factory,844,medium,2026-04-20T13:13:58.839364+00:00,2026-04-20T13:35:51.338033+00:00,0.3646,used,14,6,0,5.104,2.967,0.428,0,fused-memory/config/config.yaml;fused-memory/tests/test_config_schema.py;orchestrator/src/orchestrator/agents;orchestrator/src/orchestrator/evals;orchestrator/src/orchestrator/merge_queue.py;orchestrator/src/orchestrator/scheduler.py;orchestrator/src/orchestrator/workflow.py;orchestrator/tests/test_briefing_steward.py;orchestrator/tests/test_merge_queue.py;orchestrator/tests/test_scheduler.py;orchestrator/tests/test_workflow_e2e.py;skills/merge-queue/SKILL.md;skills/orchestrate/SKILL.md;skills/unblock/SKILL.md
dark_factory,858,medium,2026-04-20T13:36:41.648714+00:00,2026-04-20T14:01:30.564755+00:00,0.4136,used,1,6,0,0.414,0.000,1.089,0,orchestrator/tests/test_merge_queue.py
dark_factory,844,medium,2026-04-20T14:03:18.044077+00:00,2026-04-20T14:40:07.721613+00:00,0.6138,lease_expired,14,6,0,8.593,6.752,0.449,0,fused-memory/config/config.yaml;fused-memory/tests/test_config_schema.py;orchestrator/src/orchestrator/agents;orchestrator/src/orchestrator/evals;orchestrator/src/orchestrator/merge_queue.py;orchestrator/src/orchestrator/scheduler.py;orchestrator/src/orchestrator/workflow.py;orchestrator/tests/test_briefing_steward.py;orchestrator/tests/test_merge_queue.py;orchestrator/tests/test_scheduler.py;orchestrator/tests/test_workflow_e2e.py;skills/merge-queue/SKILL.md;skills/orchestrate/SKILL.md;skills/unblock/SKILL.md
dark_factory,844,medium,2026-04-20T14:41:26.786747+00:00,2026-04-20T15:06:49.811197+00:00,0.4231,used,14,6,0,5.923,4.654,0.004,0,fused-memory/config/config.yaml;fused-memory/tests/test_config_schema.py;orchestrator/src/orchestrator/agents;orchestrator/src/orchestrator/evals;orchestrator/src/orchestrator/merge_queue.py;orchestrator/src/orchestrator/scheduler.py;orchestrator/src/orchestrator/workflow.py;orchestrator/tests/test_briefing_steward.py;orchestrator/tests/test_merge_queue.py;orchestrator/tests/test_scheduler.py;orchestrator/tests/test_workflow_e2e.py;skills/merge-queue/SKILL.md;skills/orchestrate/SKILL.md;skills/unblock/SKILL.md
dark_factory,865,medium,2026-04-20T15:08:10.975268+00:00,2026-04-20T15:09:00.534288+00:00,0.0138,used,1,6,0,0.014,0.000,5.337,0,orchestrator/tests/test_merge_queue.py
dark_factory,868,medium,2026-04-20T15:15:51.769243+00:00,2026-04-20T15:16:29.876028+00:00,0.0106,used,1,6,0,0.011,0.000,0.401,0,dashboard/tests/test_burndown_data.py
dark_factory,872,medium,2026-04-20T20:32:01.160661+00:00,2026-04-20T20:34:46.005738+00:00,0.0458,used,2,6,0,0.092,0.000,0.167,0,orchestrator/src/orchestrator/workflow.py;orchestrator/tests/test_workflow_e2e.py
dark_factory,862,medium,2026-04-20T20:36:57.569656+00:00,2026-04-20T20:37:16.752994+00:00,0.0053,used,1,6,0,0.005,0.005,0.054,0,orchestrator/tests/test_merge_queue.py
dark_factory,876,medium,2026-04-20T20:38:26.606645+00:00,2026-04-20T20:44:46.023387+00:00,0.1054,used,3,6,0,0.316,0.122,0.453,0,orchestrator/src/orchestrator/harness.py;orchestrator/src/orchestrator/workflow.py;orchestrator/tests/test_workflow_e2e.py
dark_factory,877,high,2026-04-20T21:01:54.504223+00:00,2026-04-20T21:11:57.523130+00:00,0.1675,used,13,2,0,2.178,1.675,0.028,0,fused-memory/src/fused_memory/middleware;fused-memory/src/fused_memory/reconciliation;fused-memory/tests/test_harness.py;fused-memory/tests/test_stages.py;fused-memory/tests/test_task_curator.py;orchestrator/src/orchestrator/harness.py;orchestrator/src/orchestrator/review_checkpoint.py;orchestrator/src/orchestrator/steward.py;orchestrator/src/orchestrator/workflow.py;orchestrator/tests/test_harness_module_tagging.py;orchestrator/tests/test_review_checkpoint_cap.py;orchestrator/tests/test_suggestion_triage.py;orchestrator/tests/test_workflow_e2e.py
dark_factory,865,medium,2026-04-20T20:29:45.673017+00:00,2026-04-20T21:37:57.868855+00:00,1.1367,era_death,1,6,0,1.137,0.666,8.905,6,orchestrator/tests/test_merge_queue.py
dark_factory,881,high,2026-04-21T06:32:17.202695+00:00,2026-04-21T06:45:05.355581+00:00,0.2134,used,4,2,0,0.854,0.640,0.173,0,fused-memory/src/fused_memory/reconciliation;fused-memory/tests/test_agent_loop.py;fused-memory/tests/test_judge.py;shared/src/shared/cli_invoke.py
dark_factory,884,high,2026-04-21T06:45:05.702654+00:00,2026-04-21T06:55:29.296737+00:00,0.1732,used,4,2,0,0.693,0.000,1.812,0,fused-memory/src/fused_memory/reconciliation;fused-memory/tests/test_agent_loop.py;fused-memory/tests/test_judge.py;shared/src/shared/cli_invoke.py
dark_factory,885,high,2026-04-21T06:55:44.786014+00:00,2026-04-21T07:02:06.269121+00:00,0.1060,used,4,2,0,0.424,0.175,0.021,0,orchestrator/src/orchestrator/verify.py;orchestrator/src/orchestrator/workflow.py;orchestrator/tests/test_verify.py;orchestrator/tests/test_workflow_e2e.py
dark_factory,873,medium,2026-04-21T07:03:22.239324+00:00,2026-04-21T07:16:27.990021+00:00,0.2183,era_death,2,6,0,0.437,0.218,1.462,0,fused-memory/src/fused_memory/reconciliation;fused-memory/tests/test_harness.py
dark_factory,881,high,2026-04-21T08:44:11.499039+00:00,2026-04-21T09:14:54.558218+00:00,0.5120,lease_expired,4,2,0,2.048,1.536,8.500,0,fused-memory/src/fused_memory/reconciliation;fused-memory/tests/test_agent_loop.py;fused-memory/tests/test_judge.py;shared/src/shared/cli_invoke.py
dark_factory,881,high,2026-04-21T09:15:10.469145+00:00,2026-04-21T09:59:24.350390+00:00,0.7372,lease_expired,4,2,0,2.949,2.212,7.758,0,fused-memory/src/fused_memory/reconciliation;fused-memory/tests/test_agent_loop.py;fused-memory/tests/test_judge.py;shared/src/shared/cli_invoke.py
dark_factory,881,high,2026-04-21T09:59:39.655104+00:00,2026-04-21T10:59:45.642115+00:00,1.0017,lease_expired,4,2,0,4.007,3.005,6.752,0,fused-memory/src/fused_memory/reconciliation;fused-memory/tests/test_agent_loop.py;fused-memory/tests/test_judge.py;shared/src/shared/cli_invoke.py
dark_factory,881,high,2026-04-21T11:00:01.371373+00:00,2026-04-21T12:00:15.498856+00:00,1.0039,lease_expired,4,2,0,4.016,3.012,5.744,0,fused-memory/src/fused_memory/reconciliation;fused-memory/tests/test_agent_loop.py;fused-memory/tests/test_judge.py;shared/src/shared/cli_invoke.py
dark_factory,881,high,2026-04-21T12:00:30.810858+00:00,2026-04-21T13:00:39.498116+00:00,1.0024,lease_expired,4,2,0,4.010,3.007,4.737,0,fused-memory/src/fused_memory/reconciliation;fused-memory/tests/test_agent_loop.py;fused-memory/tests/test_judge.py;shared/src/shared/cli_invoke.py
dark_factory,881,high,2026-04-21T13:00:55.355260+00:00,2026-04-21T14:00:58.795379+00:00,1.0010,lease_expired,4,2,0,4.004,3.003,3.732,0,fused-memory/src/fused_memory/reconciliation;fused-memory/tests/test_agent_loop.py;fused-memory/tests/test_judge.py;shared/src/shared/cli_invoke.py
dark_factory,881,high,2026-04-21T14:01:14.102490+00:00,2026-04-21T15:01:23.183118+00:00,1.0025,lease_expired,4,2,0,4.010,3.008,2.725,0,fused-memory/src/fused_memory/reconciliation;fused-memory/tests/test_agent_loop.py;fused-memory/tests/test_judge.py;shared/src/shared/cli_invoke.py
dark_factory,881,high,2026-04-21T15:01:38.949753+00:00,2026-04-21T16:01:44.594487+00:00,1.0016,lease_expired,4,2,0,4.006,3.005,1.719,0,fused-memory/src/fused_memory/reconciliation;fused-memory/tests/test_agent_loop.py;fused-memory/tests/test_judge.py;shared/src/shared/cli_invoke.py
dark_factory,881,high,2026-04-21T16:02:00.335777+00:00,2026-04-21T17:02:13.090850+00:00,1.0035,lease_expired,4,2,0,4.014,3.011,0.711,1,fused-memory/src/fused_memory/reconciliation;fused-memory/tests/test_agent_loop.py;fused-memory/tests/test_judge.py;shared/src/shared/cli_invoke.py
dark_factory,882,critical,2026-04-21T16:32:00.969654+00:00,2026-04-21T17:32:11.458634+00:00,1.0029,lease_expired,2,1,0,2.006,0.000,0.764,0,orchestrator/src/orchestrator/workflow.py;orchestrator/tests/test_workflow_e2e.py
dark_factory,882,critical,2026-04-21T17:32:11.595997+00:00,2026-04-21T17:44:52.828478+00:00,0.2115,used,2,1,0,0.423,0.000,0.553,0,orchestrator/src/orchestrator/workflow.py;orchestrator/tests/test_workflow_e2e.py
dark_factory,881,high,2026-04-21T17:44:53.537842+00:00,2026-04-21T17:52:57.279923+00:00,0.1344,used,4,2,0,0.537,0.403,1.163,0,fused-memory/src/fused_memory/reconciliation;fused-memory/tests/test_agent_loop.py;fused-memory/tests/test_judge.py;shared/src/shared/cli_invoke.py
dark_factory,885,high,2026-04-21T17:53:12.654347+00:00,2026-04-21T18:18:03.065892+00:00,0.4140,used,4,2,0,1.656,0.828,4.136,0,orchestrator/src/orchestrator/verify.py;orchestrator/src/orchestrator/workflow.py;orchestrator/tests/test_verify.py;orchestrator/tests/test_workflow_e2e.py
dark_factory,882,critical,2026-04-21T18:18:33.728919+00:00,2026-04-21T19:18:42.188317+00:00,1.0023,lease_expired,2,1,0,2.005,0.000,3.786,0,orchestrator/src/orchestrator/workflow.py;orchestrator/tests/test_workflow_e2e.py
dark_factory,882,critical,2026-04-21T19:18:42.354072+00:00,2026-04-21T20:18:45.242019+00:00,1.0008,lease_expired,2,1,0,2.002,0.000,2.785,0,orchestrator/src/orchestrator/workflow.py;orchestrator/tests/test_workflow_e2e.py
dark_factory,882,critical,2026-04-21T20:18:45.488844+00:00,2026-04-21T21:18:55.055402+00:00,1.0027,lease_expired,2,1,0,2.005,0.000,1.783,0,orchestrator/src/orchestrator/workflow.py;orchestrator/tests/test_workflow_e2e.py
dark_factory,882,critical,2026-04-21T21:18:55.193125+00:00,2026-04-21T22:19:07.381446+00:00,1.0034,lease_expired,2,1,0,2.007,0.000,0.779,0,orchestrator/src/orchestrator/workflow.py;orchestrator/tests/test_workflow_e2e.py
dark_factory,882,critical,2026-04-21T22:19:07.535034+00:00,2026-04-21T22:26:14.152339+00:00,0.1185,used,2,1,0,0.237,0.000,0.661,0,orchestrator/src/orchestrator/workflow.py;orchestrator/tests/test_workflow_e2e.py
dark_factory,871,medium,2026-04-21T22:27:00.396308+00:00,2026-04-21T23:05:52.525375+00:00,0.6478,used,3,6,0,1.943,0.648,11.121,0,orchestrator/src/orchestrator/harness.py;orchestrator/src/orchestrator/workflow.py;orchestrator/tests/test_workflow_e2e.py
dark_factory,872,medium,2026-04-21T23:07:08.579595+00:00,2026-04-22T00:07:14.504772+00:00,1.0016,lease_expired,2,6,0,2.003,0.000,10.099,0,orchestrator/src/orchestrator/workflow.py;orchestrator/tests/test_workflow_e2e.py
dark_factory,872,medium,2026-04-22T00:08:31.675532+00:00,2026-04-22T01:08:36.077228+00:00,1.0012,lease_expired,2,6,0,2.002,0.000,9.076,0,orchestrator/src/orchestrator/workflow.py;orchestrator/tests/test_workflow_e2e.py
dark_factory,877,high,2026-04-22T02:07:51.256637+00:00,2026-04-22T03:04:03.261298+00:00,0.9367,lease_expired,13,2,0,12.177,7.493,7.783,0,fused-memory/src/fused_memory/middleware;fused-memory/src/fused_memory/reconciliation;fused-memory/tests/test_harness.py;fused-memory/tests/test_stages.py;fused-memory/tests/test_task_curator.py;orchestrator/src/orchestrator/harness.py;orchestrator/src/orchestrator/review_checkpoint.py;orchestrator/src/orchestrator/steward.py;orchestrator/src/orchestrator/workflow.py;orchestrator/tests/test_harness_module_tagging.py;orchestrator/tests/test_review_checkpoint_cap.py;orchestrator/tests/test_suggestion_triage.py;orchestrator/tests/test_workflow_e2e.py
dark_factory,877,high,2026-04-22T03:04:19.016099+00:00,2026-04-22T03:58:21.396174+00:00,0.9007,lease_expired,13,2,0,11.709,7.205,6.878,0,fused-memory/src/fused_memory/middleware;fused-memory/src/fused_memory/reconciliation;fused-memory/tests/test_harness.py;fused-memory/tests/test_stages.py;fused-memory/tests/test_task_curator.py;orchestrator/src/orchestrator/harness.py;orchestrator/src/orchestrator/review_checkpoint.py;orchestrator/src/orchestrator/steward.py;orchestrator/src/orchestrator/workflow.py;orchestrator/tests/test_harness_module_tagging.py;orchestrator/tests/test_review_checkpoint_cap.py;orchestrator/tests/test_suggestion_triage.py;orchestrator/tests/test_workflow_e2e.py
dark_factory,877,high,2026-04-22T03:58:36.806678+00:00,2026-04-22T04:52:33.704635+00:00,0.8991,lease_expired,13,2,0,11.689,7.193,5.975,0,fused-memory/src/fused_memory/middleware;fused-memory/src/fused_memory/reconciliation;fused-memory/tests/test_harness.py;fused-memory/tests/test_stages.py;fused-memory/tests/test_task_curator.py;orchestrator/src/orchestrator/harness.py;orchestrator/src/orchestrator/review_checkpoint.py;orchestrator/src/orchestrator/steward.py;orchestrator/src/orchestrator/workflow.py;orchestrator/tests/test_harness_module_tagging.py;orchestrator/tests/test_review_checkpoint_cap.py;orchestrator/tests/test_suggestion_triage.py;orchestrator/tests/test_workflow_e2e.py
dark_factory,877,high,2026-04-22T04:52:49.054095+00:00,2026-04-22T05:46:56.417738+00:00,0.9020,lease_expired,13,2,0,11.727,7.216,5.068,0,fused-memory/src/fused_memory/middleware;fused-memory/src/fused_memory/reconciliation;fused-memory/tests/test_harness.py;fused-memory/tests/test_stages.py;fused-memory/tests/test_task_curator.py;orchestrator/src/orchestrator/harness.py;orchestrator/src/orchestrator/review_checkpoint.py;orchestrator/src/orchestrator/steward.py;orchestrator/src/orchestrator/workflow.py;orchestrator/tests/test_harness_module_tagging.py;orchestrator/tests/test_review_checkpoint_cap.py;orchestrator/tests/test_suggestion_triage.py;orchestrator/tests/test_workflow_e2e.py
dark_factory,877,high,2026-04-22T05:47:11.767237+00:00,2026-04-22T06:41:07.467336+00:00,0.8988,lease_expired,13,2,0,11.684,7.190,4.165,0,fused-memory/src/fused_memory/middleware;fused-memory/src/fused_memory/reconciliation;fused-memory/tests/test_harness.py;fused-memory/tests/test_stages.py;fused-memory/tests/test_task_curator.py;orchestrator/src/orchestrator/harness.py;orchestrator/src/orchestrator/review_checkpoint.py;orchestrator/src/orchestrator/steward.py;orchestrator/src/orchestrator/workflow.py;orchestrator/tests/test_harness_module_tagging.py;orchestrator/tests/test_review_checkpoint_cap.py;orchestrator/tests/test_suggestion_triage.py;orchestrator/tests/test_workflow_e2e.py
dark_factory,877,high,2026-04-22T06:41:22.810514+00:00,2026-04-22T07:35:26.405243+00:00,0.9010,lease_expired,13,2,0,11.713,7.208,3.260,0,fused-memory/src/fused_memory/middleware;fused-memory/src/fused_memory/reconciliation;fused-memory/tests/test_harness.py;fused-memory/tests/test_stages.py;fused-memory/tests/test_task_curator.py;orchestrator/src/orchestrator/harness.py;orchestrator/src/orchestrator/review_checkpoint.py;orchestrator/src/orchestrator/steward.py;orchestrator/src/orchestrator/workflow.py;orchestrator/tests/test_harness_module_tagging.py;orchestrator/tests/test_review_checkpoint_cap.py;orchestrator/tests/test_suggestion_triage.py;orchestrator/tests/test_workflow_e2e.py
dark_factory,877,high,2026-04-22T07:35:42.853999+00:00,2026-04-22T08:29:49.150388+00:00,0.9017,lease_expired,13,2,0,11.723,7.214,2.354,0,fused-memory/src/fused_memory/middleware;fused-memory/src/fused_memory/reconciliation;fused-memory/tests/test_harness.py;fused-memory/tests/test_stages.py;fused-memory/tests/test_task_curator.py;orchestrator/src/orchestrator/harness.py;orchestrator/src/orchestrator/review_checkpoint.py;orchestrator/src/orchestrator/steward.py;orchestrator/src/orchestrator/workflow.py;orchestrator/tests/test_harness_module_tagging.py;orchestrator/tests/test_review_checkpoint_cap.py;orchestrator/tests/test_suggestion_triage.py;orchestrator/tests/test_workflow_e2e.py
dark_factory,877,high,2026-04-22T08:30:05.472316+00:00,2026-04-22T09:24:12.102506+00:00,0.9018,lease_expired,13,2,0,11.724,7.215,1.447,0,fused-memory/src/fused_memory/middleware;fused-memory/src/fused_memory/reconciliation;fused-memory/tests/test_harness.py;fused-memory/tests/test_stages.py;fused-memory/tests/test_task_curator.py;orchestrator/src/orchestrator/harness.py;orchestrator/src/orchestrator/review_checkpoint.py;orchestrator/src/orchestrator/steward.py;orchestrator/src/orchestrator/workflow.py;orchestrator/tests/test_harness_module_tagging.py;orchestrator/tests/test_review_checkpoint_cap.py;orchestrator/tests/test_suggestion_triage.py;orchestrator/tests/test_workflow_e2e.py
dark_factory,877,high,2026-04-22T09:24:27.396244+00:00,2026-04-22T10:13:09.433190+00:00,0.8117,used,13,2,0,10.552,6.654,0.632,0,fused-memory/src/fused_memory/middleware;fused-memory/src/fused_memory/reconciliation;fused-memory/tests/test_harness.py;fused-memory/tests/test_stages.py;fused-memory/tests/test_task_curator.py;orchestrator/src/orchestrator/harness.py;orchestrator/src/orchestrator/review_checkpoint.py;orchestrator/src/orchestrator/steward.py;orchestrator/src/orchestrator/workflow.py;orchestrator/tests/test_harness_module_tagging.py;orchestrator/tests/test_review_checkpoint_cap.py;orchestrator/tests/test_suggestion_triage.py;orchestrator/tests/test_workflow_e2e.py
dark_factory,919,high,2026-04-22T10:24:39.406362+00:00,2026-04-22T10:51:02.919152+00:00,0.4399,used,6,2,0,2.639,2.199,32.772,0,fused-memory/src/fused_memory/middleware;fused-memory/src/fused_memory/server;fused-memory/tests/test_submit_resolve_tools.py;fused-memory/tests/test_task_interceptor.py;fused-memory/tests/test_ticket_store.py;fused-memory/tests/test_ticket_worker.py
dark_factory,918,high,2026-04-22T10:13:24.800457+00:00,2026-04-22T11:13:34.391256+00:00,1.0027,lease_expired,6,2,0,6.016,3.635,0.000,108,fused-memory/src/fused_memory/config;fused-memory/src/fused_memory/middleware;fused-memory/src/fused_memory/reconciliation;fused-memory/src/fused_memory/server;fused-memory/tests/test_bulk_reset_guard.py;fused-memory/tests/test_task_interceptor.py
dark_factory,872,medium,2026-04-22T01:09:52.734379+00:00,2026-04-22T11:25:04.783610+00:00,10.2533,silent_owner_dispatch_then_release,2,6,1,20.507,0.000,0.000,1907,orchestrator/src/orchestrator/workflow.py;orchestrator/tests/test_workflow_e2e.py
dark_factory,918,high,2026-04-22T11:13:34.730024+00:00,2026-04-22T16:16:50.944826+00:00,5.0545,lease_expired,6,2,0,30.327,14.790,1.001,0,fused-memory/src/fused_memory/config;fused-memory/src/fused_memory/middleware;fused-memory/src/fused_memory/reconciliation;fused-memory/src/fused_memory/server;fused-memory/tests/test_bulk_reset_guard.py;fused-memory/tests/test_task_interceptor.py
dark_factory,918,high,2026-04-22T16:16:53.193530+00:00,2026-04-22T17:16:54.295167+00:00,1.0003,lease_expired,6,2,0,6.002,3.001,0.000,0,fused-memory/src/fused_memory/config;fused-memory/src/fused_memory/middleware;fused-memory/src/fused_memory/reconciliation;fused-memory/src/fused_memory/server;fused-memory/tests/test_bulk_reset_guard.py;fused-memory/tests/test_task_interceptor.py
dark_factory,918,high,2026-04-22T17:16:54.841026+00:00,2026-04-22T18:16:56.832376+00:00,1.0006,lease_expired,6,2,0,6.003,2.001,23.283,0,fused-memory/src/fused_memory/config;fused-memory/src/fused_memory/middleware;fused-memory/src/fused_memory/reconciliation;fused-memory/src/fused_memory/server;fused-memory/tests/test_bulk_reset_guard.py;fused-memory/tests/test_task_interceptor.py
dark_factory,918,high,2026-04-22T18:17:12.137139+00:00,2026-04-22T19:17:24.284360+00:00,1.0034,lease_expired,6,2,0,6.020,2.007,22.276,0,fused-memory/src/fused_memory/config;fused-memory/src/fused_memory/middleware;fused-memory/src/fused_memory/reconciliation;fused-memory/src/fused_memory/server;fused-memory/tests/test_bulk_reset_guard.py;fused-memory/tests/test_task_interceptor.py
dark_factory,918,high,2026-04-22T19:17:39.636574+00:00,2026-04-22T20:17:48.980608+00:00,1.0026,lease_expired,6,2,0,6.016,2.005,21.269,0,fused-memory/src/fused_memory/config;fused-memory/src/fused_memory/middleware;fused-memory/src/fused_memory/reconciliation;fused-memory/src/fused_memory/server;fused-memory/tests/test_bulk_reset_guard.py;fused-memory/tests/test_task_interceptor.py
dark_factory,918,high,2026-04-22T20:18:04.354760+00:00,2026-04-22T21:18:09.887265+00:00,1.0015,lease_expired,6,2,0,6.009,2.003,20.263,0,fused-memory/src/fused_memory/config;fused-memory/src/fused_memory/middleware;fused-memory/src/fused_memory/reconciliation;fused-memory/src/fused_memory/server;fused-memory/tests/test_bulk_reset_guard.py;fused-memory/tests/test_task_interceptor.py
dark_factory,918,high,2026-04-22T21:18:25.223204+00:00,2026-04-22T22:18:36.160661+00:00,1.0030,lease_expired,6,2,0,6.018,2.006,19.256,0,fused-memory/src/fused_memory/config;fused-memory/src/fused_memory/middleware;fused-memory/src/fused_memory/reconciliation;fused-memory/src/fused_memory/server;fused-memory/tests/test_bulk_reset_guard.py;fused-memory/tests/test_task_interceptor.py
dark_factory,918,high,2026-04-22T22:18:51.486874+00:00,2026-04-22T23:18:53.559081+00:00,1.0006,lease_expired,6,2,0,6.003,2.001,18.251,0,fused-memory/src/fused_memory/config;fused-memory/src/fused_memory/middleware;fused-memory/src/fused_memory/reconciliation;fused-memory/src/fused_memory/server;fused-memory/tests/test_bulk_reset_guard.py;fused-memory/tests/test_task_interceptor.py
dark_factory,918,high,2026-04-22T23:19:08.904961+00:00,2026-04-23T00:19:12.789866+00:00,1.0011,lease_expired,6,2,0,6.006,2.002,17.245,0,fused-memory/src/fused_memory/config;fused-memory/src/fused_memory/middleware;fused-memory/src/fused_memory/reconciliation;fused-memory/src/fused_memory/server;fused-memory/tests/test_bulk_reset_guard.py;fused-memory/tests/test_task_interceptor.py
dark_factory,918,high,2026-04-23T00:19:28.606753+00:00,2026-04-23T01:19:31.956864+00:00,1.0009,lease_expired,6,2,0,6.006,2.002,16.240,0,fused-memory/src/fused_memory/config;fused-memory/src/fused_memory/middleware;fused-memory/src/fused_memory/reconciliation;fused-memory/src/fused_memory/server;fused-memory/tests/test_bulk_reset_guard.py;fused-memory/tests/test_task_interceptor.py
dark_factory,918,high,2026-04-23T01:19:47.267157+00:00,2026-04-23T02:19:52.936791+00:00,1.0016,lease_expired,6,2,0,6.009,2.003,15.234,0,fused-memory/src/fused_memory/config;fused-memory/src/fused_memory/middleware;fused-memory/src/fused_memory/reconciliation;fused-memory/src/fused_memory/server;fused-memory/tests/test_bulk_reset_guard.py;fused-memory/tests/test_task_interceptor.py
dark_factory,918,high,2026-04-23T02:20:08.246127+00:00,2026-04-23T03:20:09.467424+00:00,1.0003,lease_expired,6,2,0,6.002,2.001,14.230,0,fused-memory/src/fused_memory/config;fused-memory/src/fused_memory/middleware;fused-memory/src/fused_memory/reconciliation;fused-memory/src/fused_memory/server;fused-memory/tests/test_bulk_reset_guard.py;fused-memory/tests/test_task_interceptor.py
dark_factory,918,high,2026-04-23T03:20:24.769849+00:00,2026-04-23T04:20:32.926163+00:00,1.0023,lease_expired,6,2,0,6.014,2.005,13.223,0,fused-memory/src/fused_memory/config;fused-memory/src/fused_memory/middleware;fused-memory/src/fused_memory/reconciliation;fused-memory/src/fused_memory/server;fused-memory/tests/test_bulk_reset_guard.py;fused-memory/tests/test_task_interceptor.py
dark_factory,918,high,2026-04-23T04:20:48.236894+00:00,2026-04-23T05:21:02.571303+00:00,1.0040,lease_expired,6,2,0,6.024,2.008,12.215,0,fused-memory/src/fused_memory/config;fused-memory/src/fused_memory/middleware;fused-memory/src/fused_memory/reconciliation;fused-memory/src/fused_memory/server;fused-memory/tests/test_bulk_reset_guard.py;fused-memory/tests/test_task_interceptor.py
dark_factory,918,high,2026-04-23T05:21:17.887537+00:00,2026-04-23T06:21:20.085502+00:00,1.0006,lease_expired,6,2,0,6.004,2.001,11.210,0,fused-memory/src/fused_memory/config;fused-memory/src/fused_memory/middleware;fused-memory/src/fused_memory/reconciliation;fused-memory/src/fused_memory/server;fused-memory/tests/test_bulk_reset_guard.py;fused-memory/tests/test_task_interceptor.py
dark_factory,918,high,2026-04-23T06:21:35.452492+00:00,2026-04-23T06:47:33.357785+00:00,0.4328,era_death,6,2,0,2.597,0.866,10.773,0,fused-memory/src/fused_memory/config;fused-memory/src/fused_memory/middleware;fused-memory/src/fused_memory/reconciliation;fused-memory/src/fused_memory/server;fused-memory/tests/test_bulk_reset_guard.py;fused-memory/tests/test_task_interceptor.py
dark_factory,918,high,2026-04-23T17:33:56.863409+00:00,2026-04-23T18:04:34.771162+00:00,0.5105,lease_expired,6,2,0,3.063,1.021,1.008,0,fused-memory/src/fused_memory/config;fused-memory/src/fused_memory/middleware;fused-memory/src/fused_memory/reconciliation;fused-memory/src/fused_memory/server;fused-memory/tests/test_bulk_reset_guard.py;fused-memory/tests/test_task_interceptor.py
dark_factory,918,high,2026-04-23T18:04:53.224218+00:00,2026-04-23T19:05:02.778688+00:00,1.0027,lease_expired,6,2,0,6.016,2.885,0.000,0,fused-memory/src/fused_memory/config;fused-memory/src/fused_memory/middleware;fused-memory/src/fused_memory/reconciliation;fused-memory/src/fused_memory/server;fused-memory/tests/test_bulk_reset_guard.py;fused-memory/tests/test_task_interceptor.py
dark_factory,918,high,2026-04-23T19:05:04.984572+00:00,2026-04-23T19:37:22.873963+00:00,0.5383,used,6,2,0,3.230,2.413,1.113,0,fused-memory/src/fused_memory/config;fused-memory/src/fused_memory/middleware;fused-memory/src/fused_memory/reconciliation;fused-memory/src/fused_memory/server;fused-memory/tests/test_bulk_reset_guard.py;fused-memory/tests/test_task_interceptor.py
dark_factory,958,high,2026-04-23T19:43:42.289587+00:00,2026-04-23T20:43:48.303946+00:00,1.0017,lease_expired,2,2,0,2.003,1.002,10.998,0,fused-memory/src/fused_memory/reconciliation;fused-memory/tests/test_harness.py
dark_factory,958,high,2026-04-23T20:44:06.023290+00:00,2026-04-23T20:44:10.285318+00:00,0.0012,used,2,2,0,0.002,0.001,10.992,0,fused-memory/src/fused_memory/reconciliation;fused-memory/tests/test_harness.py
dark_factory,954,high,2026-04-23T20:44:10.766071+00:00,2026-04-23T21:45:45.490148+00:00,1.0263,lease_expired,2,2,0,2.053,0.000,11.250,0,orchestrator/src/orchestrator/workflow.py;orchestrator/tests/test_workflow_e2e.py
dark_factory,921,medium,2026-04-23T19:38:24.014589+00:00,2026-04-24T06:57:18.946678+00:00,11.3153,era_death,1,6,0,11.315,9.592,0.213,272,fused-memory/src/fused_memory/reconciliation
dark_factory,921,medium,2026-04-24T07:10:06.760080+00:00,2026-04-24T07:40:47.501199+00:00,0.5113,lease_expired,1,6,0,0.511,0.000,0.592,0,fused-memory/src/fused_memory/reconciliation
dark_factory,921,medium,2026-04-24T07:42:10.290449+00:00,2026-04-24T07:43:42.655170+00:00,0.0257,used,1,6,0,0.026,0.000,0.544,0,fused-memory/src/fused_memory/reconciliation
dark_factory,943,medium,2026-04-24T07:45:01.341681+00:00,2026-04-24T08:16:20.173304+00:00,0.5219,used,6,6,0,3.131,2.610,0.740,0,fused-memory/src/fused_memory/reconciliation;fused-memory/src/fused_memory/server;fused-memory/src/fused_memory/services;fused-memory/tests/test_durable_queue.py;fused-memory/tests/test_event_queue.py;fused-memory/tests/test_task_tools.py
dark_factory,944,medium,2026-04-24T08:17:38.088139+00:00,2026-04-24T09:00:43.905962+00:00,0.7183,used,6,6,0,4.310,3.438,0.169,0,fused-memory/src/fused_memory/server;fused-memory/tests/test_task_tools.py;orchestrator/src/orchestrator/harness.py;orchestrator/src/orchestrator/scheduler.py;orchestrator/src/orchestrator/workflow.py;orchestrator/tests/test_scheduler.py
dark_factory,955,medium,2026-04-24T09:01:46.723668+00:00,2026-04-24T09:10:53.495194+00:00,0.1519,used,2,6,0,0.304,0.153,0.652,0,orchestrator/src/orchestrator/workflow.py;orchestrator/tests/test_workflow_e2e.py
dark_factory,963,medium,2026-04-24T09:12:15.186126+00:00,2026-04-24T09:19:48.131361+00:00,0.1258,used,2,6,0,0.252,0.001,0.074,0,fused-memory/src/fused_memory/reconciliation;fused-memory/tests/test_harness.py
dark_factory,989,medium,2026-04-24T09:21:07.244023+00:00,2026-04-24T09:50:01.163243+00:00,0.4816,used,2,6,0,0.963,0.000,0.308,0,orchestrator/src/orchestrator/workflow.py;orchestrator/tests/test_workflow_e2e.py
dark_factory,993,medium,2026-04-24T09:51:05.403642+00:00,2026-04-24T10:25:27.205441+00:00,0.5727,used,2,6,0,1.145,0.573,0.643,0,fused-memory/src/fused_memory/server;fused-memory/tests/test_dead_letters_tool.py
dark_factory,1014,medium,2026-04-24T11:12:30.361011+00:00,2026-04-24T11:19:14.227246+00:00,0.1122,used,1,6,0,0.112,0.000,0.670,0,fused-memory/tests/test_task_interceptor.py
dark_factory,1015,medium,2026-04-24T11:19:15.128197+00:00,2026-04-24T12:04:41.708688+00:00,0.7574,silent_owner_dispatch_then_release,1,6,1,0.757,0.236,0.000,0,fused-memory/tests/test_task_interceptor.py
dark_factory,1029,high,2026-04-24T11:59:25.592469+00:00,2026-04-24T12:11:23.215354+00:00,0.1993,used,2,2,0,0.399,0.001,768.062,0,shared/src/shared/__init__.py;shared/tests/test_public_api.py
dark_factory,1016,medium,2026-04-24T12:12:38.969462+00:00,2026-04-24T12:28:00.089189+00:00,0.2559,used,6,6,0,1.535,0.571,18.355,0,fused-memory/src/fused_memory/config;fused-memory/src/fused_memory/middleware;fused-memory/src/fused_memory/reconciliation;fused-memory/src/fused_memory/server;fused-memory/tests/test_bulk_reset_guard.py;fused-memory/tests/test_task_interceptor.py
dark_factory,1018,medium,2026-04-24T12:28:43.679864+00:00,2026-04-24T13:24:41.038851+00:00,0.9326,lease_expired,9,6,0,8.393,0.933,17.410,0,fused-memory/src/fused_memory/middleware;fused-memory/src/fused_memory/reconciliation;fused-memory/src/fused_memory/server;fused-memory/tests/test_bulk_reset_guard.py;fused-memory/tests/test_task_interceptor.py;orchestrator/src/orchestrator/harness.py;orchestrator/src/orchestrator/scheduler.py;orchestrator/tests/test_reconcile_stranded.py;orchestrator/tests/test_scheduler.py
dark_factory,1018,medium,2026-04-24T13:25:57.324191+00:00,2026-04-24T14:24:26.443121+00:00,0.9748,lease_expired,9,6,0,8.773,0.975,16.414,0,fused-memory/src/fused_memory/middleware;fused-memory/src/fused_memory/reconciliation;fused-memory/src/fused_memory/server;fused-memory/tests/test_bulk_reset_guard.py;fused-memory/tests/test_task_interceptor.py;orchestrator/src/orchestrator/harness.py;orchestrator/src/orchestrator/scheduler.py;orchestrator/tests/test_reconcile_stranded.py;orchestrator/tests/test_scheduler.py
dark_factory,1018,medium,2026-04-24T14:25:28.790171+00:00,2026-04-24T15:23:56.422645+00:00,0.9743,lease_expired,9,6,0,8.769,0.974,15.423,0,fused-memory/src/fused_memory/middleware;fused-memory/src/fused_memory/reconciliation;fused-memory/src/fused_memory/server;fused-memory/tests/test_bulk_reset_guard.py;fused-memory/tests/test_task_interceptor.py;orchestrator/src/orchestrator/harness.py;orchestrator/src/orchestrator/scheduler.py;orchestrator/tests/test_reconcile_stranded.py;orchestrator/tests/test_scheduler.py
dark_factory,1018,medium,2026-04-24T15:25:14.560202+00:00,2026-04-24T16:23:37.445729+00:00,0.9730,lease_expired,9,6,0,8.757,0.973,14.428,0,fused-memory/src/fused_memory/middleware;fused-memory/src/fused_memory/reconciliation;fused-memory/src/fused_memory/server;fused-memory/tests/test_bulk_reset_guard.py;fused-memory/tests/test_task_interceptor.py;orchestrator/src/orchestrator/harness.py;orchestrator/src/orchestrator/scheduler.py;orchestrator/tests/test_reconcile_stranded.py;orchestrator/tests/test_scheduler.py
dark_factory,1018,medium,2026-04-24T16:24:53.662039+00:00,2026-04-24T17:23:11.201383+00:00,0.9715,lease_expired,9,6,0,8.744,0.972,13.435,0,fused-memory/src/fused_memory/middleware;fused-memory/src/fused_memory/reconciliation;fused-memory/src/fused_memory/server;fused-memory/tests/test_bulk_reset_guard.py;fused-memory/tests/test_task_interceptor.py;orchestrator/src/orchestrator/harness.py;orchestrator/src/orchestrator/scheduler.py;orchestrator/tests/test_reconcile_stranded.py;orchestrator/tests/test_scheduler.py
dark_factory,1018,medium,2026-04-24T17:24:27.464461+00:00,2026-04-24T18:22:44.858838+00:00,0.9715,lease_expired,9,6,0,8.743,0.971,12.442,0,fused-memory/src/fused_memory/middleware;fused-memory/src/fused_memory/reconciliation;fused-memory/src/fused_memory/server;fused-memory/tests/test_bulk_reset_guard.py;fused-memory/tests/test_task_interceptor.py;orchestrator/src/orchestrator/harness.py;orchestrator/src/orchestrator/scheduler.py;orchestrator/tests/test_reconcile_stranded.py;orchestrator/tests/test_scheduler.py
dark_factory,1018,medium,2026-04-24T18:24:00.994351+00:00,2026-04-24T19:22:31.802812+00:00,0.9752,lease_expired,9,6,0,8.777,0.975,11.446,194,fused-memory/src/fused_memory/middleware;fused-memory/src/fused_memory/reconciliation;fused-memory/src/fused_memory/server;fused-memory/tests/test_bulk_reset_guard.py;fused-memory/tests/test_task_interceptor.py;orchestrator/src/orchestrator/harness.py;orchestrator/src/orchestrator/scheduler.py;orchestrator/tests/test_reconcile_stranded.py;orchestrator/tests/test_scheduler.py
dark_factory,1032,medium,2026-04-24T18:34:54.606560+00:00,2026-04-24T19:33:25.398122+00:00,0.9752,lease_expired,4,6,0,3.901,0.975,11.501,0,fused-memory/src/fused_memory/config;fused-memory/src/fused_memory/server;fused-memory/tests/test_bulk_reset_guard.py;fused-memory/tests/test_config_schema.py
dark_factory,1032,medium,2026-04-24T19:34:41.563546+00:00,2026-04-24T20:32:12.527934+00:00,0.9586,lease_expired,4,6,0,3.834,0.959,10.522,0,fused-memory/src/fused_memory/config;fused-memory/src/fused_memory/server;fused-memory/tests/test_bulk_reset_guard.py;fused-memory/tests/test_config_schema.py
dark_factory,1032,medium,2026-04-24T20:33:28.753954+00:00,2026-04-24T21:30:45.417603+00:00,0.9546,lease_expired,4,6,0,3.819,0.955,9.546,0,fused-memory/src/fused_memory/config;fused-memory/src/fused_memory/server;fused-memory/tests/test_bulk_reset_guard.py;fused-memory/tests/test_config_schema.py
dark_factory,1032,medium,2026-04-24T21:32:01.625965+00:00,2026-04-24T22:29:18.262860+00:00,0.9546,lease_expired,4,6,0,3.818,0.955,8.570,0,fused-memory/src/fused_memory/config;fused-memory/src/fused_memory/server;fused-memory/tests/test_bulk_reset_guard.py;fused-memory/tests/test_config_schema.py
dark_factory,1032,medium,2026-04-24T22:30:34.456863+00:00,2026-04-24T23:27:52.605117+00:00,0.9550,lease_expired,4,6,0,3.820,0.955,7.594,0,fused-memory/src/fused_memory/config;fused-memory/src/fused_memory/server;fused-memory/tests/test_bulk_reset_guard.py;fused-memory/tests/test_config_schema.py
dark_factory,1032,medium,2026-04-24T23:29:08.843986+00:00,2026-04-25T00:26:25.985130+00:00,0.9548,lease_expired,4,6,0,3.819,0.955,6.618,0,fused-memory/src/fused_memory/config;fused-memory/src/fused_memory/server;fused-memory/tests/test_bulk_reset_guard.py;fused-memory/tests/test_config_schema.py
dark_factory,1032,medium,2026-04-25T00:27:42.231859+00:00,2026-04-25T01:24:59.374347+00:00,0.9548,lease_expired,4,6,0,3.819,0.955,5.642,0,fused-memory/src/fused_memory/config;fused-memory/src/fused_memory/server;fused-memory/tests/test_bulk_reset_guard.py;fused-memory/tests/test_config_schema.py
dark_factory,1032,medium,2026-04-25T01:26:15.651860+00:00,2026-04-25T02:23:32.693602+00:00,0.9547,lease_expired,4,6,0,3.819,0.955,4.666,0,fused-memory/src/fused_memory/config;fused-memory/src/fused_memory/server;fused-memory/tests/test_bulk_reset_guard.py;fused-memory/tests/test_config_schema.py
dark_factory,1032,medium,2026-04-25T02:24:48.888612+00:00,2026-04-25T03:22:11.385022+00:00,0.9562,lease_expired,4,6,0,3.825,0.956,3.689,0,fused-memory/src/fused_memory/config;fused-memory/src/fused_memory/server;fused-memory/tests/test_bulk_reset_guard.py;fused-memory/tests/test_config_schema.py
dark_factory,1032,medium,2026-04-25T03:23:27.577472+00:00,2026-04-25T04:16:09.913432+00:00,0.8784,lease_expired,4,6,0,3.514,0.878,2.789,0,fused-memory/src/fused_memory/config;fused-memory/src/fused_memory/server;fused-memory/tests/test_bulk_reset_guard.py;fused-memory/tests/test_config_schema.py
dark_factory,1032,medium,2026-04-25T04:17:26.171607+00:00,2026-04-25T05:10:09.135362+00:00,0.8786,lease_expired,4,6,0,3.514,0.879,1.889,0,fused-memory/src/fused_memory/config;fused-memory/src/fused_memory/server;fused-memory/tests/test_bulk_reset_guard.py;fused-memory/tests/test_config_schema.py
dark_factory,1032,medium,2026-04-25T05:11:25.413056+00:00,2026-04-25T06:04:08.796290+00:00,0.8787,lease_expired,4,6,0,3.515,0.879,0.989,0,fused-memory/src/fused_memory/config;fused-memory/src/fused_memory/server;fused-memory/tests/test_bulk_reset_guard.py;fused-memory/tests/test_config_schema.py
dark_factory,1032,medium,2026-04-25T06:05:25.212117+00:00,2026-04-25T06:49:17.566866+00:00,0.7312,used,4,6,0,2.925,0.731,0.237,0,fused-memory/src/fused_memory/config;fused-memory/src/fused_memory/server;fused-memory/tests/test_bulk_reset_guard.py;fused-memory/tests/test_config_schema.py
dark_factory,1055,medium,2026-04-25T07:27:27.156327+00:00,2026-04-25T07:35:41.878714+00:00,0.1374,used,2,6,0,0.275,0.137,0.159,0,fused-memory/src/fused_memory/reconciliation;fused-memory/tests/test_harness.py
dark_factory,1067,medium,2026-04-25T09:01:36.643489+00:00,2026-04-25T09:15:22.078693+00:00,0.2293,used,1,6,0,0.229,0.000,0.057,0,fused-memory/src/fused_memory/reconciliation
dark_factory,1064,medium,2026-04-25T10:03:17.244069+00:00,2026-04-25T10:09:07.321103+00:00,0.0972,used,2,6,0,0.194,0.194,0.218,0,orchestrator/tests/conftest.py;orchestrator/tests/test_conftest_helpers.py
dark_factory,1083,medium,2026-04-26T11:54:28.022652+00:00,2026-04-26T11:58:32.935703+00:00,0.0680,era_death,2,6,0,0.136,0.068,0.050,0,fused-memory/src/fused_memory/routing;fused-memory/tests/test_stages.py
dark_factory,1083,medium,2026-04-26T12:01:35.069128+00:00,2026-04-26T12:32:09.260319+00:00,0.5095,lease_expired,2,6,0,1.019,0.509,0.367,0,fused-memory/src/fused_memory/routing;fused-memory/tests/test_stages.py
dark_factory,1083,medium,2026-04-26T12:33:29.614529+00:00,2026-04-26T12:46:33.135029+00:00,0.2176,used,2,6,0,0.435,0.218,0.127,0,fused-memory/src/fused_memory/routing;fused-memory/tests/test_stages.py
dark_factory,1094,high,2026-04-26T12:50:59.574195+00:00,2026-04-26T12:53:22.520097+00:00,0.0397,used,3,2,0,0.119,0.119,0.552,0,fused-memory/src/fused_memory/middleware;fused-memory/tests/test_dark_factory_path_guard.py;fused-memory/tests/test_task_interceptor.py
dark_factory,1086,medium,2026-04-26T12:47:49.774721+00:00,2026-04-26T12:54:09.542937+00:00,0.1055,used,2,6,0,0.211,0.106,0.825,0,fused-memory/src/fused_memory/reconciliation;fused-memory/tests/test_stages.py
dark_factory,1089,medium,2026-04-26T12:55:25.947625+00:00,2026-04-26T13:28:21.524324+00:00,0.5488,used,1,6,0,0.549,0.549,323.366,0,orchestrator/tests/test_workflow_e2e.py
dark_factory,1098,medium,2026-04-26T13:29:26.487769+00:00,2026-04-26T13:43:39.809594+00:00,0.2370,used,2,6,0,0.474,0.237,0.426,0,fused-memory/src/fused_memory/reconciliation;fused-memory/tests/reconciliation/test_stage2_set_task_status_shapes.py
dark_factory,1100,medium,2026-04-26T13:44:56.474127+00:00,2026-04-26T13:49:01.962710+00:00,0.0682,used,2,6,0,0.136,0.001,0.578,0,fused-memory/src/fused_memory/middleware;fused-memory/tests/test_task_interceptor.py
dark_factory,1097,medium,2026-04-26T14:00:25.171291+00:00,2026-04-26T14:09:12.666058+00:00,0.1465,used,3,50,0,0.440,0.293,0.840,0,fused-memory/src/fused_memory/reconciliation;fused-memory/tests/test_flag_dedup.py;fused-memory/tests/test_stages.py
dark_factory,1120,medium,2026-04-26T14:59:29.197849+00:00,2026-04-26T14:59:35.899573+00:00,0.0019,used,2,6,0,0.004,0.002,0.167,0,fused-memory/src/fused_memory/reconciliation;fused-memory/tests/test_harness.py
dark_factory,1121,medium,2026-04-26T15:04:26.660745+00:00,2026-04-26T15:09:36.038802+00:00,0.0859,used,2,6,0,0.172,0.086,0.272,0,fused-memory/src/fused_memory/reconciliation;fused-memory/tests/test_flag_dedup.py
dark_factory,1120,medium,2026-04-26T15:11:24.506356+00:00,2026-04-26T15:25:55.574530+00:00,0.2420,used,4,6,0,0.968,0.242,0.521,0,fused-memory/src/fused_memory/reconciliation;fused-memory/tests/test_flag_dedup.py;fused-memory/tests/test_harness.py;fused-memory/tests/test_mem0_dedup.py
dark_factory,1122,medium,2026-04-26T15:26:26.788668+00:00,2026-04-26T15:57:10.041954+00:00,0.5120,used,2,6,0,1.024,0.000,0.154,0,fused-memory/tests/test_flag_dedup.py;fused-memory/tests/test_harness.py
dark_factory,1143,critical,2026-05-09T06:40:14.253470+00:00,2026-05-09T07:10:48.762531+00:00,0.5096,lease_expired,2,1,0,1.019,0.510,2.666,0,fused-memory/src/fused_memory/reconciliation;fused-memory/tests/reconciliation/test_harness.py
dark_factory,1143,critical,2026-05-09T07:10:50.804072+00:00,2026-05-09T08:08:10.385477+00:00,0.9554,used,2,1,0,1.911,0.956,1.710,0,fused-memory/src/fused_memory/reconciliation;fused-memory/tests/reconciliation/test_harness.py
dark_factory,1145,critical,2026-05-09T08:08:11.121590+00:00,2026-05-09T09:08:18.853073+00:00,1.0021,lease_expired,2,1,0,2.004,1.002,1.640,0,fused-memory/src/fused_memory/reconciliation;fused-memory/tests/reconciliation/test_stage1.py
dark_factory,1145,critical,2026-05-09T09:08:19.230685+00:00,2026-05-09T09:50:47.888930+00:00,0.7080,used,2,1,0,1.416,0.708,0.932,0,fused-memory/src/fused_memory/reconciliation;fused-memory/tests/reconciliation/test_stage1.py
dark_factory,1146,critical,2026-05-09T09:50:48.046274+00:00,2026-05-09T10:46:42.700757+00:00,0.9318,used,3,1,0,2.796,1.635,0.537,0,fused-memory/src/fused_memory/reconciliation;fused-memory/tests/reconciliation/test_flag_dedup.py;fused-memory/tests/reconciliation/test_stage1.py
dark_factory,1148,critical,2026-05-09T10:46:43.857913+00:00,2026-05-09T11:18:57.526991+00:00,0.5371,used,2,1,0,1.074,0.537,0.313,0,fused-memory/src/fused_memory/reconciliation;fused-memory/tests/reconciliation/test_stage2.py
dark_factory,1154,critical,2026-05-09T11:18:57.688003+00:00,2026-05-09T11:37:43.547808+00:00,0.3127,used,2,1,0,0.625,0.237,0.498,0,fused-memory/src/fused_memory/reconciliation;fused-memory/tests/reconciliation/test_stage2.py
dark_factory,1150,high,2026-05-09T11:38:03.673881+00:00,2026-05-09T12:07:37.608642+00:00,0.4928,used,2,2,0,0.986,0.493,1.239,0,fused-memory/src/fused_memory/reconciliation;fused-memory/tests/reconciliation/test_stage1.py
dark_factory,1144,high,2026-05-09T12:07:53.135677+00:00,2026-05-09T13:08:04.927718+00:00,1.0033,lease_expired,2,2,0,2.007,0.061,0.661,0,fused-memory/src/fused_memory/reconciliation;fused-memory/tests/reconciliation/test_stage1.py
dark_factory,1144,high,2026-05-09T13:08:22.446530+00:00,2026-05-09T13:21:56.433629+00:00,0.2261,used,2,2,0,0.452,0.226,0.430,0,fused-memory/src/fused_memory/reconciliation;fused-memory/tests/reconciliation/test_stage1.py
dark_factory,1137,high,2026-05-09T13:31:30.363201+00:00,2026-05-09T13:47:45.609484+00:00,0.2709,used,2,2,0,0.542,0.271,3.362,0,fused-memory/src/fused_memory/reconciliation;fused-memory/tests/reconciliation/test_stage2.py
dark_factory,1174,high,2026-05-09T13:48:32.864348+00:00,2026-05-09T13:49:53.936894+00:00,0.0225,used,2,2,0,0.045,0.023,4.390,0,fused-memory/src/fused_memory/reconciliation;fused-memory/tests/reconciliation/test_stage1.py
dark_factory,1136,medium,2026-05-09T13:23:15.383139+00:00,2026-05-09T14:23:25.392231+00:00,1.0028,lease_expired,3,6,0,3.008,2.006,2.767,171,fused-memory/src/fused_memory/reconciliation;fused-memory/src/fused_memory/task_interceptor.py;fused-memory/tests/reconciliation/test_targeted_reconciler.py
dark_factory,1174,high,2026-05-09T13:56:12.166344+00:00,2026-05-09T14:56:13.096531+00:00,1.0003,lease_expired,3,2,0,3.001,2.001,3.285,0,fused-memory/src/fused_memory/reconciliation;fused-memory/tests/reconciliation/__init__.py;fused-memory/tests/reconciliation/test_stage1.py
dark_factory,1174,high,2026-05-09T14:56:28.432961+00:00,2026-05-09T15:56:29.920375+00:00,1.0004,lease_expired,3,2,0,3.001,2.001,2.280,0,fused-memory/src/fused_memory/reconciliation;fused-memory/tests/reconciliation/__init__.py;fused-memory/tests/reconciliation/test_stage1.py
dark_factory,1174,high,2026-05-09T15:56:45.182334+00:00,2026-05-09T16:56:45.282051+00:00,1.0000,lease_expired,3,2,0,3.000,2.000,1.276,0,fused-memory/src/fused_memory/reconciliation;fused-memory/tests/reconciliation/__init__.py;fused-memory/tests/reconciliation/test_stage1.py
dark_factory,1174,high,2026-05-09T16:57:00.594544+00:00,2026-05-09T17:09:27.343320+00:00,0.2074,used,3,2,0,0.622,0.415,1.064,0,fused-memory/src/fused_memory/reconciliation;fused-memory/tests/reconciliation/__init__.py;fused-memory/tests/reconciliation/test_stage1.py
dark_factory,1176,high,2026-05-09T17:09:43.281486+00:00,2026-05-09T17:11:37.288061+00:00,0.0317,used,2,2,0,0.063,0.032,0.000,0,fused-memory/src/fused_memory/reconciliation;fused-memory/tests/test_stages.py
dark_factory,1136,medium,2026-05-09T17:12:40.835480+00:00,2026-05-09T18:12:47.342049+00:00,1.0018,lease_expired,3,6,0,3.005,2.004,0.008,208,fused-memory/src/fused_memory/reconciliation;fused-memory/src/fused_memory/task_interceptor.py;fused-memory/tests/reconciliation/test_targeted_reconciler.py
dark_factory,1176,high,2026-05-09T17:18:19.220393+00:00,2026-05-09T18:13:17.368373+00:00,0.9162,used,2,2,0,1.832,0.699,0.420,0,fused-memory/src/fused_memory/reconciliation;fused-memory/tests/test_stages.py
dark_factory,1136,medium,2026-05-09T18:14:41.271629+00:00,2026-05-09T18:38:28.999373+00:00,0.3966,used,3,6,0,1.190,0.793,0.605,0,fused-memory/src/fused_memory/reconciliation;fused-memory/src/fused_memory/task_interceptor.py;fused-memory/tests/reconciliation/test_targeted_reconciler.py
dark_factory,1165,medium,2026-05-09T18:39:36.989783+00:00,2026-05-09T19:14:48.572615+00:00,0.5866,used,2,6,0,1.173,0.587,2.903,0,fused-memory/src/fused_memory/reconciliation;fused-memory/tests/test_flag_dedup.py
dark_factory,1167,medium,2026-05-09T19:16:09.836858+00:00,2026-05-09T20:16:11.400615+00:00,1.0004,lease_expired,1,6,0,1.000,0.000,2.076,0,fused-memory/src/fused_memory/reconciliation
dark_factory,1167,medium,2026-05-09T20:17:27.480617+00:00,2026-05-09T21:17:32.464902+00:00,1.0014,lease_expired,1,6,0,1.001,0.000,1.054,0,fused-memory/src/fused_memory/reconciliation
dark_factory,1167,medium,2026-05-09T21:18:48.835072+00:00,2026-05-09T22:08:59.274639+00:00,0.8362,used,1,6,0,0.836,0.000,0.197,0,fused-memory/src/fused_memory/reconciliation
dark_factory,1169,medium,2026-05-09T22:10:25.942917+00:00,2026-05-09T22:20:46.732108+00:00,0.1724,used,2,6,0,0.345,0.173,0.338,0,fused-memory/src/fused_memory/reconciliation;fused-memory/tests/test_flag_dedup.py
dark_factory,1185,high,2026-05-09T22:41:07.721200+00:00,2026-05-09T22:46:00.900044+00:00,0.0814,used,1,2,0,0.081,0.000,0.307,0,fused-memory/src/fused_memory/reconciliation
dark_factory,1175,medium,2026-05-09T22:22:07.031377+00:00,2026-05-09T22:48:07.727306+00:00,0.4335,silent_owner_dispatch_then_release,2,6,1,0.867,0.001,0.272,28,fused-memory/src/fused_memory/reconciliation;fused-memory/tests
dark_factory,1186,high,2026-05-09T22:46:19.658830+00:00,2026-05-09T23:04:26.923273+00:00,0.3020,used,2,2,0,0.604,0.273,0.423,0,fused-memory/src/fused_memory/reconciliation;fused-memory/tests/test_flag_dedup.py
dark_factory,1185,high,2026-05-09T23:04:45.726837+00:00,2026-05-09T23:29:50.243919+00:00,0.4179,used,2,2,0,0.836,0.000,0.422,0,fused-memory/src/fused_memory/reconciliation;fused-memory/tests/test_flag_dedup.py
dark_factory,1179,medium,2026-05-09T23:31:13.371801+00:00,2026-05-09T23:55:08.759611+00:00,0.3987,used,1,6,0,0.399,0.000,0.156,0,fused-memory/src/fused_memory/reconciliation
dark_factory,1187,medium,2026-05-09T23:56:27.201525+00:00,2026-05-10T00:04:28.654404+00:00,0.1337,used,1,6,0,0.134,0.000,0.110,0,fused-memory/src/fused_memory/reconciliation
dark_factory,1188,medium,2026-05-10T00:05:57.778336+00:00,2026-05-10T00:11:03.892566+00:00,0.0850,used,2,6,0,0.170,0.085,0.655,0,fused-memory/src/fused_memory/reconciliation;fused-memory/tests/test_flag_dedup.py
dark_factory,1187,medium,2026-05-10T00:12:58.361749+00:00,2026-05-10T00:50:20.437621+00:00,0.6228,used,2,6,0,1.246,0.376,2.561,0,fused-memory/src/fused_memory/reconciliation;fused-memory/tests/test_flag_dedup.py
dark_factory,1189,medium,2026-05-10T00:50:52.657267+00:00,2026-05-10T01:50:55.741142+00:00,1.0009,lease_expired,2,6,0,2.002,1.001,2.065,0,fused-memory/src/fused_memory/backends;fused-memory/src/fused_memory/reconciliation
dark_factory,1189,medium,2026-05-10T01:52:11.999192+00:00,2026-05-10T02:52:14.305897+00:00,1.0006,lease_expired,2,6,0,2.001,1.001,1.043,0,fused-memory/src/fused_memory/backends;fused-memory/src/fused_memory/reconciliation
dark_factory,1189,medium,2026-05-10T02:53:30.479538+00:00,2026-05-10T03:23:59.696677+00:00,0.5081,used,2,6,0,1.016,0.508,0.514,0,fused-memory/src/fused_memory/backends;fused-memory/src/fused_memory/reconciliation
dark_factory,1192,high,2026-05-10T03:31:51.423758+00:00,2026-05-10T03:54:48.292970+00:00,0.3825,used,2,2,0,0.765,0.383,4.964,0,fused-memory/src/fused_memory/reconciliation;fused-memory/tests/test_stages.py
dark_factory,1199,medium,2026-05-10T08:42:24.352008+00:00,2026-05-10T08:52:38.578793+00:00,0.1706,used,2,6,0,0.341,0.001,0.215,0,fused-memory/src/fused_memory/reconciliation;fused-memory/tests/test_stages.py
dark_factory,1201,medium,2026-05-10T13:32:41.806157+00:00,2026-05-10T13:46:14.210724+00:00,0.2257,era_death,3,6,0,0.677,0.451,0.529,0,fused-memory/src/fused_memory/reconciliation;fused-memory/tests/reconciliation/test_stage1_stall_detector.py;fused-memory/tests/test_stages.py
dark_factory,1204,medium,2026-05-10T14:36:30.863584+00:00,2026-05-10T14:47:44.434336+00:00,0.1871,used,2,6,0,0.374,0.187,0.265,0,fused-memory/src/fused_memory/reconciliation;fused-memory/tests/reconciliation/test_stage1_stall_detector.py
dark_factory,1206,medium,2026-05-10T14:49:04.985030+00:00,2026-05-10T15:03:37.440420+00:00,0.2423,used,2,6,0,0.485,0.243,3.057,0,fused-memory/src/fused_memory/reconciliation;fused-memory/tests/test_stages.py
dark_factory,1224,medium,2026-05-12T00:02:29.988745+00:00,2026-05-12T00:06:33.008532+00:00,0.0675,used,4,6,0,0.270,0.203,34.527,0,fused-memory/src/fused_memory/reconciliation;fused-memory/tests/test_flag_dedup.py;fused-memory/tests/test_mem0_dedup.py;fused-memory/tests/test_stages.py
dark_factory,1225,medium,2026-05-12T00:07:53.909258+00:00,2026-05-12T00:23:38.326680+00:00,0.2623,lease_expired,6,6,0,1.574,1.049,37.263,0,fused-memory/src/fused_memory/reconciliation;fused-memory/src/fused_memory/routing;fused-memory/src/fused_memory/services;fused-memory/tests/test_durable_queue.py;fused-memory/tests/test_e2e_durable_queue.py;fused-memory/tests/test_stages.py
dark_factory,1226,high,2026-05-12T00:15:21.149069+00:00,2026-05-12T01:10:49.124918+00:00,0.9244,lease_expired,6,2,0,5.547,2.773,32.947,0,orchestrator/src/orchestrator/harness.py;orchestrator/src/orchestrator/scheduler.py;orchestrator/src/orchestrator/workflow.py;orchestrator/tests/test_reconcile_stranded.py;orchestrator/tests/test_scheduler.py;orchestrator/tests/test_workflow_branch_base_sha.py
dark_factory,1226,high,2026-05-12T01:11:05.762051+00:00,2026-05-12T02:11:08.295998+00:00,1.0007,lease_expired,6,2,0,6.004,3.002,31.942,0,orchestrator/src/orchestrator/harness.py;orchestrator/src/orchestrator/scheduler.py;orchestrator/src/orchestrator/workflow.py;orchestrator/tests/test_reconcile_stranded.py;orchestrator/tests/test_scheduler.py;orchestrator/tests/test_workflow_branch_base_sha.py
dark_factory,1226,high,2026-05-12T02:11:23.533132+00:00,2026-05-12T03:11:32.684414+00:00,1.0025,lease_expired,6,2,0,6.015,3.008,30.935,0,orchestrator/src/orchestrator/harness.py;orchestrator/src/orchestrator/scheduler.py;orchestrator/src/orchestrator/workflow.py;orchestrator/tests/test_reconcile_stranded.py;orchestrator/tests/test_scheduler.py;orchestrator/tests/test_workflow_branch_base_sha.py
dark_factory,1226,high,2026-05-12T03:11:47.913119+00:00,2026-05-12T04:11:56.790013+00:00,1.0025,lease_expired,6,2,0,6.015,3.007,29.928,0,orchestrator/src/orchestrator/harness.py;orchestrator/src/orchestrator/scheduler.py;orchestrator/src/orchestrator/workflow.py;orchestrator/tests/test_reconcile_stranded.py;orchestrator/tests/test_scheduler.py;orchestrator/tests/test_workflow_branch_base_sha.py
dark_factory,1226,high,2026-05-12T04:12:12.043860+00:00,2026-05-12T05:12:20.393008+00:00,1.0023,lease_expired,6,2,0,6.014,3.007,28.922,0,orchestrator/src/orchestrator/harness.py;orchestrator/src/orchestrator/scheduler.py;orchestrator/src/orchestrator/workflow.py;orchestrator/tests/test_reconcile_stranded.py;orchestrator/tests/test_scheduler.py;orchestrator/tests/test_workflow_branch_base_sha.py
dark_factory,1226,high,2026-05-12T05:12:35.645781+00:00,2026-05-12T06:12:48.173502+00:00,1.0035,lease_expired,6,2,0,6.021,3.010,27.914,0,orchestrator/src/orchestrator/harness.py;orchestrator/src/orchestrator/scheduler.py;orchestrator/src/orchestrator/workflow.py;orchestrator/tests/test_reconcile_stranded.py;orchestrator/tests/test_scheduler.py;orchestrator/tests/test_workflow_branch_base_sha.py
dark_factory,1226,high,2026-05-12T06:13:03.550653+00:00,2026-05-12T07:13:13.814191+00:00,1.0029,lease_expired,6,2,0,6.017,3.009,26.907,0,orchestrator/src/orchestrator/harness.py;orchestrator/src/orchestrator/scheduler.py;orchestrator/src/orchestrator/workflow.py;orchestrator/tests/test_reconcile_stranded.py;orchestrator/tests/test_scheduler.py;orchestrator/tests/test_workflow_branch_base_sha.py
dark_factory,1226,high,2026-05-12T07:13:29.063394+00:00,2026-05-12T08:13:39.617139+00:00,1.0029,lease_expired,6,2,0,6.018,3.009,25.899,0,orchestrator/src/orchestrator/harness.py;orchestrator/src/orchestrator/scheduler.py;orchestrator/src/orchestrator/workflow.py;orchestrator/tests/test_reconcile_stranded.py;orchestrator/tests/test_scheduler.py;orchestrator/tests/test_workflow_branch_base_sha.py
dark_factory,1226,high,2026-05-12T08:13:54.883571+00:00,2026-05-12T09:14:06.037842+00:00,1.0031,lease_expired,6,2,0,6.019,3.009,24.892,0,orchestrator/src/orchestrator/harness.py;orchestrator/src/orchestrator/scheduler.py;orchestrator/src/orchestrator/workflow.py;orchestrator/tests/test_reconcile_stranded.py;orchestrator/tests/test_scheduler.py;orchestrator/tests/test_workflow_branch_base_sha.py
dark_factory,1226,high,2026-05-12T09:14:21.286060+00:00,2026-05-12T10:14:26.348939+00:00,1.0014,lease_expired,6,2,0,6.008,3.004,23.887,0,orchestrator/src/orchestrator/harness.py;orchestrator/src/orchestrator/scheduler.py;orchestrator/src/orchestrator/workflow.py;orchestrator/tests/test_reconcile_stranded.py;orchestrator/tests/test_scheduler.py;orchestrator/tests/test_workflow_branch_base_sha.py
dark_factory,1226,high,2026-05-12T10:14:41.821723+00:00,2026-05-12T11:14:52.474205+00:00,1.0030,lease_expired,6,2,0,6.018,3.009,22.879,0,orchestrator/src/orchestrator/harness.py;orchestrator/src/orchestrator/scheduler.py;orchestrator/src/orchestrator/workflow.py;orchestrator/tests/test_reconcile_stranded.py;orchestrator/tests/test_scheduler.py;orchestrator/tests/test_workflow_branch_base_sha.py
dark_factory,1226,high,2026-05-12T11:15:07.737474+00:00,2026-05-12T12:15:20.979247+00:00,1.0037,lease_expired,6,2,0,6.022,3.011,21.871,0,orchestrator/src/orchestrator/harness.py;orchestrator/src/orchestrator/scheduler.py;orchestrator/src/orchestrator/workflow.py;orchestrator/tests/test_reconcile_stranded.py;orchestrator/tests/test_scheduler.py;orchestrator/tests/test_workflow_branch_base_sha.py
dark_factory,1226,high,2026-05-12T12:15:36.225314+00:00,2026-05-12T13:15:38.883055+00:00,1.0007,lease_expired,6,2,0,6.004,3.002,20.866,0,orchestrator/src/orchestrator/harness.py;orchestrator/src/orchestrator/scheduler.py;orchestrator/src/orchestrator/workflow.py;orchestrator/tests/test_reconcile_stranded.py;orchestrator/tests/test_scheduler.py;orchestrator/tests/test_workflow_branch_base_sha.py
dark_factory,1226,high,2026-05-12T13:15:54.262289+00:00,2026-05-12T14:16:03.532068+00:00,1.0026,lease_expired,6,2,0,6.015,3.008,19.860,0,orchestrator/src/orchestrator/harness.py;orchestrator/src/orchestrator/scheduler.py;orchestrator/src/orchestrator/workflow.py;orchestrator/tests/test_reconcile_stranded.py;orchestrator/tests/test_scheduler.py;orchestrator/tests/test_workflow_branch_base_sha.py
dark_factory,1226,high,2026-05-12T14:16:19.159881+00:00,2026-05-12T15:16:29.373559+00:00,1.0028,lease_expired,6,2,0,6.017,3.009,18.852,0,orchestrator/src/orchestrator/harness.py;orchestrator/src/orchestrator/scheduler.py;orchestrator/src/orchestrator/workflow.py;orchestrator/tests/test_reconcile_stranded.py;orchestrator/tests/test_scheduler.py;orchestrator/tests/test_workflow_branch_base_sha.py
dark_factory,1226,high,2026-05-12T15:16:44.618122+00:00,2026-05-12T16:16:56.803475+00:00,1.0034,lease_expired,6,2,0,6.020,3.010,17.845,0,orchestrator/src/orchestrator/harness.py;orchestrator/src/orchestrator/scheduler.py;orchestrator/src/orchestrator/workflow.py;orchestrator/tests/test_reconcile_stranded.py;orchestrator/tests/test_scheduler.py;orchestrator/tests/test_workflow_branch_base_sha.py
dark_factory,1226,high,2026-05-12T16:17:12.046749+00:00,2026-05-12T17:17:25.590831+00:00,1.0038,lease_expired,6,2,0,6.023,3.011,16.837,0,orchestrator/src/orchestrator/harness.py;orchestrator/src/orchestrator/scheduler.py;orchestrator/src/orchestrator/workflow.py;orchestrator/tests/test_reconcile_stranded.py;orchestrator/tests/test_scheduler.py;orchestrator/tests/test_workflow_branch_base_sha.py
dark_factory,1226,high,2026-05-12T17:17:40.856706+00:00,2026-05-12T18:17:53.230440+00:00,1.0034,lease_expired,6,2,0,6.021,3.010,15.829,0,orchestrator/src/orchestrator/harness.py;orchestrator/src/orchestrator/scheduler.py;orchestrator/src/orchestrator/workflow.py;orchestrator/tests/test_reconcile_stranded.py;orchestrator/tests/test_scheduler.py;orchestrator/tests/test_workflow_branch_base_sha.py
dark_factory,1226,high,2026-05-12T18:18:08.670284+00:00,2026-05-12T19:18:18.959141+00:00,1.0029,lease_expired,6,2,0,6.017,3.009,14.822,0,orchestrator/src/orchestrator/harness.py;orchestrator/src/orchestrator/scheduler.py;orchestrator/src/orchestrator/workflow.py;orchestrator/tests/test_reconcile_stranded.py;orchestrator/tests/test_scheduler.py;orchestrator/tests/test_workflow_branch_base_sha.py
dark_factory,1226,high,2026-05-12T19:18:34.294028+00:00,2026-05-12T20:18:48.962548+00:00,1.0041,lease_expired,6,2,0,6.024,3.012,13.814,0,orchestrator/src/orchestrator/harness.py;orchestrator/src/orchestrator/scheduler.py;orchestrator/src/orchestrator/workflow.py;orchestrator/tests/test_reconcile_stranded.py;orchestrator/tests/test_scheduler.py;orchestrator/tests/test_workflow_branch_base_sha.py
dark_factory,1226,high,2026-05-12T20:19:04.405524+00:00,2026-05-12T21:19:15.263630+00:00,1.0030,lease_expired,6,2,0,6.018,3.009,12.806,0,orchestrator/src/orchestrator/harness.py;orchestrator/src/orchestrator/scheduler.py;orchestrator/src/orchestrator/workflow.py;orchestrator/tests/test_reconcile_stranded.py;orchestrator/tests/test_scheduler.py;orchestrator/tests/test_workflow_branch_base_sha.py
dark_factory,1226,high,2026-05-12T21:19:30.635236+00:00,2026-05-12T22:19:44.462396+00:00,1.0038,lease_expired,6,2,0,6.023,3.012,11.798,0,orchestrator/src/orchestrator/harness.py;orchestrator/src/orchestrator/scheduler.py;orchestrator/src/orchestrator/workflow.py;orchestrator/tests/test_reconcile_stranded.py;orchestrator/tests/test_scheduler.py;orchestrator/tests/test_workflow_branch_base_sha.py
dark_factory,1226,high,2026-05-12T22:19:59.887288+00:00,2026-05-12T23:20:10.457413+00:00,1.0029,lease_expired,6,2,0,6.018,3.009,10.791,0,orchestrator/src/orchestrator/harness.py;orchestrator/src/orchestrator/scheduler.py;orchestrator/src/orchestrator/workflow.py;orchestrator/tests/test_reconcile_stranded.py;orchestrator/tests/test_scheduler.py;orchestrator/tests/test_workflow_branch_base_sha.py
dark_factory,1226,high,2026-05-12T23:20:25.708540+00:00,2026-05-13T00:20:35.726050+00:00,1.0028,lease_expired,6,2,0,6.017,3.008,9.784,0,orchestrator/src/orchestrator/harness.py;orchestrator/src/orchestrator/scheduler.py;orchestrator/src/orchestrator/workflow.py;orchestrator/tests/test_reconcile_stranded.py;orchestrator/tests/test_scheduler.py;orchestrator/tests/test_workflow_branch_base_sha.py
dark_factory,1226,high,2026-05-13T00:20:50.987409+00:00,2026-05-13T01:21:01.750266+00:00,1.0030,lease_expired,6,2,0,6.018,3.009,8.777,0,orchestrator/src/orchestrator/harness.py;orchestrator/src/orchestrator/scheduler.py;orchestrator/src/orchestrator/workflow.py;orchestrator/tests/test_reconcile_stranded.py;orchestrator/tests/test_scheduler.py;orchestrator/tests/test_workflow_branch_base_sha.py
dark_factory,1226,high,2026-05-13T01:21:17.000271+00:00,2026-05-13T02:21:25.072823+00:00,1.0022,lease_expired,6,2,0,6.013,3.007,7.770,0,orchestrator/src/orchestrator/harness.py;orchestrator/src/orchestrator/scheduler.py;orchestrator/src/orchestrator/workflow.py;orchestrator/tests/test_reconcile_stranded.py;orchestrator/tests/test_scheduler.py;orchestrator/tests/test_workflow_branch_base_sha.py
dark_factory,1226,high,2026-05-13T02:21:40.522113+00:00,2026-05-13T03:21:50.459385+00:00,1.0028,lease_expired,6,2,0,6.017,3.008,6.763,0,orchestrator/src/orchestrator/harness.py;orchestrator/src/orchestrator/scheduler.py;orchestrator/src/orchestrator/workflow.py;orchestrator/tests/test_reconcile_stranded.py;orchestrator/tests/test_scheduler.py;orchestrator/tests/test_workflow_branch_base_sha.py
dark_factory,1226,high,2026-05-13T03:22:05.704211+00:00,2026-05-13T04:22:15.226003+00:00,1.0026,lease_expired,6,2,0,6.016,3.008,5.756,0,orchestrator/src/orchestrator/harness.py;orchestrator/src/orchestrator/scheduler.py;orchestrator/src/orchestrator/workflow.py;orchestrator/tests/test_reconcile_stranded.py;orchestrator/tests/test_scheduler.py;orchestrator/tests/test_workflow_branch_base_sha.py
dark_factory,1226,high,2026-05-13T04:22:30.567741+00:00,2026-05-13T05:22:41.687675+00:00,1.0031,lease_expired,6,2,0,6.019,3.009,4.749,0,orchestrator/src/orchestrator/harness.py;orchestrator/src/orchestrator/scheduler.py;orchestrator/src/orchestrator/workflow.py;orchestrator/tests/test_reconcile_stranded.py;orchestrator/tests/test_scheduler.py;orchestrator/tests/test_workflow_branch_base_sha.py
dark_factory,1226,high,2026-05-13T05:22:56.927903+00:00,2026-05-13T05:43:15.636284+00:00,0.3385,used,6,2,0,2.031,1.016,4.406,0,orchestrator/src/orchestrator/harness.py;orchestrator/src/orchestrator/scheduler.py;orchestrator/src/orchestrator/workflow.py;orchestrator/tests/test_reconcile_stranded.py;orchestrator/tests/test_scheduler.py;orchestrator/tests/test_workflow_branch_base_sha.py
dark_factory,1225,medium,2026-05-13T05:44:31.651780+00:00,2026-05-13T06:44:39.133499+00:00,1.0021,lease_expired,6,6,0,6.012,4.008,6.913,0,fused-memory/src/fused_memory/reconciliation;fused-memory/src/fused_memory/routing;fused-memory/src/fused_memory/services;fused-memory/tests/test_durable_queue.py;fused-memory/tests/test_e2e_durable_queue.py;fused-memory/tests/test_stages.py
dark_factory,1225,medium,2026-05-13T06:45:55.516174+00:00,2026-05-13T07:46:04.867690+00:00,1.0026,lease_expired,6,6,0,6.016,4.010,5.889,0,fused-memory/src/fused_memory/reconciliation;fused-memory/src/fused_memory/routing;fused-memory/src/fused_memory/services;fused-memory/tests/test_durable_queue.py;fused-memory/tests/test_e2e_durable_queue.py;fused-memory/tests/test_stages.py
dark_factory,1225,medium,2026-05-13T07:47:20.627143+00:00,2026-05-13T08:47:29.279299+00:00,1.0024,lease_expired,6,6,0,6.014,4.010,4.866,0,fused-memory/src/fused_memory/reconciliation;fused-memory/src/fused_memory/routing;fused-memory/src/fused_memory/services;fused-memory/tests/test_durable_queue.py;fused-memory/tests/test_e2e_durable_queue.py;fused-memory/tests/test_stages.py
dark_factory,1225,medium,2026-05-13T08:48:44.978157+00:00,2026-05-13T09:48:53.184857+00:00,1.0023,lease_expired,6,6,0,6.014,4.009,3.842,0,fused-memory/src/fused_memory/reconciliation;fused-memory/src/fused_memory/routing;fused-memory/src/fused_memory/services;fused-memory/tests/test_durable_queue.py;fused-memory/tests/test_e2e_durable_queue.py;fused-memory/tests/test_stages.py
dark_factory,1229,high,2026-05-13T09:27:24.508406+00:00,2026-05-13T10:07:37.803039+00:00,0.6704,used,7,2,0,4.693,4.022,0.089,0,fused-memory/src/fused_memory/mcp_tools;fused-memory/src/fused_memory/server.py;fused-memory/tests/test_scheduler_overrides_tools.py;orchestrator/src/orchestrator/config.py;orchestrator/src/orchestrator/overrides.py;orchestrator/src/orchestrator/scheduler.py;orchestrator/tests/test_overrides.py
dark_factory,1226,high,2026-05-13T10:08:16.135249+00:00,2026-05-13T10:12:56.522617+00:00,0.0779,used,6,2,0,0.467,0.390,2.811,0,orchestrator/src/orchestrator/harness.py;orchestrator/src/orchestrator/scheduler.py;orchestrator/src/orchestrator/workflow.py;orchestrator/tests/test_reconcile_stranded.py;orchestrator/tests/test_scheduler.py;orchestrator/tests/test_workflow_branch_base_sha.py
dark_factory,1225,medium,2026-05-13T10:07:59.006002+00:00,2026-05-13T10:38:08.908368+00:00,0.5028,used,6,6,0,3.017,2.012,3.021,0,fused-memory/src/fused_memory/reconciliation;fused-memory/src/fused_memory/routing;fused-memory/src/fused_memory/services;fused-memory/tests/test_durable_queue.py;fused-memory/tests/test_e2e_durable_queue.py;fused-memory/tests/test_stages.py
dark_factory,1247,medium,2026-05-13T10:39:26.437665+00:00,2026-05-13T11:39:36.235819+00:00,1.0027,lease_expired,2,6,0,2.005,2.005,1.367,0,fused-memory/src/fused_memory/server;fused-memory/tests/test_main_curator_usage_gate.py
dark_factory,1247,medium,2026-05-13T11:40:52.584149+00:00,2026-05-13T11:49:00.487703+00:00,0.1355,era_death,2,6,0,0.271,0.271,1.210,0,fused-memory/src/fused_memory/server;fused-memory/tests/test_main_curator_usage_gate.py
dark_factory,1226,high,2026-05-13T13:13:47.848422+00:00,2026-05-13T13:19:54.469596+00:00,0.1018,used,7,1,0,0.713,0.204,2.879,0,orchestrator/src/orchestrator/git_ops.py;orchestrator/src/orchestrator/harness.py;orchestrator/src/orchestrator/scheduler.py;orchestrator/src/orchestrator/workflow.py;orchestrator/tests/test_reconcile_stranded.py;orchestrator/tests/test_scheduler.py;orchestrator/tests/test_workflow_branch_base_sha.py
dark_factory,1247,medium,2026-05-13T13:01:37.268494+00:00,2026-05-13T13:19:54.771400+00:00,0.3049,used,2,2,0,0.610,0.305,2.668,0,fused-memory/src/fused_memory/server;fused-memory/tests/test_main_curator_usage_gate.py
dark_factory,1246,medium,2026-05-13T13:19:55.963954+00:00,2026-05-13T13:35:16.170579+00:00,0.2556,evicted,3,2,0,0.767,0.511,2.623,1,fused-memory/src/fused_memory/middleware;fused-memory/src/fused_memory/server;fused-memory/tests/test_task_interceptor.py
dark_factory,1229,high,2026-05-13T13:35:16.169622+00:00,2026-05-13T16:12:38.770904+00:00,2.6229,used,4,1,0,10.492,1.291,2.065,0,fused-memory/src/fused_memory/backends;fused-memory/src/fused_memory/server;orchestrator/src/orchestrator/scheduler.py;orchestrator/tests/test_scheduler.py
dark_factory,1243,medium,2026-05-13T18:16:34.345277+00:00,2026-05-13T18:17:05.142800+00:00,0.0086,evicted,3,2,0,0.026,0.000,0.647,1,fused-memory/src/fused_memory/middleware;fused-memory/src/fused_memory/server;fused-memory/tests/test_task_interceptor.py
dark_factory,1229,high,2026-05-13T18:17:05.141260+00:00,2026-05-13T18:55:53.243634+00:00,0.6467,used,4,1,0,2.587,1.792,15.914,0,fused-memory/src/fused_memory/backends;fused-memory/src/fused_memory/server;orchestrator/src/orchestrator/scheduler.py;orchestrator/tests/test_scheduler.py
dark_factory,1251,medium,2026-05-14T10:50:45.178798+00:00,2026-05-14T11:55:13.800482+00:00,1.0746,silent_owner_dispatch_then_release,2,2,1,2.149,0.741,0.000,88,dashboard/src/dashboard/app.py;dashboard/tests/test_api_curator_cancel.py
dark_factory,1250,medium,2026-05-14T11:35:11.975031+00:00,2026-05-14T11:55:13.945061+00:00,0.3339,used,2,2,0,0.668,0.388,0.490,0,dashboard/src/dashboard/data;dashboard/tests/test_api_curator.py
dark_factory,1259,high,2026-05-14T11:57:55.464557+00:00,2026-05-14T12:08:50.737438+00:00,0.1820,used,2,1,0,0.364,0.182,0.880,0,fused-memory/src/fused_memory/server;fused-memory/tests/test_scheduler_overrides_tools.py
dark_factory,1272,medium,2026-05-14T12:09:06.198269+00:00,2026-05-14T12:10:52.340297+00:00,0.0295,evicted,3,2,0,0.088,0.029,0.847,1,fused-memory/src/fused_memory/middleware;fused-memory/src/fused_memory/server;fused-memory/tests/test_task_interceptor.py
dark_factory,1230,high,2026-05-14T12:10:52.339557+00:00,2026-05-14T13:01:39.844706+00:00,0.8465,used,6,1,0,5.079,2.320,1.275,0,fused-memory/src/fused_memory/mcp_tools;fused-memory/src/fused_memory/server;fused-memory/tests/test_scheduler_state_tools.py;orchestrator/src/orchestrator/event_store.py;orchestrator/src/orchestrator/scheduler.py;orchestrator/tests/test_scheduler_state.py
dark_factory,1280,medium,2026-05-14T11:55:29.444711+00:00,2026-05-14T14:18:10.906556+00:00,2.3782,reinstall_anomaly,2,2,1,4.756,0.105,0.566,0,dashboard/src/dashboard/data;dashboard/tests/test_metrics_curator.py
dark_factory,1230,high,2026-05-14T14:23:46.732905+00:00,2026-05-14T14:40:27.021832+00:00,0.2779,used,6,1,0,1.667,1.309,3.312,0,fused-memory/src/fused_memory/mcp_tools;fused-memory/src/fused_memory/server;fused-memory/tests/test_scheduler_state_tools.py;orchestrator/src/orchestrator/event_store.py;orchestrator/src/orchestrator/scheduler.py;orchestrator/tests/test_scheduler_state.py
dark_factory,1280,medium,2026-05-14T14:18:10.906556+00:00,2026-05-14T14:52:08.534749+00:00,0.5660,silent_owner_dispatch_then_release,4,13,1,2.264,0.366,0.000,0,dashboard/src/dashboard/app.py;dashboard/src/dashboard/data;dashboard/tests/test_cap_history.py;dashboard/tests/test_metrics_curator.py
dark_factory,1290,low,2026-05-14T14:40:57.920259+00:00,2026-05-14T16:42:39.786685+00:00,2.0283,evicted,3,4,0,6.085,2.028,1.802,1,orchestrator/src/orchestrator/event_store.py;orchestrator/src/orchestrator/scheduler.py;orchestrator/tests/test_scheduler.py
dark_factory,1231,high,2026-05-14T17:57:02.653899+00:00,2026-05-14T18:02:05.541376+00:00,0.0841,used,4,1,0,0.337,0.253,3.683,0,dashboard/src/dashboard/app;dashboard/src/dashboard/data;dashboard/src/dashboard/server.py;dashboard/tests/test_scheduler_page.py
dark_factory,1322,high,2026-05-14T16:42:39.785929+00:00,2026-05-14T18:30:47.108150+00:00,1.8020,used,11,1,0,19.822,17.343,14.412,0,orchestrator/src/orchestrator/config.py;orchestrator/src/orchestrator/defaults.yaml;orchestrator/src/orchestrator/event_store.py;orchestrator/src/orchestrator/harness.py;orchestrator/src/orchestrator/run_store.py;orchestrator/src/orchestrator/scheduler.py;orchestrator/tests/test_config.py;orchestrator/tests/test_event_store.py;orchestrator/tests/test_harness_park_stop.py;orchestrator/tests/test_run_store.py;orchestrator/tests/test_scheduler.py
dark_factory,1324,medium,2026-05-14T16:39:22.528959+00:00,2026-05-14T18:56:38.426233+00:00,2.2877,silent_owner_dispatch_then_release,7,2,1,16.014,9.100,2.836,0,escalation/src/escalation/dedupe.py;escalation/src/escalation/models.py;escalation/src/escalation/queue.py;escalation/src/escalation/server.py;escalation/tests/test_dedupe.py;escalation/tests/test_queue.py;escalation/tests/test_server_dedupe.py
dark_factory,1231,high,2026-05-14T21:48:27.566292+00:00,2026-05-14T22:01:46.633330+00:00,0.2220,used,4,1,0,0.888,0.496,10.895,0,dashboard/src/dashboard/app.py;dashboard/src/dashboard/data;dashboard/src/dashboard/static;dashboard/tests/test_scheduler_page.py
dark_factory,1328,medium,2026-05-14T18:31:09.667234+00:00,2026-05-15T08:55:28.350683+00:00,14.4052,evicted,2,2,0,28.810,1.366,0.000,1,orchestrator/src/orchestrator/config.py;orchestrator/tests/test_config.py
dark_factory,1326,critical,2026-05-15T08:55:28.348424+00:00,2026-05-15T08:55:28.558746+00:00,0.0001,used,3,1,0,0.000,0.000,2.456,0,orchestrator/src/orchestrator/config.py;orchestrator/src/orchestrator/harness.py;skills/escalation-watcher-auto.md
dark_factory,1323,high,2026-05-15T08:55:28.778526+00:00,2026-05-15T11:22:49.506756+00:00,2.4558,used,4,1,0,9.823,4.913,0.126,0,orchestrator/src/orchestrator/config.py;orchestrator/src/orchestrator/harness.py;orchestrator/src/orchestrator/scheduler.py;orchestrator/tests/test_harness_park_stop.py
dark_factory,1366,high,2026-05-15T11:22:52.669883+00:00,2026-05-15T14:52:26.629919+00:00,3.4928,used,3,1,0,10.478,6.223,2.588,0,escalation/src/escalation/server.py;orchestrator/src/orchestrator/harness.py;orchestrator/src/orchestrator/workflow.py
dark_factory,1367,high,2026-05-15T14:52:26.843995+00:00,2026-05-15T17:27:42.855387+00:00,2.5878,used,2,1,0,5.176,2.588,1.166,0,orchestrator/src/orchestrator/review_suggestions;orchestrator/src/orchestrator/workflow.py
dark_factory,1388,high,2026-05-15T17:27:43.230306+00:00,2026-05-15T18:57:30.520347+00:00,1.4965,used,2,1,0,2.993,1.497,0.951,0,orchestrator/src/orchestrator/harness.py;orchestrator/tests/test_harness_watcher_supervisor.py
dark_factory,1401,medium,2026-05-15T18:57:33.123817+00:00,2026-05-15T19:54:35.455831+00:00,0.9506,used,5,2,0,4.753,3.509,0.196,0,fused-memory/src/fused_memory/reconciliation;orchestrator/src/orchestrator/harness.py;orchestrator/src/orchestrator/review_checkpoint.py;orchestrator/src/orchestrator/steward.py;shared/src/shared/cli_invoke.py
dark_factory,1421,medium,2026-05-15T19:54:36.136365+00:00,2026-05-15T20:06:21.725408+00:00,0.1960,used,4,2,0,0.784,0.590,0.397,0,orchestrator/src/orchestrator/digest.py;orchestrator/src/orchestrator/harness.py;orchestrator/tests/test_digest.py;orchestrator/tests/test_harness_park_stop.py
dark_factory,1391,low,2026-05-15T20:06:53.539541+00:00,2026-05-15T20:30:10.270212+00:00,0.3880,used,2,4,0,0.776,0.000,0.369,0,orchestrator/src/orchestrator/harness.py;orchestrator/tests/test_harness_park_stop.py
dark_factory,1410,low,2026-05-15T20:30:57.308069+00:00,2026-05-15T20:56:04.760384+00:00,0.4187,silent_owner_dispatch_then_release,2,4,1,0.837,0.357,0.183,0,orchestrator/src/orchestrator/workflow.py;orchestrator/tests
dark_factory,1437,high,2026-05-15T20:45:32.942820+00:00,2026-05-15T21:23:07.872607+00:00,0.6264,used,2,1,0,1.253,0.846,0.269,0,fused-memory/src/fused_memory/reconciliation;fused-memory/tests/test_stages.py
dark_factory,1413,low,2026-05-15T21:23:41.882080+00:00,2026-05-15T21:39:15.706345+00:00,0.2594,used,2,4,0,0.519,0.259,0.655,0,fused-memory/src/fused_memory/reconciliation;fused-memory/tests/test_flag_dedup.py
dark_factory,1415,low,2026-05-15T21:40:04.644772+00:00,2026-05-15T22:18:32.202341+00:00,0.6410,used,2,4,0,1.282,0.001,0.393,0,fused-memory/src/fused_memory/reconciliation;fused-memory/tests/test_flag_dedup.py
dark_factory,1438,low,2026-05-15T22:19:22.178424+00:00,2026-05-15T22:42:06.579971+00:00,0.3790,used,6,4,0,2.274,1.895,0.195,0,fused-memory/src/fused_memory/reconciliation;fused-memory/tests/test_agent_loop.py;fused-memory/tests/test_judge.py;fused-memory/tests/test_stages.py;plans/afk-A1-cap-wait.md;shared/src/shared/cli_invoke.py
dark_factory,1445,low,2026-05-15T22:42:52.899098+00:00,2026-05-15T22:53:47.705377+00:00,0.1819,used,1,4,0,0.182,0.000,42.592,0,fused-memory/src/fused_memory/reconciliation
dark_factory,1449,medium,2026-05-16T17:30:09.111792+00:00,2026-05-16T18:05:29.815282+00:00,0.5891,used,7,2,0,4.124,3.535,23.395,0,orchestrator/src/orchestrator/harness.py;orchestrator/tests/conftest.py;orchestrator/tests/test_auto_eval.py;orchestrator/tests/test_harness_cancel_workflow.py;orchestrator/tests/test_harness_terminal_status_watcher.py;orchestrator/tests/test_harness_watcher_supervisor.py;orchestrator/tests/test_retry_cap.py
dark_factory,1458,medium,2026-05-16T20:28:14.225672+00:00,2026-05-16T20:47:48.421391+00:00,0.3262,used,4,2,0,1.305,1.305,231.107,0,orchestrator/tests/_orch_helpers.py;orchestrator/tests/test_invoke.py;orchestrator/tests/test_steward.py;shared/tests/test_cap_retry.py
dark_factory,1471,medium,2026-05-26T11:54:13.445994+00:00,2026-05-26T12:25:25.276764+00:00,0.5200,used,2,2,0,1.040,0.520,0.153,0,fused-memory/src/fused_memory/reconciliation;fused-memory/tests/test_stages.py
dark_factory,1474,low,2026-05-26T12:26:20.891289+00:00,2026-05-26T12:34:36.262064+00:00,0.1376,used,1,4,0,0.138,0.000,23.728,0,fused-memory/src/fused_memory/reconciliation
dark_factory,1490,high,2026-05-27T12:18:20.917371+00:00,2026-05-27T12:56:07.551576+00:00,0.6296,used,1,1,0,0.630,0.000,0.365,0,fused-memory/src/fused_memory/reconciliation
dark_factory,1484,medium,2026-05-27T12:56:23.468023+00:00,2026-05-27T13:18:01.044090+00:00,0.3604,used,2,2,0,0.721,0.268,0.730,0,fused-memory/src/fused_memory/reconciliation;fused-memory/tests/reconciliation/test_stage1.py
dark_factory,1486,medium,2026-05-27T13:18:17.368798+00:00,2026-05-27T14:01:49.622579+00:00,0.7256,used,2,2,0,1.451,0.000,13.779,0,fused-memory/src/fused_memory/reconciliation;fused-memory/tests/reconciliation/test_stage1.py
dark_factory,1503,medium,2026-05-27T18:23:55.564766+00:00,2026-05-27T18:24:37.650085+00:00,0.0117,used,3,2,0,0.035,0.023,0.152,0,orchestrator/src/orchestrator/agents;orchestrator/src/orchestrator/workflow.py;orchestrator/tests
dark_factory,1502,high,2026-05-27T18:25:10.830965+00:00,2026-05-27T18:33:44.801978+00:00,0.1428,used,2,1,0,0.286,0.003,115.198,0,orchestrator/src/orchestrator/steward.py;orchestrator/tests/test_steward.py
dark_factory,1509,high,2026-05-27T18:42:38.061452+00:00,2026-05-27T20:14:44.876946+00:00,1.5352,era_death,5,1,0,7.676,7.676,1.621,339,dashboard/src/dashboard/data;dashboard/src/dashboard/static;dashboard/tests/test_burndown_data.py;dashboard/tests/test_index_html.py;dashboard/tests/test_redux_api.py
dark_factory,1510,high,2026-05-27T18:44:28.585676+00:00,2026-05-27T20:14:44.876946+00:00,1.5045,era_death,5,1,0,7.523,7.523,3.336,0,dashboard/src/dashboard/app.py;dashboard/tests/test_api_curator.py;dashboard/tests/test_cap_history.py;dashboard/tests/test_metrics_curator.py;dashboard/tests/test_tab_curator.py
dark_factory,1508,medium,2026-05-27T21:52:14.196019+00:00,2026-05-27T22:00:34.136780+00:00,0.1389,evicted,7,2,0,0.972,0.555,0.743,1,dashboard/src/dashboard/app.py;dashboard/src/dashboard/data;dashboard/src/dashboard/static;dashboard/tests/test_active_tasks.py;dashboard/tests/test_app.py;dashboard/tests/test_lock_unification.py;dashboard/tests/test_scheduler_page.py
dark_factory,1509,high,2026-05-27T22:00:34.135773+00:00,2026-05-27T22:45:09.540967+00:00,0.7432,used,3,1,0,2.230,0.745,0.352,0,dashboard/src/dashboard/data;dashboard/src/dashboard/static;dashboard/tests/test_burndown_data.py
dark_factory,1513,medium,2026-05-27T22:45:27.245038+00:00,2026-05-27T23:06:15.467061+00:00,0.3467,used,3,2,0,1.040,0.694,0.477,0,dashboard/src/dashboard/config.py;dashboard/src/dashboard/data;dashboard/tests/test_escalations_data.py
dark_factory,1514,medium,2026-05-27T23:41:34.696849+00:00,2026-05-28T00:14:19.761867+00:00,0.5459,used,4,2,0,2.183,0.546,18.908,0,dashboard/src/dashboard/app.py;dashboard/src/dashboard/data;dashboard/tests/test_app.py;dashboard/tests/test_redux_api.py
dark_factory,1518,high,2026-05-28T03:37:42.207759+00:00,2026-05-28T03:48:35.301146+00:00,0.1814,used,3,1,0,0.544,0.544,8.662,0,fused-memory/src/fused_memory/reconciliation;fused-memory/tests/fixtures/autopilot_video_max_id.json;fused-memory/tests/test_stages.py
dark_factory,1525,medium,2026-05-28T11:19:44.607892+00:00,2026-05-28T11:34:05.461806+00:00,0.2391,used,3,2,0,0.717,0.717,1.507,0,orchestrator/src/orchestrator/git_ops.py;orchestrator/src/orchestrator/merge_queue.py;orchestrator/tests/test_merge_queue.py
dark_factory,1527,medium,2026-05-28T11:13:41.859512+00:00,2026-05-28T11:34:06.403943+00:00,0.3402,used,7,2,0,2.381,2.381,0.664,0,escalation/src/escalation/models.py;escalation/tests/test_models.py;orchestrator/src/orchestrator/harness.py;orchestrator/src/orchestrator/workflow.py;orchestrator/tests/test_reconcile_stranded.py;orchestrator/tests/test_workflow_train_state_escalation.py;orchestrator/tests/test_workflow_train_thrash_guard.py
dark_factory,1523,medium,2026-05-28T11:44:17.378404+00:00,2026-05-28T12:13:57.133700+00:00,0.4944,used,4,2,0,1.978,1.483,0.843,0,orchestrator/src/orchestrator/verify.py;orchestrator/src/orchestrator/workflow.py;orchestrator/tests/test_verify.py;orchestrator/tests/test_workflow.py
dark_factory,1547,high,2026-05-28T12:50:25.254136+00:00,2026-05-28T14:02:43.060530+00:00,1.2049,used,6,1,0,7.230,6.952,0.482,0,fused-memory/src/fused_memory/reconciliation;fused-memory/src/fused_memory/server;fused-memory/tests/reconciliation/test_assemble_payload_snapshot_filter.py;fused-memory/tests/server/__init__.py;fused-memory/tests/server/test_add_memory_snapshot_gate.py;fused-memory/tests/test_task_filter.py
dark_factory,1533,medium,2026-05-28T12:14:16.409544+00:00,2026-05-28T14:02:48.718650+00:00,1.8090,silent_owner_dispatch_then_release,4,2,1,7.236,0.371,0.000,0,orchestrator/src/orchestrator/merge_queue.py;orchestrator/src/orchestrator/verify.py;orchestrator/tests/test_merge_queue.py;orchestrator/tests/test_verify.py
dark_factory,1549,high,2026-05-28T14:02:44.495680+00:00,2026-05-28T14:57:10.431498+00:00,0.9072,silent_owner_dispatch_then_release,7,1,1,6.350,2.410,0.000,173,fused-memory/src/fused_memory/reconciliation;fused-memory/src/fused_memory/server;fused-memory/src/fused_memory/utils;fused-memory/tests/test_event_buffer.py;fused-memory/tests/test_harness.py;fused-memory/tests/test_tools_validation.py;fused-memory/tests/test_validation.py
dark_factory,1545,high,2026-05-28T14:11:41.568168+00:00,2026-05-28T14:57:12.066058+00:00,0.7585,used,2,1,0,1.517,1.517,5.170,0,fused-memory/src/fused_memory/services;fused-memory/tests/server/test_recon_report_citations.py
dark_factory,1540,medium,2026-05-28T14:57:30.231138+00:00,2026-05-28T15:06:58.367019+00:00,0.1578,evicted,2,2,0,0.316,0.158,0.300,1,orchestrator/src/orchestrator/merge_queue.py;orchestrator/tests/test_merge_queue.py
dark_factory,1556,high,2026-05-28T15:06:58.360107+00:00,2026-05-28T15:24:59.707690+00:00,0.3004,used,7,1,0,2.103,1.802,2.820,0,escalation/src/escalation/server.py;escalation/tests/test_server.py;orchestrator/src/orchestrator/event_store.py;orchestrator/src/orchestrator/git_ops.py;orchestrator/src/orchestrator/merge_queue.py;orchestrator/tests/test_git_ops.py;orchestrator/tests/test_merge_queue.py
dark_factory,1540,medium,2026-05-28T15:25:00.101573+00:00,2026-05-28T18:14:12.478887+00:00,2.8201,used,2,38,0,5.640,0.000,0.910,0,orchestrator/src/orchestrator/merge_queue.py;orchestrator/tests/test_merge_queue.py
dark_factory,1554,medium,2026-05-28T18:14:14.038913+00:00,2026-05-28T19:08:49.039435+00:00,0.9097,used,8,2,0,7.278,5.459,20.278,0,dashboard/src/dashboard/data;dashboard/src/dashboard/static;dashboard/tests/test_merge_queue_data.py;dashboard/tests/test_redux_api.py;orchestrator/src/orchestrator/event_store.py;orchestrator/src/orchestrator/merge_queue.py;orchestrator/tests/test_event_store.py;orchestrator/tests/test_merge_queue.py
dark_factory,1564,high,2026-05-29T15:07:07.951771+00:00,2026-05-29T15:25:31.245948+00:00,0.3065,used,6,1,0,1.839,1.839,0.579,0,dashboard/src/dashboard/app.py;dashboard/src/dashboard/data;dashboard/src/dashboard/static;dashboard/tests/test_active_tasks.py;dashboard/tests/test_app.py;dashboard/tests/test_tasks.py
dark_factory,1569,high,2026-05-29T15:25:32.477857+00:00,2026-05-29T16:00:17.380742+00:00,0.5791,used,3,1,0,1.737,0.580,0.537,0,dashboard/src/dashboard/app.py;dashboard/src/dashboard/data;dashboard/tests/test_scheduler_page.py
dark_factory,1572,medium,2026-05-29T16:22:50.971844+00:00,2026-05-29T16:30:09.810634+00:00,0.1219,used,2,2,0,0.244,0.122,39.482,0,fused-memory/src/fused_memory/reconciliation;fused-memory/tests/test_stages.py
dark_factory,1565,low,2026-05-29T16:01:09.480639+00:00,2026-05-29T16:32:29.010733+00:00,0.5221,used,4,4,0,2.088,1.046,0.208,0,dashboard/src/dashboard/data;dashboard/src/dashboard/static;dashboard/tests/test_redux_api.py;dashboard/tests/test_tab_orchestrators.py
dark_factory,1579,high,2026-05-30T18:14:48.104471+00:00,2026-05-30T18:36:58.435685+00:00,0.3695,used,6,1,0,2.217,2.217,103.996,0,fused-memory/src/fused_memory/backends;fused-memory/src/fused_memory/middleware;fused-memory/src/fused_memory/server;fused-memory/tests/test_sqlite_task_backend.py;fused-memory/tests/test_task_interceptor.py;fused-memory/tests/test_task_tools.py
dark_factory,1599,medium,2026-06-01T13:45:54.225898+00:00,2026-06-01T13:52:45.734990+00:00,0.1143,used,3,2,0,0.343,0.114,0.959,0,orchestrator/src/orchestrator/merge_queue.py;orchestrator/src/orchestrator/workflow.py;orchestrator/tests
dark_factory,1598,high,2026-06-01T13:53:17.513785+00:00,2026-06-01T14:50:19.300537+00:00,0.9505,used,2,1,0,1.901,0.611,26.005,0,orchestrator/src/orchestrator/merge_queue.py;orchestrator/tests/test_merge_queue.py
dark_factory,1605,medium,2026-06-04T07:16:53.945111+00:00,2026-06-04T07:28:01.165368+00:00,0.1853,used,3,2,0,0.556,0.185,0.751,0,escalation/src/escalation/server.py;escalation/tests/test_server.py;orchestrator/src/orchestrator/merge_queue.py
dark_factory,1604,high,2026-06-04T07:28:33.641156+00:00,2026-06-04T08:13:04.424719+00:00,0.7419,used,7,1,0,5.193,2.226,0.781,0,escalation/tests/test_server.py;orchestrator/src/orchestrator/harness.py;orchestrator/src/orchestrator/merge_queue.py;orchestrator/src/orchestrator/workflow.py;orchestrator/tests/test_harness_merge_registry_wiring.py;orchestrator/tests/test_merge_queue.py;orchestrator/tests/test_workflow.py
dark_factory,1628,high,2026-06-04T08:35:21.632250+00:00,2026-06-04T08:59:56.849125+00:00,0.4098,used,4,1,0,1.639,0.820,1.510,0,orchestrator/src/orchestrator/event_store.py;orchestrator/src/orchestrator/merge_queue.py;orchestrator/tests/test_event_store.py;orchestrator/tests/test_merge_queue.py
dark_factory,1610,medium,2026-06-04T08:13:25.432664+00:00,2026-06-04T09:12:28.360102+00:00,0.9841,silent_owner_dispatch_then_release,2,2,1,1.968,0.777,1.427,0,orchestrator/src/orchestrator/harness.py;orchestrator/tests/test_harness_watcher_supervisor.py
dark_factory,1619,high,2026-06-04T08:27:25.504788+00:00,2026-06-04T09:35:24.771352+00:00,1.1331,silent_owner_dispatch_then_release,2,1,1,2.266,0.543,0.001,0,orchestrator/src/orchestrator/workflow.py;orchestrator/tests/test_workflow_e2e.py
dark_factory,1618,high,2026-06-04T08:29:23.544575+00:00,2026-06-04T09:46:12.587771+00:00,1.2803,silent_owner_dispatch_then_release,2,1,1,2.561,0.510,0.000,175,escalation/src/escalation/server.py;escalation/tests/test_server.py
dark_factory,1617,high,2026-06-04T08:59:57.350669+00:00,2026-06-04T09:46:14.263655+00:00,0.7714,used,2,1,0,1.543,1.543,985.893,0,escalation/src/escalation/models.py;escalation/tests/test_models.py
dark_factory,1612,medium,2026-06-04T09:46:32.142432+00:00,2026-06-04T09:49:23.627634+00:00,0.0476,evicted,5,2,0,0.238,0.143,0.320,1,escalation/src/escalation/archive.py;escalation/src/escalation/server.py;escalation/src/escalation/sweep.py;escalation/tests/test_server.py;escalation/tests/test_sweep.py
dark_factory,1629,high,2026-06-04T09:49:23.625393+00:00,2026-06-04T10:08:37.346000+00:00,0.3205,used,2,1,0,0.641,0.321,0.366,0,escalation/src/escalation/server.py;escalation/tests/test_server_chokepoint.py
dark_factory,1630,high,2026-06-04T10:08:38.745753+00:00,2026-06-04T10:30:34.530140+00:00,0.3655,used,6,1,0,2.193,1.828,0.522,0,escalation/src/escalation/server.py;escalation/tests/test_server.py;orchestrator/src/orchestrator/event_store.py;orchestrator/src/orchestrator/merge_queue.py;orchestrator/tests/test_event_store.py;orchestrator/tests/test_merge_queue.py
dark_factory,1620,high,2026-06-04T10:30:34.973219+00:00,2026-06-04T10:38:06.213451+00:00,0.1253,used,5,1,0,0.627,0.627,3.056,0,orchestrator/src/orchestrator/harness.py;orchestrator/src/orchestrator/scheduler.py;orchestrator/tests/test_cascade_unblock.py;orchestrator/tests/test_harness_action_dispatch.py;orchestrator/tests/test_scheduler.py
dark_factory,1631,high,2026-06-04T10:47:13.354942+00:00,2026-06-04T11:01:54.827961+00:00,0.2449,used,4,1,0,0.979,0.246,0.440,0,escalation/src/escalation/server.py;escalation/tests/test_server_chokepoint.py;orchestrator/src/orchestrator/merge_queue.py;orchestrator/tests/test_merge_queue.py
dark_factory,1630,high,2026-06-04T11:02:29.485128+00:00,2026-06-04T11:28:18.727266+00:00,0.4303,used,6,1,0,2.582,1.291,0.573,0,escalation/src/escalation/server.py;escalation/tests/test_server.py;orchestrator/src/orchestrator/event_store.py;orchestrator/src/orchestrator/merge_queue.py;orchestrator/tests/test_event_store.py;orchestrator/tests/test_merge_queue.py
dark_factory,1632,high,2026-06-04T11:40:15.335412+00:00,2026-06-04T12:02:42.165663+00:00,0.3741,used,2,1,0,0.748,0.374,0.570,0,escalation/src/escalation/server.py;escalation/tests/test_server_chokepoint.py
dark_factory,1649,medium,2026-06-04T13:11:15.210972+00:00,2026-06-04T13:13:02.427134+00:00,0.0298,used,4,2,0,0.119,0.119,0.922,0,escalation/src/escalation/watcher.py;escalation/tests/test_watcher.py;skills/escalation-watcher/SKILL.md;skills/recon-escalation-watcher/SKILL.md
dark_factory,1639,high,2026-06-04T14:08:19.857925+00:00,2026-06-04T14:08:20.458249+00:00,0.0002,used,2,1,0,0.000,0.000,0.742,0,orchestrator/src/orchestrator/merge_queue.py;orchestrator/tests/test_merge_queue.py
dark_factory,1651,low,2026-06-04T14:09:55.914271+00:00,2026-06-04T14:13:44.872217+00:00,0.0636,used,4,4,0,0.254,0.191,330.311,0,skills/escalation-watcher/SKILL.md;skills/merge-queue/SKILL.md;skills/unblock-low-risk/SKILL.md;skills/unblock/SKILL.md
dark_factory,1644,high,2026-06-04T14:52:52.373216+00:00,2026-06-04T16:21:10.152291+00:00,1.4716,used,2,1,0,2.943,0.000,0.955,0,orchestrator/src/orchestrator/merge_queue.py;orchestrator/tests/test_merge_queue.py
dark_factory,1642,medium,2026-06-04T16:21:27.302680+00:00,2026-06-04T17:18:26.686309+00:00,0.9498,used,3,2,0,2.849,1.900,0.974,0,escalation/tests/test_server_chokepoint.py;orchestrator/tests/test_merge_queue.py;orchestrator/tests/test_workflow.py
dark_factory,1646,medium,2026-06-04T17:18:43.850617+00:00,2026-06-04T18:16:54.768083+00:00,0.9697,used,2,2,0,1.939,0.970,75.569,0,orchestrator/src/orchestrator/merge_queue.py;orchestrator/tests/test_merge_queue.py
dark_factory,1654,medium,2026-06-05T00:17:21.246905+00:00,2026-06-05T00:26:44.800629+00:00,0.1565,used,4,2,0,0.626,0.626,37.398,0,fused-memory/src/fused_memory/reconciliation;fused-memory/src/fused_memory/server;fused-memory/tests/server/test_recon_report.py;fused-memory/tests/test_flag_dedup.py
dark_factory,1659,low,2026-06-06T13:25:36.775452+00:00,2026-06-06T13:50:38.512603+00:00,0.4171,used,6,4,0,2.503,2.503,0.467,0,fused-memory/scripts/sweep_orphan_flag_markers.py;fused-memory/src/fused_memory/reconciliation;fused-memory/src/fused_memory/server;fused-memory/tests/server/test_get_memories_by_metadata_tool.py;fused-memory/tests/test_flag_dedup.py;fused-memory/tests/test_sweep_orphan_flag_markers.py
dark_factory,1661,low,2026-06-06T13:51:33.195338+00:00,2026-06-06T14:18:39.315222+00:00,0.4517,used,6,4,0,2.710,1.807,0.787,0,fused-memory/src/fused_memory/reconciliation;fused-memory/src/fused_memory/server;fused-memory/tests/test_harness.py;fused-memory/tests/test_stages.py;fused-memory/tests/test_task_filter.py;fused-memory/tests/test_task_tools.py
dark_factory,1666,medium,2026-06-06T15:06:14.145904+00:00,2026-06-06T15:31:40.546190+00:00,0.4240,used,2,2,0,0.848,0.424,109.951,0,fused-memory/src/fused_memory/middleware;fused-memory/src/fused_memory/server
dark_factory,1669,low,2026-06-07T18:10:37.814518+00:00,2026-06-07T18:12:46.775739+00:00,0.0358,used,1,4,0,0.036,0.000,83.266,0,fused-memory/src/fused_memory/reconciliation
dark_factory,1674,medium,2026-06-07T22:10:37.993482+00:00,2026-06-07T22:15:18.109168+00:00,0.0778,used,4,2,0,0.311,0.157,0.671,0,orchestrator/src/orchestrator/harness.py;orchestrator/src/orchestrator/merge_queue.py;orchestrator/tests/test_harness_merge_registry_wiring.py;orchestrator/tests/test_merge_queue.py
dark_factory,1675,medium,2026-06-07T22:15:35.530595+00:00,2026-06-07T22:55:33.990742+00:00,0.6662,used,3,2,0,1.999,0.668,0.538,0,orchestrator/src/orchestrator/event_store.py;orchestrator/src/orchestrator/merge_queue.py;orchestrator/tests/test_merge_queue.py
dark_factory,1676,medium,2026-06-07T22:55:52.688109+00:00,2026-06-07T23:27:49.604751+00:00,0.5325,used,4,2,0,2.130,1.067,0.595,0,orchestrator/src/orchestrator/merge_queue.py;orchestrator/src/orchestrator/workflow.py;orchestrator/tests/test_merge_queue.py;orchestrator/tests/test_workflow.py
dark_factory,1677,medium,2026-06-07T23:28:12.044591+00:00,2026-06-08T00:03:30.291777+00:00,0.5884,used,2,2,0,1.177,0.001,14.001,0,orchestrator/src/orchestrator/merge_queue.py;orchestrator/tests/test_merge_queue.py
dark_factory,1688,high,2026-06-09T11:02:41.355481+00:00,2026-06-09T11:04:01.513699+00:00,0.0223,used,4,1,0,0.089,0.045,0.414,0,orchestrator/src/orchestrator/merge_queue.py;orchestrator/src/orchestrator/workflow.py;orchestrator/tests/test_merge_queue.py;orchestrator/tests/test_workflow_merge_thrash.py
dark_factory,1687,high,2026-06-09T11:04:38.511691+00:00,2026-06-09T12:11:32.449648+00:00,1.1150,silent_owner_dispatch_then_release,2,1,1,2.230,0.000,0.001,183,orchestrator/src/orchestrator/merge_queue.py;orchestrator/tests/test_merge_queue.py
dark_factory,1690,high,2026-06-09T12:11:38.886355+00:00,2026-06-09T12:38:41.462754+00:00,0.4507,used,1,1,0,0.451,0.000,0.637,0,orchestrator/src/orchestrator/merge_queue.py
dark_factory,1692,high,2026-06-09T12:38:46.616469+00:00,2026-06-09T13:18:25.471715+00:00,0.6608,era_death,8,1,1,5.286,4.452,0.583,77,orchestrator/src/orchestrator/config.py;orchestrator/src/orchestrator/defaults.yaml;orchestrator/src/orchestrator/git_ops.py;orchestrator/src/orchestrator/harness.py;orchestrator/src/orchestrator/merge_queue.py;orchestrator/tests/test_config.py;orchestrator/tests/test_git_ops.py;orchestrator/tests/test_merge_queue.py
dark_factory,1690,high,2026-06-09T12:56:46.483934+00:00,2026-06-09T13:18:25.471715+00:00,0.3608,era_death,3,1,0,1.082,1.082,1.321,0,orchestrator/src/orchestrator/workflow.py;orchestrator/tests/test_merge_queue_main_health.py;orchestrator/tests/test_workflow_main_health_routing.py
dark_factory,1704,high,2026-06-09T13:53:26.274589+00:00,2026-06-09T15:19:27.768857+00:00,1.4337,silent_owner_dispatch_then_release,4,1,1,5.735,1.475,0.002,204,orchestrator/src/orchestrator/merge_queue.py;orchestrator/src/orchestrator/workflow.py;orchestrator/tests/test_merge_queue.py;orchestrator/tests/test_workflow.py
dark_factory,1694,high,2026-06-09T14:22:01.276740+00:00,2026-06-09T15:19:33.729782+00:00,0.9590,used,2,1,0,1.918,0.959,3.118,0,orchestrator/src/orchestrator/verify_runner.py;orchestrator/tests/test_verify_runner.py
dark_factory,1695,high,2026-06-09T15:19:36.366007+00:00,2026-06-09T18:26:37.366654+00:00,3.1169,used,4,1,0,12.468,0.007,0.995,0,orchestrator/src/orchestrator/cli.py;orchestrator/src/orchestrator/verify_runner.py;orchestrator/tests/test_cli.py;orchestrator/tests/test_verify_runner.py
dark_factory,1691,high,2026-06-09T18:26:38.982661+00:00,2026-06-09T20:49:58.759170+00:00,2.3888,used,3,1,0,7.166,4.779,2.773,0,orchestrator/src/orchestrator/merge_queue.py;orchestrator/src/orchestrator/workflow.py;orchestrator/tests/test_merge_queue_auto_heal.py
dark_factory,1692,high,2026-06-09T20:50:03.675512+00:00,2026-06-09T23:49:37.155586+00:00,2.9926,silent_owner_dispatch_then_release,4,1,1,11.971,8.315,1.004,246,orchestrator/src/orchestrator/config.py;orchestrator/src/orchestrator/git_ops.py;orchestrator/src/orchestrator/merge_queue.py;orchestrator/tests/test_persistent_merge_worktree.py
dark_factory,1701,high,2026-06-09T22:21:56.005960+00:00,2026-06-10T00:49:58.079251+00:00,2.4672,used,1,1,0,2.467,1.620,13.918,0,orchestrator/src/orchestrator/verify_runner.py
dark_factory,1705,medium,2026-06-10T00:50:14.893307+00:00,2026-06-10T01:26:32.359331+00:00,0.6049,used,3,2,0,1.815,1.211,0.262,0,orchestrator/src/orchestrator/config.py;orchestrator/src/orchestrator/workflow.py;orchestrator/tests/test_workflow.py
dark_factory,1710,medium,2026-06-10T01:26:55.676277+00:00,2026-06-10T01:42:14.890909+00:00,0.2553,used,6,2,0,1.532,1.271,1.329,0,orchestrator/src/orchestrator/config.py;orchestrator/src/orchestrator/defaults.yaml;orchestrator/src/orchestrator/git_ops.py;orchestrator/src/orchestrator/harness.py;orchestrator/src/orchestrator/merge_queue.py;orchestrator/tests/test_merge_queue_warm_cold_shadow.py
dark_factory,1705,medium,2026-06-10T01:43:00.171327+00:00,2026-06-10T03:01:58.213807+00:00,1.3161,used,7,2,0,9.213,5.266,1.025,0,orchestrator/src/orchestrator/config.py;orchestrator/src/orchestrator/event_store.py;orchestrator/src/orchestrator/git_ops.py;orchestrator/src/orchestrator/workflow.py;orchestrator/tests/test_config.py;orchestrator/tests/test_git_ops.py;orchestrator/tests/test_workflow_train_former.py
dark_factory,1711,high,2026-06-10T07:54:51.011526+00:00,2026-06-10T08:06:21.566360+00:00,0.1918,used,10,1,0,1.918,1.696,10.541,0,orchestrator/tests/_orch_helpers.py;orchestrator/tests/test_event_loop_antipattern_guard.py;orchestrator/tests/test_merge_queue.py;orchestrator/tests/test_merge_queue_main_health.py;orchestrator/tests/test_merge_queue_persistent_worktree.py;orchestrator/tests/test_merge_queue_restart_hook.py;orchestrator/tests/test_merge_queue_train_attribution.py;orchestrator/tests/test_merge_queue_warm_cold_shadow.py;orchestrator/tests/test_verify.py;orchestrator/tests/test_workflow.py
dark_factory,1717,high,2026-06-10T16:04:57.826273+00:00,2026-06-10T17:20:35.490545+00:00,1.2605,silent_owner_dispatch_then_release,3,1,1,3.781,1.422,0.001,240,orchestrator/src/orchestrator/merge_queue.py;orchestrator/src/orchestrator/workflow.py;orchestrator/tests/test_workflow_merge_superseded.py
dark_factory,1718,high,2026-06-10T16:05:58.851112+00:00,2026-06-10T17:20:37.300299+00:00,1.2440,used,2,1,0,2.488,1.796,3.357,0,orchestrator/src/orchestrator/harness.py;orchestrator/tests/test_harness_train_callbacks.py
dark_factory,1723,high,2026-06-10T17:20:39.016892+00:00,2026-06-10T17:56:13.733582+00:00,0.5930,used,1,1,0,0.593,0.001,0.710,0,orchestrator/src/orchestrator/merge_queue.py
dark_factory,1724,high,2026-06-10T17:56:15.314632+00:00,2026-06-10T18:55:24.946454+00:00,0.9860,silent_owner_dispatch_then_release,2,1,1,1.972,0.709,0.001,149,orchestrator/src/orchestrator/merge_queue.py;orchestrator/tests/test_merge_queue.py
dark_factory,1719,high,2026-06-10T18:12:19.961617+00:00,2026-06-10T18:55:29.549831+00:00,0.7193,used,3,1,0,2.158,2.158,3.249,0,orchestrator/src/orchestrator/config.py;orchestrator/src/orchestrator/event_store.py;orchestrator/tests/test_merge_queue_coalesce.py
dark_factory,1726,high,2026-06-10T18:55:30.860033+00:00,2026-06-10T21:09:20.989174+00:00,2.2306,silent_owner_dispatch_then_release,5,1,1,11.153,7.102,0.001,286,orchestrator/src/orchestrator/harness.py;orchestrator/src/orchestrator/merge_queue.py;orchestrator/tests/test_harness_k_from_config.py;orchestrator/tests/test_harness_merge_registry_wiring.py;orchestrator/tests/test_merge_queue.py
dark_factory,1720,high,2026-06-10T21:09:29.176435+00:00,2026-06-10T22:10:27.319287+00:00,1.0162,used,2,1,0,2.032,1.017,0.674,0,orchestrator/src/orchestrator/merge_queue.py;orchestrator/tests/test_merge_queue_coalesce.py
dark_factory,1724,high,2026-06-10T22:10:36.410211+00:00,2026-06-10T23:29:35.001625+00:00,1.3163,silent_owner_dispatch_then_release,2,55,1,2.633,0.673,0.001,212,orchestrator/src/orchestrator/merge_queue.py;orchestrator/tests/test_merge_queue.py
dark_factory,1729,high,2026-06-10T22:25:48.461352+00:00,2026-06-10T23:29:37.300680+00:00,1.0636,used,5,1,0,5.318,5.318,109.574,0,orchestrator/src/orchestrator/harness.py;orchestrator/tests/test_harness.py;orchestrator/tests/test_harness_k_from_config.py;orchestrator/tests/test_harness_merge_registry_wiring.py;orchestrator/tests/test_multihost_verify_integration.py
dark_factory,1753,medium,2026-06-15T07:16:04.910767+00:00,2026-06-15T07:19:19.786207+00:00,0.0541,used,4,2,0,0.217,0.217,74.034,0,dashboard/src/dashboard/data;dashboard/src/dashboard/static;dashboard/tests/test_memory_uptime.py;dashboard/tests/test_redux_api.py
dark_factory,1757,high,2026-06-15T10:12:19.539422+00:00,2026-06-15T10:52:24.124366+00:00,0.6679,used,2,1,0,1.336,1.336,2.195,0,orchestrator/src/orchestrator/merge_queue.py;orchestrator/tests/test_merge_queue_concurrent_verify.py
dark_factory,1757,high,2026-06-15T11:33:42.210060+00:00,2026-06-15T11:57:56.845564+00:00,0.4041,used,2,1,0,0.808,0.808,1.103,0,orchestrator/src/orchestrator/merge_queue.py;orchestrator/tests/test_merge_queue_concurrent_verify.py
dark_factory,1767,high,2026-06-15T13:14:51.128599+00:00,2026-06-15T13:39:11.903675+00:00,0.4058,used,6,1,0,2.435,2.029,47.094,0,orchestrator/src/orchestrator/config.py;orchestrator/src/orchestrator/workflow.py;orchestrator/tests/test_config.py;orchestrator/tests/test_workflow_e2e.py;shared/src/shared/cli_invoke.py;shared/tests/test_cli_invoke.py
dark_factory,1777,critical,2026-06-16T16:20:17.956087+00:00,2026-06-16T16:22:41.125962+00:00,0.0398,used,3,1,0,0.119,0.119,57.206,0,orchestrator/src/orchestrator/mcp_lifecycle.py;orchestrator/tests/test_mcp_lifecycle.py;orchestrator/tests/test_plan_tools_startup_load.py
dark_factory,1782,high,2026-06-17T12:44:09.297368+00:00,2026-06-17T12:44:50.526316+00:00,0.0115,used,8,1,0,0.092,0.092,20.068,0,orchestrator/src/orchestrator/config.py;orchestrator/src/orchestrator/verify.py;orchestrator/src/orchestrator/workflow.py;orchestrator/tests/test_config.py;orchestrator/tests/test_verify.py;orchestrator/tests/test_workflow_e2e.py;shared/src/shared/cli_invoke.py;shared/tests/test_cli_invoke.py
dark_factory,1786,medium,2026-06-18T04:57:39.146734+00:00,2026-06-18T05:33:19.505144+00:00,0.5945,used,3,2,0,1.784,1.784,5.929,0,fused-memory/src/fused_memory/reconciliation;fused-memory/tests/reconciliation/test_stage1.py;fused-memory/tests/test_flag_dedup.py
dark_factory,1790,medium,2026-06-18T06:55:27.794080+00:00,2026-06-18T08:16:02.021601+00:00,1.3428,evicted,8,2,0,10.743,10.743,0.273,1,orchestrator/src/orchestrator/config.py;orchestrator/src/orchestrator/git_ops.py;orchestrator/src/orchestrator/harness.py;orchestrator/src/orchestrator/warm_lane_pool.py;orchestrator/src/orchestrator/workflow.py;orchestrator/tests/test_git_ops_warm_lane.py;orchestrator/tests/test_warm_lane_pool.py;orchestrator/tests/test_workflow_warm_lane_dispatch.py
dark_factory,1792,high,2026-06-18T08:16:01.945471+00:00,2026-06-18T08:32:24.978837+00:00,0.2731,used,7,1,0,1.911,1.911,0.669,0,escalation/src/escalation/queue.py;escalation/src/escalation/server.py;escalation/tests/test_server.py;orchestrator/src/orchestrator/harness.py;orchestrator/tests/test_harness_action_dispatch.py;orchestrator/tests/test_repend_state_machine.py;skills/escalation-watcher/SKILL.md
dark_factory,1795,high,2026-06-18T08:48:38.275927+00:00,2026-06-18T08:48:55.609718+00:00,0.0048,used,8,1,0,0.039,0.039,1.407,0,orchestrator/src/orchestrator/config.py;orchestrator/src/orchestrator/defaults.yaml;orchestrator/src/orchestrator/event_store.py;orchestrator/src/orchestrator/merge_queue.py;orchestrator/src/orchestrator/verify_runner.py;orchestrator/tests/test_host_allocator.py;orchestrator/tests/test_merge_queue_multihost_wiring.py;orchestrator/tests/test_multihost_verify_integration.py
dark_factory,1799,critical,2026-06-18T09:39:52.998359+00:00,2026-06-18T10:13:20.166262+00:00,0.5575,used,4,1,0,2.230,1.673,3.126,0,orchestrator/src/orchestrator/event_store.py;orchestrator/src/orchestrator/scheduler.py;orchestrator/tests/test_cross_project_dispatch_integration.py;orchestrator/tests/test_scheduler.py
dark_factory,1797,medium,2026-06-18T10:13:35.430793+00:00,2026-06-18T10:16:59.808041+00:00,0.0568,used,2,2,0,0.114,0.057,125.572,0,dashboard/src/dashboard/static;dashboard/tests/test_chip_path_disambiguation.py
dark_factory,1804,critical,2026-06-18T10:37:34.213148+00:00,2026-06-18T10:51:34.500533+00:00,0.2334,used,4,1,0,0.934,0.934,475.581,0,shared/src/shared/__init__.py;shared/src/shared/safe_io.py;shared/tests/test_public_api.py;shared/tests/test_safe_io.py
dark_factory,1794,low,2026-06-18T10:17:45.710548+00:00,2026-06-18T11:01:49.833778+00:00,0.7345,used,6,4,0,4.407,3.673,0.808,0,orchestrator/src/orchestrator/harness.py;orchestrator/src/orchestrator/warm_lane_pool.py;orchestrator/tests/test_crash_recovery.py;orchestrator/tests/test_orphan_reaper.py;orchestrator/tests/test_reconcile_stranded.py;orchestrator/tests/test_warm_lane_pool.py
dark_factory,1802,low,2026-06-18T11:02:35.483432+00:00,2026-06-18T11:04:03.005361+00:00,0.0243,evicted,8,4,0,0.194,0.170,0.771,1,orchestrator/src/orchestrator/config.py;orchestrator/src/orchestrator/defaults.yaml;orchestrator/src/orchestrator/event_store.py;orchestrator/src/orchestrator/git_ops.py;orchestrator/src/orchestrator/rebase_cost_readout.py;orchestrator/src/orchestrator/verify.py;orchestrator/src/orchestrator/workflow.py;orchestrator/tests/test_rebase_verify_cost.py
dark_factory,1811,high,2026-06-18T11:03:20.065216+00:00,2026-06-18T11:49:09.719628+00:00,0.7638,silent_owner_dispatch_then_release,3,1,1,2.291,1.285,0.208,0,fused-memory/src/fused_memory/reconciliation;fused-memory/tests/reconciliation/test_verify_agent_failure.py;fused-memory/tests/test_agent_loop.py
dark_factory,1809,high,2026-06-18T11:04:03.004281+00:00,2026-06-18T11:50:18.359141+00:00,0.7709,used,15,1,0,11.564,10.022,0.826,0,orchestrator/src/orchestrator/evals;orchestrator/src/orchestrator/git_ops.py;orchestrator/src/orchestrator/harness.py;orchestrator/src/orchestrator/merge_queue.py;orchestrator/src/orchestrator/review_checkpoint.py;orchestrator/src/orchestrator/substrate_gate.py;orchestrator/src/orchestrator/workflow.py;orchestrator/tests/test_git_ops.py;orchestrator/tests/test_harness_terminal_status_watcher.py;orchestrator/tests/test_merge_queue_main_health.py;orchestrator/tests/test_metrics.py;orchestrator/tests/test_reconcile_stranded.py;orchestrator/tests/test_review_checkpoint_cap.py;orchestrator/tests/test_substrate_gate.py;orchestrator/tests/test_workflow_train_state_escalation.py
dark_factory,1810,high,2026-06-18T11:50:18.418628+00:00,2026-06-18T12:01:39.437900+00:00,0.1892,used,7,1,0,1.324,1.324,1.020,0,fused-memory/src/fused_memory/middleware;fused-memory/src/fused_memory/reconciliation;fused-memory/tests/reconciliation/test_queue_health.py;fused-memory/tests/test_harness.py;fused-memory/tests/test_stages.py;fused-memory/tests/test_targeted.py;fused-memory/tests/test_task_interceptor.py
dark_factory,1808,high,2026-06-18T12:01:40.258323+00:00,2026-06-18T12:39:52.529589+00:00,0.6367,used,6,1,0,3.820,2.547,0.619,0,orchestrator/src/orchestrator/b3_gate.py;orchestrator/src/orchestrator/harness.py;orchestrator/src/orchestrator/merge_queue_store.py;orchestrator/tests/test_b3_gate.py;orchestrator/tests/test_merge_queue_store.py;orchestrator/tests/test_reconcile_stranded.py
dark_factory,1827,high,2026-06-18T12:39:52.688732+00:00,2026-06-18T13:01:53.780887+00:00,0.3670,era_death,5,1,0,1.835,1.742,0.668,0,fused-memory/src/fused_memory/backends;fused-memory/src/fused_memory/middleware;fused-memory/src/fused_memory/server;fused-memory/tests/test_sqlite_task_backend.py;fused-memory/tests/test_task_tools.py
dark_factory,1828,high,2026-06-18T13:42:00.369433+00:00,2026-06-18T14:14:11.592660+00:00,0.5365,used,4,1,0,2.146,1.546,2.612,0,orchestrator/src/orchestrator/dry_run_unblock.py;orchestrator/src/orchestrator/harness.py;orchestrator/src/orchestrator/scheduler.py;orchestrator/tests/test_dry_run_unblock.py
dark_factory,1812,medium,2026-06-18T13:02:49.894260+00:00,2026-06-18T14:41:15.200582+00:00,1.6404,silent_owner_dispatch_then_release,8,2,1,13.123,4.001,0.000,0,fused-memory/src/fused_memory/reconciliation;fused-memory/src/fused_memory/server;fused-memory/src/fused_memory/services;fused-memory/tests/reconciliation/test_base_find_fused_memory_server.py;fused-memory/tests/reconciliation/test_stage1.py;fused-memory/tests/server/test_search_tool.py;fused-memory/tests/test_harness.py;fused-memory/tests/test_memory_service.py
dark_factory,1838,high,2026-06-18T14:14:11.655560+00:00,2026-06-18T14:44:41.568681+00:00,0.5083,used,3,1,0,1.525,1.017,435.970,0,escalation/tests/test_release_workflow.py;orchestrator/tests/test_harness_cancel_workflow.py;orchestrator/tests/test_harness_merge_registry_wiring.py
dark_factory,1789,medium,2026-06-18T14:44:57.520212+00:00,2026-06-18T16:50:54.738999+00:00,2.0992,used,8,2,0,16.794,11.341,2.899,0,orchestrator/src/orchestrator/config.py;orchestrator/src/orchestrator/defaults.yaml;orchestrator/src/orchestrator/git_ops.py;orchestrator/src/orchestrator/harness.py;orchestrator/src/orchestrator/merge_queue.py;orchestrator/tests/test_harness_warm_lane_wiring.py;orchestrator/tests/test_merge_speculation.py;orchestrator/tests/test_warm_lane_pool.py
dark_factory,1832,medium,2026-06-18T16:51:13.176245+00:00,2026-06-18T19:44:50.316470+00:00,2.8937,used,5,2,0,14.468,8.681,0.734,0,orchestrator/src/orchestrator/config.py;orchestrator/src/orchestrator/harness.py;orchestrator/src/orchestrator/verify.py;orchestrator/tests/test_harness_main_tip_sweep.py;orchestrator/tests/test_verify_main_tip_sweep.py
dark_factory,1826,low,2026-06-18T19:45:35.564473+00:00,2026-06-18T20:28:53.261337+00:00,0.7216,used,8,4,0,5.773,5.051,111.379,0,orchestrator/src/orchestrator/git_ops.py;orchestrator/src/orchestrator/harness.py;orchestrator/src/orchestrator/service_restart.py;orchestrator/src/orchestrator/workflow.py;orchestrator/tests/test_git_ops.py;orchestrator/tests/test_harness_service_restart.py;orchestrator/tests/test_service_restart.py;orchestrator/tests/test_workflow_metadata_files_reconcile.py
dark_factory,1871,medium,2026-06-23T11:55:33.872632+00:00,2026-06-23T12:11:30.418945+00:00,0.2657,used,9,2,0,2.391,2.391,0.657,0,orchestrator/src/orchestrator/config.py;orchestrator/src/orchestrator/event_store.py;orchestrator/src/orchestrator/harness.py;orchestrator/src/orchestrator/park_eviction_requests.py;orchestrator/src/orchestrator/scheduler.py;orchestrator/tests/test_harness_park_eviction_wiring.py;orchestrator/tests/test_lock_table.py;orchestrator/tests/test_park_eviction_requests.py;orchestrator/tests/test_scheduler.py
dark_factory,1880,medium,2026-06-23T12:47:39.389834+00:00,2026-06-23T12:50:57.075736+00:00,0.0549,used,7,2,0,0.384,0.165,1.414,0,orchestrator/src/orchestrator/config.py;orchestrator/src/orchestrator/defaults.yaml;orchestrator/src/orchestrator/harness.py;orchestrator/src/orchestrator/scheduler.py;orchestrator/tests/test_config.py;orchestrator/tests/test_harness_starvation_watchdog.py;orchestrator/tests/test_scheduler.py
dark_factory,1882,medium,2026-06-23T13:41:33.405386+00:00,2026-06-23T13:43:04.294771+00:00,0.0252,evicted,4,2,0,0.101,0.025,0.545,1,orchestrator/src/orchestrator/config.py;orchestrator/src/orchestrator/harness.py;orchestrator/tests/test_config.py;orchestrator/tests/test_harness_warm_lane_wiring.py
dark_factory,1881,high,2026-06-23T13:43:04.282874+00:00,2026-06-23T14:15:48.059614+00:00,0.5455,used,7,1,0,3.818,3.273,0.610,0,orchestrator/src/orchestrator/git_ops.py;orchestrator/src/orchestrator/harness.py;orchestrator/src/orchestrator/warm_lane_pool.py;orchestrator/src/orchestrator/workflow.py;orchestrator/tests/test_harness_warm_lane_wiring.py;orchestrator/tests/test_warm_lane_integration_gate.py;orchestrator/tests/test_warm_lane_pool.py
dark_factory,1887,high,2026-06-23T16:26:16.960430+00:00,2026-06-23T17:42:10.085739+00:00,1.2648,used,2,1,0,2.530,1.265,44.548,0,orchestrator/src/orchestrator/git_ops.py;orchestrator/tests/test_git_ops.py
dark_factory,1884,medium,2026-06-23T16:14:52.697676+00:00,2026-06-23T17:42:10.164471+00:00,1.4549,evicted,4,2,0,5.819,4.365,0.000,1,CLAUDE.md;orchestrator/src/orchestrator/agents;orchestrator/src/orchestrator/workflow.py;orchestrator/tests/test_simple_task_classifier.py
dark_factory,1886,high,2026-06-23T17:42:10.162696+00:00,2026-06-23T17:42:10.223552+00:00,0.0000,used,3,1,0,0.000,0.000,0.468,0,orchestrator/src/orchestrator/merge_queue.py;orchestrator/src/orchestrator/workflow.py;orchestrator/tests/test_workflow_first_enqueue_stamp.py
dark_factory,1894,high,2026-06-23T18:29:20.414517+00:00,2026-06-23T19:29:17.600341+00:00,0.9992,used,7,1,0,6.995,6.995,0.851,0,dashboard/src/dashboard/app.py;dashboard/src/dashboard/data;dashboard/src/dashboard/static;dashboard/tests/test_merge_queue_data.py;dashboard/tests/test_redux_api.py;orchestrator/src/orchestrator/merge_queue.py;orchestrator/tests/test_merge_queue_metrics.py
dark_factory,1890,high,2026-06-23T19:40:58.436450+00:00,2026-06-23T20:20:19.635613+00:00,0.6559,used,2,1,0,1.312,0.656,0.974,0,orchestrator/src/orchestrator/merge_queue.py;orchestrator/tests/test_merge_queue_frozen_prefix.py
dark_factory,1883,medium,2026-06-23T18:10:15.422981+00:00,2026-06-23T20:48:32.711344+00:00,2.6381,silent_owner_dispatch_then_release,9,2,1,23.743,7.418,2.229,0,orchestrator/src/orchestrator/config.py;orchestrator/src/orchestrator/defaults.yaml;orchestrator/src/orchestrator/harness.py;orchestrator/src/orchestrator/verify.py;orchestrator/src/orchestrator/workflow.py;orchestrator/tests/test_config.py;orchestrator/tests/test_harness_infra_hold_repend.py;orchestrator/tests/test_verify.py;orchestrator/tests/test_workflow_verify_infra_resume.py
dark_factory,1891,high,2026-06-23T20:20:19.688195+00:00,2026-06-23T21:18:47.504442+00:00,0.9744,used,2,1,0,1.949,0.974,1.725,0,orchestrator/src/orchestrator/merge_queue.py;orchestrator/tests/test_merge_queue.py
dark_factory,1893,high,2026-06-23T21:18:47.621385+00:00,2026-06-23T23:02:18.436137+00:00,1.7252,used,5,1,0,8.626,6.901,0.954,0,orchestrator/src/orchestrator/config.py;orchestrator/src/orchestrator/harness.py;orchestrator/src/orchestrator/merge_queue.py;orchestrator/tests/test_harness_no_landings_breaker.py;orchestrator/tests/test_merge_queue_no_landings_breaker.py
dark_factory,1892,high,2026-06-23T23:02:18.649352+00:00,2026-06-23T23:21:40.880379+00:00,0.3228,gc_deps_unsatisfied,2,1,0,0.646,0.323,1.403,0,orchestrator/src/orchestrator/merge_queue.py;orchestrator/tests/test_merge_queue_bounce.py
dark_factory,1892,high,2026-06-23T23:21:55.939619+00:00,2026-06-23T23:59:32.150208+00:00,0.6267,used,2,1,0,1.253,0.627,0.772,0,orchestrator/src/orchestrator/merge_queue.py;orchestrator/tests/test_merge_queue_bounce.py
dark_factory,1893,high,2026-06-24T00:00:02.265977+00:00,2026-06-24T00:45:52.747649+00:00,0.7640,used,5,1,0,3.820,3.056,36.303,0,orchestrator/src/orchestrator/config.py;orchestrator/src/orchestrator/harness.py;orchestrator/src/orchestrator/merge_queue.py;orchestrator/tests/test_harness_no_landings_breaker.py;orchestrator/tests/test_merge_queue_no_landings_breaker.py
dark_factory,1912,high,2026-06-25T13:04:02.637285+00:00,2026-06-25T14:15:04.419653+00:00,1.1838,used,2,1,0,2.368,2.368,0.440,0,orchestrator/src/orchestrator/git_ops.py;orchestrator/tests/test_git_ops.py
dark_factory,1918,high,2026-06-26T06:53:06.725153+00:00,2026-06-26T07:50:32.218650+00:00,0.9571,used,7,1,0,6.700,5.437,2.382,0,orchestrator/src/orchestrator/config.py;orchestrator/src/orchestrator/harness.py;orchestrator/src/orchestrator/merge_queue.py;orchestrator/tests/test_config.py;orchestrator/tests/test_harness_no_landings_breaker.py;orchestrator/tests/test_merge_queue_no_landings_breaker.py;orchestrator/tests/test_merge_queue_two_layer_integration.py
dark_factory,1922,high,2026-06-26T09:48:40.746441+00:00,2026-06-26T10:13:29.125454+00:00,0.4134,used,4,1,0,1.654,1.654,0.675,0,orchestrator/src/orchestrator/git_ops.py;orchestrator/src/orchestrator/merge_queue.py;orchestrator/tests/test_git_ops.py;orchestrator/tests/test_merge_queue.py
dark_factory,1923,high,2026-06-26T10:13:29.219836+00:00,2026-06-26T10:53:58.975998+00:00,0.6749,used,5,1,0,3.375,2.025,79.131,0,orchestrator/src/orchestrator/git_ops.py;orchestrator/src/orchestrator/workflow.py;orchestrator/tests/test_git_ops.py;orchestrator/tests/test_warm_lane_integration_gate.py;orchestrator/tests/test_workflow_warm_lane_requeue.py
dark_factory,1932,medium,2026-06-29T17:45:00.350886+00:00,2026-06-29T18:01:50.071396+00:00,0.2805,used,2,2,0,0.561,0.561,0.446,0,orchestrator/src/orchestrator/git_ops.py;orchestrator/tests/test_warm_lane_pool.py
dark_factory,1933,medium,2026-06-29T18:02:05.162925+00:00,2026-06-29T18:28:34.740509+00:00,0.4415,used,7,2,0,3.091,2.208,0.720,0,orchestrator/src/orchestrator/config.py;orchestrator/src/orchestrator/git_ops.py;orchestrator/src/orchestrator/harness.py;orchestrator/src/orchestrator/warm_lane_pool.py;orchestrator/tests/test_git_ops.py;orchestrator/tests/test_harness_warm_lane_wiring.py;orchestrator/tests/test_warm_lane_pool.py
dark_factory,1934,low,2026-06-29T18:29:20.168637+00:00,2026-06-29T19:11:48.111812+00:00,0.7078,used,2,4,0,1.416,0.000,25.076,0,orchestrator/src/orchestrator/git_ops.py;orchestrator/tests/test_warm_lane_pool.py
dark_factory,1944,high,2026-07-01T04:22:07.847533+00:00,2026-07-01T06:14:38.266381+00:00,1.8751,used,2,1,0,3.750,3.750,1.442,0,fused-memory/src/fused_memory/reconciliation;fused-memory/tests/test_stages.py
dark_factory,1943,medium,2026-07-01T03:55:08.815799+00:00,2026-07-01T07:41:07.943283+00:00,3.7664,used,3,2,0,11.299,9.858,13.539,444,fused-memory/src/fused_memory/reconciliation;fused-memory/tests/reconciliation/test_policies.py;fused-memory/tests/test_flag_dedup.py
dark_factory,1968,high,2026-07-01T20:50:42.705815+00:00,2026-07-01T23:54:51.867013+00:00,3.0692,used,1,1,0,3.069,3.069,460.514,0,orchestrator/tests/test_offline_lane.py
dark_factory,1966,medium,2026-07-01T20:27:57.843207+00:00,2026-07-02T00:48:27.989880+00:00,4.3417,silent_owner_dispatch_then_release,5,2,1,21.709,3.790,0.000,207,fused-memory/src/fused_memory/reconciliation;fused-memory/src/fused_memory/server;fused-memory/tests/reconciliation/test_stage2_recon_report_channel.py;fused-memory/tests/server/test_recon_report.py;fused-memory/tests/test_flag_dedup.py
dark_factory,1970,medium,2026-07-01T23:55:07.125824+00:00,2026-07-02T00:48:28.057133+00:00,0.8891,used,1,2,0,0.889,0.889,19.942,0,fused-memory/tests/test_harness.py
dark_factory,1983,high,2026-07-02T10:33:39.777943+00:00,2026-07-02T11:08:54.137008+00:00,0.5873,used,3,1,0,1.762,1.762,4.760,0,fused-memory/src/fused_memory/config;fused-memory/tests/test_config_schema.py;orchestrator/src/orchestrator/defaults.yaml
dark_factory,2004,high,2026-07-02T12:35:16.366712+00:00,2026-07-02T12:35:16.496868+00:00,0.0000,used,4,1,0,0.000,0.000,2.694,0,fused-memory/src/fused_memory/middleware;fused-memory/tests/test_task_interceptor.py;orchestrator/src/orchestrator/deterministic_runner.py;orchestrator/tests/test_deterministic_task.py
dark_factory,1989,medium,2026-07-02T11:14:27.720899+00:00,2026-07-02T12:44:29.605950+00:00,1.5005,era_death,4,2,0,6.002,5.848,0.090,1,fused-memory/src/fused_memory/middleware;fused-memory/src/fused_memory/reconciliation;fused-memory/tests/test_path_scope_adjudicator.py;fused-memory/tests/test_task_curator.py
dark_factory,2018,high,2026-07-02T12:35:16.632083+00:00,2026-07-02T12:44:29.605950+00:00,0.1536,era_death,2,1,0,0.307,0.156,0.090,0,orchestrator/src/orchestrator/harness.py;orchestrator/src/orchestrator/warm_lane_pool.py
dark_factory,2018,high,2026-07-02T12:49:55.275868+00:00,2026-07-02T13:43:24.904716+00:00,0.8916,used,2,1,0,1.783,0.892,5.669,0,orchestrator/src/orchestrator/harness.py;orchestrator/src/orchestrator/warm_lane_pool.py
dark_factory,1984,medium,2026-07-02T13:43:33.936714+00:00,2026-07-02T14:13:14.574300+00:00,0.4946,used,2,2,0,0.989,0.495,1.062,0,fused-memory/src/fused_memory/reconciliation;fused-memory/tests/test_targeted.py
dark_factory,2010,medium,2026-07-02T14:13:29.673257+00:00,2026-07-02T15:54:30.807607+00:00,1.6836,used,4,2,0,6.735,5.051,3.484,0,orchestrator/src/orchestrator/config.py;orchestrator/src/orchestrator/defaults.yaml;orchestrator/src/orchestrator/git_ops.py;orchestrator/tests/test_interactive_worktree.py
dark_factory,1989,medium,2026-07-02T17:12:53.688647+00:00,2026-07-02T18:18:50.208319+00:00,1.0990,used,6,2,0,6.594,5.495,0.640,0,fused-memory/src/fused_memory/middleware;fused-memory/src/fused_memory/reconciliation;fused-memory/tests/test_path_scope_adjudicator.py;fused-memory/tests/test_task_curator.py;shared/src/shared/neutral_cwd.py;shared/tests/test_neutral_cwd.py
dark_factory,2022,medium,2026-07-02T18:19:05.705298+00:00,2026-07-02T18:57:12.973474+00:00,0.6354,used,5,2,0,3.177,2.541,1.796,0,fused-memory/src/fused_memory/reconciliation;fused-memory/src/fused_memory/server;fused-memory/tests/test_task_filter.py;fused-memory/tests/test_temporal_context.py;fused-memory/tests/test_temporal_guards.py
dark_factory,2031,medium,2026-07-02T20:42:03.815879+00:00,2026-07-02T20:42:33.042096+00:00,0.0081,era_death,5,2,0,0.041,0.041,1.200,0,fused-memory/src/fused_memory/reconciliation;fused-memory/src/fused_memory/services;fused-memory/tests/test_harness.py;fused-memory/tests/test_live_workflow_detector.py;fused-memory/tests/test_stages.py
dark_factory,2029,low,2026-07-02T20:45:43.056510+00:00,2026-07-02T21:30:18.597977+00:00,0.7432,era_death,3,4,0,2.230,0.743,0.057,0,fused-memory/src/fused_memory/reconciliation;fused-memory/tests/test_flag_dedup.py;fused-memory/tests/test_stages.py
dark_factory,2029,low,2026-07-02T21:34:31.456992+00:00,2026-07-02T21:54:31.537036+00:00,0.3334,used,3,4,0,1.000,0.333,0.772,0,fused-memory/src/fused_memory/reconciliation;fused-memory/tests/test_flag_dedup.py;fused-memory/tests/test_stages.py
dark_factory,2022,medium,2026-07-02T22:05:18.450965+00:00,2026-07-02T22:40:09.886132+00:00,0.5810,era_death,5,2,0,2.905,2.324,7.995,0,fused-memory/src/fused_memory/reconciliation;fused-memory/src/fused_memory/server;fused-memory/tests/test_task_filter.py;fused-memory/tests/test_temporal_context.py;fused-memory/tests/test_temporal_guards.py
dark_factory,2029,low,2026-07-03T06:43:22.194673+00:00,2026-07-03T07:25:44.986042+00:00,0.7063,used,3,4,0,2.119,1.413,6.936,0,fused-memory/src/fused_memory/reconciliation;fused-memory/tests/test_flag_dedup.py;fused-memory/tests/test_stages.py
dark_factory,2037,high,2026-07-03T11:51:48.844184+00:00,2026-07-03T12:25:35.778810+00:00,0.5630,era_death,2,1,0,1.126,0.563,1.287,0,orchestrator/src/orchestrator/merge_queue.py;orchestrator/src/orchestrator/merge_queue_store.py
dark_factory,2037,high,2026-07-03T13:42:47.940913+00:00,2026-07-03T14:06:42.017441+00:00,0.3984,silent_owner_dispatch_then_release,2,1,1,0.797,0.216,0.254,45,orchestrator/src/orchestrator/merge_queue.py;orchestrator/src/orchestrator/merge_queue_store.py
dark_factory,1992,high,2026-07-03T13:55:47.146608+00:00,2026-07-03T14:21:43.419547+00:00,0.4323,era_death,1,1,0,0.432,0.432,1.549,0,orchestrator/tests/test_merge_queue.py
dark_factory,1994,high,2026-07-03T17:43:49.756525+00:00,2026-07-03T17:44:10.336285+00:00,0.0057,used,2,1,0,0.011,0.006,3.776,0,orchestrator/src/orchestrator/merge_queue.py;orchestrator/tests/test_merge_queue.py
dark_factory,2049,medium,2026-07-03T21:45:32.697956+00:00,2026-07-03T22:07:07.766685+00:00,0.3597,used,2,2,0,0.719,0.360,2.418,0,fused-memory/src/fused_memory/reconciliation;fused-memory/tests/test_targeted.py
dark_factory,2052,medium,2026-07-04T00:16:51.624432+00:00,2026-07-04T00:32:12.596299+00:00,0.2558,used,2,2,0,0.512,0.256,2.965,0,fused-memory/src/fused_memory/reconciliation;fused-memory/tests/test_harness.py
dark_factory,2057,low,2026-07-04T03:24:18.527073+00:00,2026-07-04T03:30:05.048222+00:00,0.0963,used,5,4,0,0.481,0.385,5.470,0,fused-memory/src/fused_memory/backends;fused-memory/src/fused_memory/reconciliation;fused-memory/src/fused_memory/server;fused-memory/src/fused_memory/services;fused-memory/tests/test_set_entity_summary.py
dark_factory,2061,high,2026-07-04T08:00:16.171483+00:00,2026-07-04T08:01:18.449731+00:00,0.0173,era_death,6,1,0,0.104,0.069,0.056,0,orchestrator/src/orchestrator/git_ops.py;orchestrator/src/orchestrator/scheduler.py;orchestrator/src/orchestrator/workflow.py;orchestrator/tests/test_harness_warm_lane_wiring.py;orchestrator/tests/test_warm_lane_pool.py;orchestrator/tests/test_warm_lane_pool_hard_down.py
dark_factory,2061,high,2026-07-04T08:04:40.829890+00:00,2026-07-04T08:52:28.857968+00:00,0.7967,used,6,1,0,4.780,3.187,0.096,0,orchestrator/src/orchestrator/git_ops.py;orchestrator/src/orchestrator/scheduler.py;orchestrator/src/orchestrator/workflow.py;orchestrator/tests/test_harness_warm_lane_wiring.py;orchestrator/tests/test_warm_lane_pool.py;orchestrator/tests/test_warm_lane_pool_hard_down.py
dark_factory,2062,high,2026-07-04T08:52:28.927733+00:00,2026-07-04T08:52:51.415982+00:00,0.0062,era_death,4,1,0,0.025,0.007,0.090,0,orchestrator/src/orchestrator/git_ops.py;orchestrator/src/orchestrator/harness.py;orchestrator/src/orchestrator/warm_lane_pool.py;orchestrator/tests/test_harness_warm_lane_wiring.py
dark_factory,2062,high,2026-07-04T08:58:15.997229+00:00,2026-07-04T10:56:51.388226+00:00,1.9765,era_death,4,1,0,7.906,5.929,0.084,0,orchestrator/src/orchestrator/git_ops.py;orchestrator/src/orchestrator/harness.py;orchestrator/src/orchestrator/warm_lane_pool.py;orchestrator/tests/test_harness_warm_lane_wiring.py
dark_factory,2062,high,2026-07-04T11:01:53.741199+00:00,2026-07-04T13:26:42.537144+00:00,2.4136,used,4,1,0,9.654,2.414,0.113,0,orchestrator/src/orchestrator/git_ops.py;orchestrator/src/orchestrator/harness.py;orchestrator/src/orchestrator/warm_lane_pool.py;orchestrator/tests/test_harness_warm_lane_wiring.py
dark_factory,2061,high,2026-07-04T13:26:42.646166+00:00,2026-07-04T13:32:06.361703+00:00,0.0899,era_death,10,1,0,0.899,0.270,5.563,0,orchestrator/src/orchestrator/config.py;orchestrator/src/orchestrator/defaults.yaml;orchestrator/src/orchestrator/git_ops.py;orchestrator/src/orchestrator/harness.py;orchestrator/src/orchestrator/scheduler.py;orchestrator/src/orchestrator/workflow.py;orchestrator/tests/test_harness_warm_lane_wiring.py;orchestrator/tests/test_warm_lane_pool.py;orchestrator/tests/test_warm_lane_pool_hard_down.py;orchestrator/tests/test_workflow_warm_lane_requeue.py
dark_factory,2000,high,2026-07-04T18:04:15.329184+00:00,2026-07-04T18:04:30.368629+00:00,0.0042,used,4,1,0,0.017,0.017,5.676,0,orchestrator/src/orchestrator/merge_queue.py;orchestrator/src/orchestrator/merge_types.py;orchestrator/tests/test_merge_queue.py;orchestrator/tests/test_merge_types.py
dark_factory,2060,medium,2026-07-04T13:33:30.185972+00:00,2026-07-04T18:28:07.454454+00:00,4.9104,era_death,4,2,0,19.641,9.207,0.062,1037,orchestrator/src/orchestrator/git_ops.py;orchestrator/src/orchestrator/merge_queue.py;orchestrator/tests/test_merge_queue.py;orchestrator/tests/test_merge_queue_resource_audit.py
dark_factory,2062,high,2026-07-04T14:03:05.335504+00:00,2026-07-04T18:28:07.454454+00:00,4.4173,era_death,4,1,0,17.669,4.417,0.062,0,orchestrator/src/orchestrator/git_ops.py;orchestrator/src/orchestrator/harness.py;orchestrator/src/orchestrator/warm_lane_pool.py;orchestrator/tests/test_harness_warm_lane_wiring.py
dark_factory,2062,high,2026-07-04T18:31:52.638255+00:00,2026-07-04T19:05:51.675238+00:00,0.5664,used,4,1,0,2.266,0.567,0.493,0,orchestrator/src/orchestrator/git_ops.py;orchestrator/src/orchestrator/harness.py;orchestrator/src/orchestrator/warm_lane_pool.py;orchestrator/tests/test_harness_warm_lane_wiring.py
dark_factory,2060,medium,2026-07-04T19:06:06.780098+00:00,2026-07-04T19:33:12.660670+00:00,0.4516,era_death,4,2,0,1.807,0.452,0.037,0,orchestrator/src/orchestrator/git_ops.py;orchestrator/src/orchestrator/merge_queue.py;orchestrator/tests/test_merge_queue.py;orchestrator/tests/test_merge_queue_resource_audit.py
dark_factory,2062,high,2026-07-04T20:39:51.565161+00:00,2026-07-04T22:48:56.574880+00:00,2.1514,used,4,1,0,8.606,6.454,0.527,0,orchestrator/src/orchestrator/git_ops.py;orchestrator/src/orchestrator/harness.py;orchestrator/tests/test_git_ops.py;orchestrator/tests/test_harness_warm_lane_wiring.py
dark_factory,2060,medium,2026-07-04T19:35:25.503883+00:00,2026-07-04T23:17:52.367888+00:00,3.7075,era_death,4,2,0,14.830,6.933,0.045,511,orchestrator/src/orchestrator/git_ops.py;orchestrator/src/orchestrator/merge_queue.py;orchestrator/tests/test_merge_queue.py;orchestrator/tests/test_merge_queue_resource_audit.py
dark_factory,2060,medium,2026-07-04T23:20:33.155958+00:00,2026-07-04T23:45:04.291707+00:00,0.4086,used,4,2,0,1.635,0.817,0.202,0,orchestrator/src/orchestrator/git_ops.py;orchestrator/src/orchestrator/merge_queue.py;orchestrator/tests/test_merge_queue.py;orchestrator/tests/test_merge_queue_resource_audit.py
dark_factory,2063,medium,2026-07-04T23:45:19.419384+00:00,2026-07-04T23:57:12.112418+00:00,0.1980,used,3,2,0,0.594,0.198,0.340,0,orchestrator/src/orchestrator/merge_queue.py;orchestrator/tests/test_merge_queue_concurrent_verify.py;orchestrator/tests/test_merge_queue_resource_audit.py
dark_factory,2060,medium,2026-07-04T23:57:57.895459+00:00,2026-07-05T00:16:00.880838+00:00,0.3008,era_death,4,2,0,1.203,0.602,0.357,0,orchestrator/src/orchestrator/harness.py;orchestrator/src/orchestrator/merge_queue.py;orchestrator/tests/test_harness_orphan_merge_reaper_wiring.py;orchestrator/tests/test_merge_queue_orphan_reaper.py
dark_factory,2063,medium,2026-07-05T00:17:50.807810+00:00,2026-07-05T00:37:25.430095+00:00,0.3263,used,3,2,0,0.979,0.653,1.373,0,orchestrator/src/orchestrator/merge_queue.py;orchestrator/tests/test_merge_queue_concurrent_verify.py;orchestrator/tests/test_merge_queue_resource_audit.py
dark_factory,2068,low,2026-07-05T00:37:55.619451+00:00,2026-07-05T01:33:01.600088+00:00,0.9183,era_death,1,4,0,0.918,0.000,0.024,0,orchestrator/src/orchestrator/merge_queue.py
dark_factory,2094,medium,2026-07-05T01:35:59.295709+00:00,2026-07-05T01:42:51.091115+00:00,0.1144,used,1,2,0,0.114,0.000,1.526,0,fused-memory/src/fused_memory/reconciliation
dark_factory,2068,low,2026-07-05T01:34:58.048504+00:00,2026-07-05T01:59:49.696161+00:00,0.4143,used,1,4,0,0.414,0.000,4.996,0,orchestrator/src/orchestrator/merge_queue.py
dark_factory,2099,critical,2026-07-05T07:04:36.428354+00:00,2026-07-05T08:35:09.373312+00:00,1.5092,used,2,1,0,3.018,0.393,30.066,0,orchestrator/src/orchestrator/git_ops.py;orchestrator/src/orchestrator/harness.py
dark_factory,2111,medium,2026-07-06T07:21:00.987086+00:00,2026-07-06T08:15:50.847549+00:00,0.9139,used,3,2,0,2.742,2.742,0.796,0,fused-memory/src/fused_memory/reconciliation;fused-memory/src/fused_memory/services;fused-memory/tests/test_memory_service.py
dark_factory,2120,high,2026-07-06T14:39:07.103507+00:00,2026-07-06T15:40:59.312452+00:00,1.0312,used,4,1,0,4.125,2.062,0.000,0,escalation/src/escalation/queue.py;escalation/tests/test_queue.py;orchestrator/src/orchestrator/deterministic_runner.py;orchestrator/tests/test_deterministic_runner.py
dark_factory,2145,high,2026-07-06T15:40:59.430157+00:00,2026-07-06T17:05:08.422175+00:00,1.4025,era_death,6,1,0,8.415,6.337,3.310,0,fused-memory/src/fused_memory/backends;fused-memory/src/fused_memory/reconciliation;fused-memory/src/fused_memory/services;fused-memory/tests/test_context_assembler.py;fused-memory/tests/test_memory_service.py;fused-memory/tests/test_rebuild_entity_summaries.py
dark_factory,2120,high,2026-07-06T18:42:52.189692+00:00,2026-07-06T18:42:52.704928+00:00,0.0001,used,4,1,0,0.001,0.000,1.448,0,escalation/src/escalation/queue.py;escalation/tests/test_queue.py;orchestrator/src/orchestrator/deterministic_runner.py;orchestrator/tests/test_deterministic_runner.py
dark_factory,2165,high,2026-07-06T18:42:53.186096+00:00,2026-07-06T20:54:54.905388+00:00,2.2005,silent_owner_dispatch_then_release,5,1,1,11.002,5.924,0.036,180,orchestrator/src/orchestrator/merge_gates.py;orchestrator/src/orchestrator/merge_queue.py;orchestrator/src/orchestrator/merge_types.py;orchestrator/src/orchestrator/workflow.py;orchestrator/tests/test_outcome_kind.py
dark_factory,2165,high,2026-07-06T20:57:03.148711+00:00,2026-07-06T21:46:12.600232+00:00,0.8193,era_death,5,1,0,4.096,3.277,0.051,0,orchestrator/src/orchestrator/merge_gates.py;orchestrator/src/orchestrator/merge_queue.py;orchestrator/src/orchestrator/merge_types.py;orchestrator/src/orchestrator/workflow.py;orchestrator/tests/test_outcome_kind.py
dark_factory,2165,high,2026-07-06T21:49:16.890070+00:00,2026-07-06T22:43:10.527265+00:00,0.8982,era_death,5,1,0,4.491,3.593,0.034,0,orchestrator/src/orchestrator/merge_gates.py;orchestrator/src/orchestrator/merge_queue.py;orchestrator/src/orchestrator/merge_types.py;orchestrator/src/orchestrator/workflow.py;orchestrator/tests/test_outcome_kind.py
dark_factory,2154,high,2026-07-06T22:45:14.690560+00:00,2026-07-06T22:45:14.872043+00:00,0.0001,used,1,1,0,0.000,0.000,0.276,0,orchestrator/src/orchestrator/merge_queue.py
dark_factory,2165,high,2026-07-06T22:45:14.950339+00:00,2026-07-06T23:31:18.611743+00:00,0.7677,silent_owner_dispatch_then_release,5,1,1,3.838,1.105,0.070,35,orchestrator/src/orchestrator/merge_gates.py;orchestrator/src/orchestrator/merge_queue.py;orchestrator/src/orchestrator/merge_types.py;orchestrator/src/orchestrator/workflow.py;orchestrator/tests/test_outcome_kind.py
dark_factory,2155,high,2026-07-06T23:01:49.675033+00:00,2026-07-06T23:31:18.876080+00:00,0.4914,era_death,1,1,0,0.491,0.491,87.412,0,orchestrator/src/orchestrator/merge_queue_store.py
dark_factory,2146,high,2026-07-06T23:10:04.509879+00:00,2026-07-06T23:31:18.876080+00:00,0.3540,era_death,10,1,0,3.540,3.186,8.910,0,fused-memory/src/fused_memory/reconciliation;fused-memory/tests/reconciliation/test_assemble_payload_snapshot_filter.py;fused-memory/tests/reconciliation/test_base_stage_cutover.py;fused-memory/tests/reconciliation/test_cutover_end_to_end.py;fused-memory/tests/reconciliation/test_recon_cross_cycle_dedup_citations.py;fused-memory/tests/reconciliation/test_stage1.py;fused-memory/tests/reconciliation/test_stage2_recon_report_channel.py;fused-memory/tests/test_curator_escalator.py;fused-memory/tests/test_harness.py;fused-memory/tests/test_stages.py
dark_factory,2152,high,2026-07-06T23:35:30.460358+00:00,2026-07-07T02:05:55.611613+00:00,2.5070,era_death,2,1,0,5.014,2.507,6.333,0,fused-memory/src/fused_memory/reconciliation;fused-memory/tests/test_targeted.py
dark_factory,2152,high,2026-07-07T08:25:55.026414+00:00,2026-07-07T08:25:55.522661+00:00,0.0001,used,2,1,0,0.000,0.000,0.800,0,fused-memory/src/fused_memory/reconciliation;fused-memory/tests/test_targeted.py
dark_factory,2156,high,2026-07-07T08:25:55.654295+00:00,2026-07-07T09:12:27.472439+00:00,0.7755,era_death,6,1,0,4.653,3.103,0.025,0,orchestrator/src/orchestrator/harness.py;orchestrator/src/orchestrator/merge_queue.py;orchestrator/src/orchestrator/scheduler.py;orchestrator/tests/test_harness_landed_dispatch_gate_wiring.py;orchestrator/tests/test_merge_queue_landed_dispatch_gate.py;orchestrator/tests/test_scheduler_landed_dispatch_gate.py
dark_factory,2152,high,2026-07-07T09:13:56.743449+00:00,2026-07-07T09:13:57.210333+00:00,0.0001,used,2,1,0,0.000,0.000,0.495,0,fused-memory/src/fused_memory/reconciliation;fused-memory/tests/test_targeted.py
dark_factory,2156,high,2026-07-07T09:13:57.296962+00:00,2026-07-07T09:57:55.832248+00:00,0.7329,era_death,6,1,0,4.398,3.665,0.003,0,orchestrator/src/orchestrator/harness.py;orchestrator/src/orchestrator/merge_queue.py;orchestrator/src/orchestrator/scheduler.py;orchestrator/tests/test_harness_landed_dispatch_gate_wiring.py;orchestrator/tests/test_merge_queue_landed_dispatch_gate.py;orchestrator/tests/test_scheduler_landed_dispatch_gate.py
dark_factory,2156,high,2026-07-07T09:58:06.577853+00:00,2026-07-07T09:58:06.973551+00:00,0.0001,used,6,1,0,0.001,0.001,0.914,0,orchestrator/src/orchestrator/harness.py;orchestrator/src/orchestrator/merge_queue.py;orchestrator/src/orchestrator/scheduler.py;orchestrator/tests/test_harness_landed_dispatch_gate_wiring.py;orchestrator/tests/test_merge_queue_landed_dispatch_gate.py;orchestrator/tests/test_scheduler_landed_dispatch_gate.py
dark_factory,2166,high,2026-07-07T09:58:07.621519+00:00,2026-07-07T10:52:48.383389+00:00,0.9113,era_death,4,1,0,3.645,2.734,0.003,0,fused-memory/src/fused_memory/middleware;fused-memory/src/fused_memory/server;fused-memory/tests/test_deterministic_task_guard.py;fused-memory/tests/test_task_interceptor.py
dark_factory,2156,high,2026-07-07T10:52:58.968703+00:00,2026-07-07T10:52:59.074905+00:00,0.0000,used,6,1,0,0.000,0.000,1.470,0,orchestrator/src/orchestrator/harness.py;orchestrator/src/orchestrator/merge_queue.py;orchestrator/src/orchestrator/scheduler.py;orchestrator/tests/test_harness_landed_dispatch_gate_wiring.py;orchestrator/tests/test_merge_queue_landed_dispatch_gate.py;orchestrator/tests/test_scheduler_landed_dispatch_gate.py
dark_factory,2166,high,2026-07-07T10:52:59.146113+00:00,2026-07-07T11:14:05.742359+00:00,0.3518,used,4,1,0,1.407,1.056,2.276,0,fused-memory/src/fused_memory/middleware;fused-memory/src/fused_memory/server;fused-memory/tests/test_deterministic_task_guard.py;fused-memory/tests/test_task_interceptor.py
dark_factory,2167,high,2026-07-07T11:14:05.869157+00:00,2026-07-07T12:21:11.214084+00:00,1.1182,used,4,1,0,4.473,3.354,1.157,0,orchestrator/src/orchestrator/deterministic_runner.py;orchestrator/src/orchestrator/scheduler.py;orchestrator/tests/test_deterministic_runner.py;orchestrator/tests/test_scheduler.py
dark_factory,2171,high,2026-07-07T12:21:11.298895+00:00,2026-07-07T13:26:29.736844+00:00,1.0885,era_death,5,1,0,5.442,1.089,1.227,0,fused-memory/src/fused_memory/backends;fused-memory/src/fused_memory/middleware;fused-memory/src/fused_memory/reconciliation;fused-memory/src/fused_memory/server;fused-memory/tests/test_sqlite_task_backend.py
dark_factory,2186,high,2026-07-07T13:30:37.645584+00:00,2026-07-07T14:44:09.411971+00:00,1.2255,silent_owner_dispatch_then_release,2,1,1,2.451,0.000,0.031,0,fused-memory/src/fused_memory/backends;fused-memory/src/fused_memory/middleware
dark_factory,2132,high,2026-07-07T14:38:08.949175+00:00,2026-07-07T14:44:10.674499+00:00,0.1005,era_death,3,1,0,0.301,0.101,0.031,0,shared/src/shared/cli_invoke.py;shared/src/shared/usage_gate.py;shared/tests/test_usage_gate_exhaustive.py
dark_factory,2132,high,2026-07-07T14:46:00.606051+00:00,2026-07-07T16:18:15.451823+00:00,1.5375,gc_deps_unsatisfied,3,1,1,4.612,0.298,3.471,0,shared/src/shared/cli_invoke.py;shared/src/shared/usage_gate.py;shared/tests/test_usage_gate_exhaustive.py
dark_factory,2139,high,2026-07-07T17:59:01.206970+00:00,2026-07-07T19:40:23.300357+00:00,1.6895,era_death,2,1,0,3.379,1.689,0.103,0,shared/src/shared/usage_gate.py;shared/tests/test_usage_gate.py
dark_factory,2132,high,2026-07-07T19:46:32.595829+00:00,2026-07-07T20:23:53.630507+00:00,0.6225,era_death,3,1,0,1.868,0.000,0.035,0,shared/src/shared/cli_invoke.py;shared/src/shared/usage_gate.py;shared/tests/test_usage_gate_exhaustive.py
dark_factory,2132,high,2026-07-07T20:25:57.992330+00:00,2026-07-07T21:11:15.722543+00:00,0.7549,era_death,3,1,0,2.265,0.001,0.039,0,shared/src/shared/cli_invoke.py;shared/src/shared/usage_gate.py;shared/tests/test_usage_gate_exhaustive.py
dark_factory,2132,high,2026-07-07T21:13:35.626693+00:00,2026-07-07T22:17:17.697318+00:00,1.0617,era_death,3,1,0,3.185,0.000,2.080,0,shared/src/shared/cli_invoke.py;shared/src/shared/usage_gate.py;shared/tests/test_usage_gate_exhaustive.py
dark_factory,2132,high,2026-07-08T00:22:05.318820+00:00,2026-07-08T00:22:07.142027+00:00,0.0005,used,3,1,0,0.002,0.000,4.348,0,shared/src/shared/cli_invoke.py;shared/src/shared/usage_gate.py;shared/tests/test_usage_gate_exhaustive.py
dark_factory,2139,high,2026-07-08T00:22:07.384337+00:00,2026-07-08T05:27:31.537663+00:00,5.0900,silent_owner_dispatch_then_release,2,1,1,10.180,4.348,0.055,0,shared/src/shared/usage_gate.py;shared/tests/test_usage_gate.py
dark_factory,2142,high,2026-07-08T05:30:51.370001+00:00,2026-07-08T05:30:52.221237+00:00,0.0002,used,2,1,0,0.000,0.000,0.926,0,shared/src/shared/usage_gate.py;shared/tests/test_usage_gate_exhaustive.py
dark_factory,2189,high,2026-07-08T05:30:52.661446+00:00,2026-07-08T10:00:54.942467+00:00,4.5006,era_death,2,1,0,9.001,4.500,0.485,0,fused-memory/src/fused_memory/backends;fused-memory/src/fused_memory/middleware
dark_factory,2206,high,2026-07-08T10:10:28.484108+00:00,2026-07-08T10:30:01.777190+00:00,0.3259,used,1,1,0,0.326,0.000,0.006,0,fused-memory/src/fused_memory/middleware
dark_factory,2134,high,2026-07-08T11:24:33.278890+00:00,2026-07-08T11:24:33.624284+00:00,0.0001,used,3,1,0,0.000,0.000,4.378,0,shared/src/shared/cli_invoke.py;shared/src/shared/usage_gate.py;shared/tests/test_cap_retry.py
dark_factory,2222,high,2026-07-08T10:30:02.547178+00:00,2026-07-08T12:26:40.444405+00:00,1.9439,era_death,4,1,0,7.775,3.887,3.343,0,fused-memory/src/fused_memory/backends;fused-memory/src/fused_memory/server;fused-memory/src/fused_memory/services;fused-memory/tests/test_add_system_record.py
dark_factory,2265,critical,2026-07-08T11:38:46.619153+00:00,2026-07-08T12:26:40.444405+00:00,0.7983,era_death,4,1,0,3.193,0.798,3.343,0,orchestrator/src/orchestrator/git_ops.py;orchestrator/src/orchestrator/harness.py;orchestrator/tests/test_git_ops.py;orchestrator/tests/test_reconcile_stranded.py
dark_factory,2139,high,2026-07-08T15:47:14.348310+00:00,2026-07-08T15:47:14.994104+00:00,0.0002,used,2,1,0,0.000,0.000,0.764,0,shared/src/shared/usage_gate.py;shared/tests/test_usage_gate.py
dark_factory,2189,high,2026-07-08T15:47:15.782278+00:00,2026-07-08T15:47:53.762492+00:00,0.0106,era_death,5,1,0,0.053,0.032,0.002,0,fused-memory/src/fused_memory/backends;fused-memory/src/fused_memory/middleware;fused-memory/tests/test_candidate_key_escalation.py;fused-memory/tests/test_sqlite_task_backend.py;fused-memory/tests/test_task_interceptor.py
dark_factory,2189,high,2026-07-08T15:48:01.623532+00:00,2026-07-08T16:42:48.873403+00:00,0.9131,era_death,5,1,0,4.566,2.739,0.030,0,fused-memory/src/fused_memory/backends;fused-memory/src/fused_memory/middleware;fused-memory/tests/test_candidate_key_escalation.py;fused-memory/tests/test_sqlite_task_backend.py;fused-memory/tests/test_task_interceptor.py
dark_factory,2265,critical,2026-07-08T16:33:05.675786+00:00,2026-07-08T16:42:48.873403+00:00,0.1620,era_death,4,1,0,0.648,0.486,0.030,0,orchestrator/src/orchestrator/git_ops.py;orchestrator/src/orchestrator/harness.py;orchestrator/tests/test_git_ops.py;orchestrator/tests/test_reconcile_stranded.py
dark_factory,2123,high,2026-07-08T16:44:36.643564+00:00,2026-07-08T19:36:56.222709+00:00,2.8721,silent_owner_dispatch_then_release,5,1,1,14.361,9.453,0.037,0,orchestrator/src/orchestrator/merge_queue.py;orchestrator/src/orchestrator/verify.py;orchestrator/src/orchestrator/verify_categories.py;orchestrator/src/orchestrator/verify_runner.py;orchestrator/src/orchestrator/workflow.py
dark_factory,2265,critical,2026-07-08T16:59:27.340061+00:00,2026-07-08T19:36:56.222709+00:00,2.6247,era_death,4,1,0,10.499,7.875,0.037,0,orchestrator/src/orchestrator/git_ops.py;orchestrator/src/orchestrator/harness.py;orchestrator/tests/test_git_ops.py;orchestrator/tests/test_reconcile_stranded.py
dark_factory,2188,high,2026-07-08T19:39:09.261711+00:00,2026-07-08T19:39:10.109814+00:00,0.0002,used,13,1,0,0.003,0.002,2.732,0,fused-memory/src/fused_memory/middleware;fused-memory/src/fused_memory/server;fused-memory/tests/test_task_interceptor.py;fused-memory/tests/test_tools_claimant.py;orchestrator/src/orchestrator/config.py;orchestrator/src/orchestrator/harness.py;orchestrator/src/orchestrator/scheduler.py;orchestrator/src/orchestrator/workflow.py;orchestrator/tests/test_harness_claimant_clear.py;orchestrator/tests/test_scheduler_claimant.py;orchestrator/tests/test_workflow_claimant.py;shared/src/shared/task_claimant.py;shared/tests/test_task_claimant.py
dark_factory,2189,high,2026-07-08T19:39:10.437953+00:00,2026-07-08T22:13:36.911890+00:00,2.5740,era_death,5,1,0,12.870,7.722,0.158,0,fused-memory/src/fused_memory/backends;fused-memory/src/fused_memory/middleware;fused-memory/tests/test_candidate_key_escalation.py;fused-memory/tests/test_sqlite_task_backend.py;fused-memory/tests/test_task_interceptor.py
dark_factory,2160,high,2026-07-08T22:23:05.711663+00:00,2026-07-08T22:23:06.091966+00:00,0.0001,used,2,1,0,0.000,0.000,0.001,0,orchestrator/src/orchestrator/merge_queue.py;orchestrator/src/orchestrator/merge_speculation_controller.py
dark_factory,2189,high,2026-07-08T22:23:06.816391+00:00,2026-07-08T22:23:07.028159+00:00,0.0001,used,5,1,0,0.000,0.000,0.000,0,fused-memory/src/fused_memory/backends;fused-memory/src/fused_memory/middleware;fused-memory/tests/test_candidate_key_escalation.py;fused-memory/tests/test_sqlite_task_backend.py;fused-memory/tests/test_task_interceptor.py
dark_factory,2201,high,2026-07-08T22:23:07.299545+00:00,2026-07-08T22:23:07.905743+00:00,0.0002,used,1,1,0,0.000,0.000,0.001,0,fused-memory/src/fused_memory/backends
dark_factory,2222,high,2026-07-08T22:23:08.406786+00:00,2026-07-08T22:23:09.930622+00:00,0.0004,used,4,1,0,0.002,0.001,3.495,0,fused-memory/src/fused_memory/backends;fused-memory/src/fused_memory/server;fused-memory/src/fused_memory/services;fused-memory/tests/test_add_system_record.py
dark_factory,2265,critical,2026-07-08T23:26:32.808108+00:00,2026-07-09T01:51:23.472704+00:00,2.4141,silent_owner_dispatch_then_release,4,1,1,9.656,6.247,0.024,0,orchestrator/src/orchestrator/git_ops.py;orchestrator/src/orchestrator/harness.py;orchestrator/tests/test_git_ops.py;orchestrator/tests/test_reconcile_stranded.py
dark_factory,2223,high,2026-07-08T22:23:10.396007+00:00,2026-07-09T01:51:24.279945+00:00,3.4705,era_death,3,1,0,10.412,5.074,0.024,349,fused-memory/src/fused_memory/middleware;fused-memory/src/fused_memory/server;fused-memory/tests/test_task_write_agent_id.py
dark_factory,2160,high,2026-07-09T01:52:50.851307+00:00,2026-07-09T05:29:03.959937+00:00,3.6036,era_death,2,1,0,7.207,3.604,0.003,0,orchestrator/src/orchestrator/merge_queue.py;orchestrator/src/orchestrator/merge_speculation_controller.py
dark_factory,2160,high,2026-07-09T05:29:14.530314+00:00,2026-07-09T06:03:07.939547+00:00,0.5648,used,2,1,0,1.130,0.565,1.656,0,orchestrator/src/orchestrator/merge_queue.py;orchestrator/src/orchestrator/merge_speculation_controller.py
dark_factory,2201,high,2026-07-09T06:03:08.134089+00:00,2026-07-09T06:15:42.858969+00:00,0.2096,era_death,1,1,0,0.210,0.000,0.003,0,fused-memory/src/fused_memory/backends
dark_factory,2201,high,2026-07-09T06:15:55.160749+00:00,2026-07-09T06:53:05.999730+00:00,0.6197,era_death,1,1,0,0.620,0.000,0.004,0,fused-memory/src/fused_memory/backends
dark_factory,2201,high,2026-07-09T06:53:22.343655+00:00,2026-07-09T07:31:02.113731+00:00,0.6277,used,1,1,0,0.628,0.000,0.000,0,fused-memory/src/fused_memory/backends
dark_factory,2208,high,2026-07-09T07:31:02.341119+00:00,2026-07-09T08:29:41.561247+00:00,0.9776,era_death,6,1,0,5.865,3.910,0.789,0,fused-memory/src/fused_memory/middleware;fused-memory/src/fused_memory/server;fused-memory/tests/test_dark_factory_path_guard.py;fused-memory/tests/test_path_scope_guard.py;fused-memory/tests/test_project_prefix_registry.py;fused-memory/tests/test_task_interceptor.py
dark_factory,2138,high,2026-07-09T09:16:00.441031+00:00,2026-07-09T09:30:20.293154+00:00,0.2388,used,4,1,0,0.955,0.718,1.136,0,orchestrator/src/orchestrator/b3_gate.py;orchestrator/src/orchestrator/dry_run_unblock.py;orchestrator/src/orchestrator/unblock_types.py;orchestrator/src/orchestrator/workflow.py
dark_factory,2208,high,2026-07-09T09:30:21.156858+00:00,2026-07-09T10:09:57.350437+00:00,0.6601,era_death,6,1,0,3.960,2.718,2.879,0,fused-memory/src/fused_memory/middleware;fused-memory/src/fused_memory/server;fused-memory/tests/test_dark_factory_path_guard.py;fused-memory/tests/test_path_scope_guard.py;fused-memory/tests/test_project_prefix_registry.py;fused-memory/tests/test_task_interceptor.py
dark_factory,2222,high,2026-07-09T10:10:24.866059+00:00,2026-07-09T12:06:10.398846+00:00,1.9293,era_death,6,1,0,11.576,9.330,0.064,0,fused-memory/src/fused_memory/backends;fused-memory/src/fused_memory/server;fused-memory/src/fused_memory/services;fused-memory/tests/server/test_add_system_record_gate.py;fused-memory/tests/test_mem0_client.py;fused-memory/tests/test_memory_service.py
dark_factory,2141,high,2026-07-09T10:38:29.005723+00:00,2026-07-09T12:06:10.398846+00:00,1.4615,era_death,2,1,0,2.923,1.462,0.530,0,orchestrator/src/orchestrator/dry_run_unblock.py;orchestrator/src/orchestrator/merge_queue.py
dark_factory,2161,high,2026-07-09T12:10:00.253191+00:00,2026-07-09T12:37:58.547707+00:00,0.4662,used,9,1,0,4.196,3.730,1.458,0,orchestrator/src/orchestrator/merge_queue.py;orchestrator/src/orchestrator/merge_speculation_controller.py;orchestrator/src/orchestrator/merge_types.py;orchestrator/tests/test_coalesce_integration_gate.py;orchestrator/tests/test_merge_queue.py;orchestrator/tests/test_merge_queue_resource_audit.py;orchestrator/tests/test_merge_types_invariants.py;orchestrator/tests/test_permit_ledger.py;orchestrator/tests/test_raw_semaphore_access_guard.py
dark_factory,2222,high,2026-07-09T12:38:43.132864+00:00,2026-07-09T13:56:44.609259+00:00,1.3004,used,6,1,0,7.802,6.108,0.386,0,fused-memory/src/fused_memory/backends;fused-memory/src/fused_memory/server;fused-memory/src/fused_memory/services;fused-memory/tests/server/test_add_system_record_gate.py;fused-memory/tests/test_mem0_client.py;fused-memory/tests/test_memory_service.py
dark_factory,2223,high,2026-07-09T13:56:59.983225+00:00,2026-07-09T14:29:30.714105+00:00,0.5419,era_death,3,1,0,1.626,0.703,0.593,0,fused-memory/src/fused_memory/middleware;fused-memory/src/fused_memory/server;fused-memory/tests/test_task_write_agent_id.py
dark_factory,2227,high,2026-07-09T14:32:10.840852+00:00,2026-07-09T15:05:06.641686+00:00,0.5488,used,9,1,0,4.940,4.393,1.642,0,fused-memory/src/fused_memory/reconciliation;fused-memory/src/fused_memory/server;fused-memory/src/fused_memory/services;fused-memory/tests/reconciliation/test_recon_cross_cycle_dedup_citations.py;fused-memory/tests/reconciliation/test_stage1.py;fused-memory/tests/test_flag_dedup.py;fused-memory/tests/test_recon_ledger.py;fused-memory/tests/test_stages.py;fused-memory/tests/test_sweep_orphan_flag_markers.py
dark_factory,2235,high,2026-07-09T15:05:16.912263+00:00,2026-07-09T17:45:18.524076+00:00,2.6671,era_death,22,1,0,58.677,53.747,0.089,0,orchestrator/src/orchestrator/harness.py;orchestrator/src/orchestrator/scheduler.py;orchestrator/src/orchestrator/workflow.py;orchestrator/tests/_workflow_helpers.py;orchestrator/tests/test_harness_action_dispatch.py;orchestrator/tests/test_harness_cancel_workflow.py;orchestrator/tests/test_harness_park_stop.py;orchestrator/tests/test_harness_scheduler_seam.py;orchestrator/tests/test_harness_starvation_watchdog.py;orchestrator/tests/test_harness_warm_lane_wiring.py;orchestrator/tests/test_pyright_gate_for_workflow_e2e.py;orchestrator/tests/test_reconcile_stranded.py;orchestrator/tests/test_retry_cap.py;orchestrator/tests/test_scheduler.py;orchestrator/tests/test_scheduler_callbacks.py;orchestrator/tests/test_scheduler_deterministic.py;orchestrator/tests/test_scheduler_landed_dispatch_gate.py;orchestrator/tests/test_scheduler_state.py;orchestrator/tests/test_stranded_blocked_sweep.py;orchestrator/tests/test_warm_lane_pool_hard_down.py;orchestrator/tests/test_workflow_dry_run_hook.py;orchestrator/tests/test_workflow_e2e.py
dark_factory,2196,high,2026-07-09T17:50:52.054473+00:00,2026-07-09T19:45:42.125492+00:00,1.9139,used,2,1,0,3.828,1.916,0.286,0,orchestrator/src/orchestrator/harness.py;orchestrator/tests/test_harness_action_dispatch.py
dark_factory,2235,high,2026-07-09T19:45:47.963042+00:00,2026-07-09T20:02:27.800004+00:00,0.2777,era_death,22,1,0,6.110,5.277,0.234,0,orchestrator/src/orchestrator/harness.py;orchestrator/src/orchestrator/scheduler.py;orchestrator/src/orchestrator/workflow.py;orchestrator/tests/_workflow_helpers.py;orchestrator/tests/test_harness_action_dispatch.py;orchestrator/tests/test_harness_cancel_workflow.py;orchestrator/tests/test_harness_park_stop.py;orchestrator/tests/test_harness_scheduler_seam.py;orchestrator/tests/test_harness_starvation_watchdog.py;orchestrator/tests/test_harness_warm_lane_wiring.py;orchestrator/tests/test_pyright_gate_for_workflow_e2e.py;orchestrator/tests/test_reconcile_stranded.py;orchestrator/tests/test_retry_cap.py;orchestrator/tests/test_scheduler.py;orchestrator/tests/test_scheduler_callbacks.py;orchestrator/tests/test_scheduler_deterministic.py;orchestrator/tests/test_scheduler_landed_dispatch_gate.py;orchestrator/tests/test_scheduler_state.py;orchestrator/tests/test_stranded_blocked_sweep.py;orchestrator/tests/test_warm_lane_pool_hard_down.py;orchestrator/tests/test_workflow_dry_run_hook.py;orchestrator/tests/test_workflow_e2e.py
dark_factory,2247,high,2026-07-09T20:02:57.448360+00:00,2026-07-09T20:16:29.649588+00:00,0.2256,used,4,1,0,0.902,0.457,13.158,0,orchestrator/src/orchestrator/harness.py;orchestrator/src/orchestrator/workflow.py;orchestrator/src/orchestrator/workflow_types.py;orchestrator/tests/test_workflow_terminal_report.py
dark_factory,2357,high,2026-07-09T20:16:37.439323+00:00,2026-07-09T22:51:08.851129+00:00,2.5754,era_death,9,1,0,23.179,18.028,0.007,0,orchestrator/src/orchestrator/harness.py;orchestrator/src/orchestrator/merge_liveness.py;orchestrator/src/orchestrator/merge_queue.py;orchestrator/tests/test_merge_liveness.py;orchestrator/tests/test_merge_queue.py;orchestrator/tests/test_merge_queue_invariant_integration_gate.py;orchestrator/tests/test_merge_queue_request_liveness.py;orchestrator/tests/test_merge_queue_two_layer_integration.py;orchestrator/tests/test_merge_queue_verify_base_invariant.py
dark_factory,2357,high,2026-07-09T22:51:44.477969+00:00,2026-07-09T23:23:12.549983+00:00,0.5245,era_death,9,1,0,4.720,3.604,0.060,0,orchestrator/src/orchestrator/harness.py;orchestrator/src/orchestrator/merge_liveness.py;orchestrator/src/orchestrator/merge_queue.py;orchestrator/tests/test_merge_liveness.py;orchestrator/tests/test_merge_queue.py;orchestrator/tests/test_merge_queue_invariant_integration_gate.py;orchestrator/tests/test_merge_queue_request_liveness.py;orchestrator/tests/test_merge_queue_two_layer_integration.py;orchestrator/tests/test_merge_queue_verify_base_invariant.py
dark_factory,2224,high,2026-07-10T07:21:45.257523+00:00,2026-07-10T07:22:25.307461+00:00,0.0111,used,2,1,0,0.022,0.022,9.640,0,fused-memory/src/fused_memory/middleware;fused-memory/tests/test_recon_write_policy.py
dark_factory,2357,high,2026-07-09T23:27:02.380326+00:00,2026-07-10T08:43:53.896312+00:00,9.2810,era_death,9,1,0,83.529,46.406,0.701,0,orchestrator/src/orchestrator/harness.py;orchestrator/src/orchestrator/merge_liveness.py;orchestrator/src/orchestrator/merge_queue.py;orchestrator/tests/test_merge_liveness.py;orchestrator/tests/test_merge_queue.py;orchestrator/tests/test_merge_queue_invariant_integration_gate.py;orchestrator/tests/test_merge_queue_request_liveness.py;orchestrator/tests/test_merge_queue_two_layer_integration.py;orchestrator/tests/test_merge_queue_verify_base_invariant.py
dark_factory,2225,high,2026-07-10T07:22:30.680070+00:00,2026-07-10T08:43:53.896312+00:00,1.3564,era_death,3,1,0,4.069,2.713,0.706,0,fused-memory/src/fused_memory/middleware;fused-memory/src/fused_memory/server;fused-memory/tests/test_execution_class_guard.py
dark_factory,2225,high,2026-07-10T09:26:23.017761+00:00,2026-07-10T10:29:36.980096+00:00,1.0539,era_death,3,1,0,3.162,2.109,0.090,0,fused-memory/src/fused_memory/middleware;fused-memory/src/fused_memory/server;fused-memory/tests/test_execution_class_guard.py
dark_factory,2125,high,2026-07-10T10:50:48.070734+00:00,2026-07-10T10:52:03.868361+00:00,0.0211,used,7,1,0,0.147,0.147,3.821,0,orchestrator/src/orchestrator/verify.py;orchestrator/src/orchestrator/verify_cmd.py;orchestrator/tests/test_verify.py;orchestrator/tests/test_verify_categories.py;orchestrator/tests/test_verify_cmd.py;orchestrator/tests/test_verify_runner.py;plans/verify-plan-prd.md
dark_factory,2225,high,2026-07-10T10:35:06.654233+00:00,2026-07-10T15:15:47.802262+00:00,4.6781,gc_deps_unsatisfied,3,1,0,14.034,9.356,2.301,0,fused-memory/src/fused_memory/middleware;fused-memory/src/fused_memory/server;fused-memory/tests/test_execution_class_guard.py
dark_factory,2225,high,2026-07-10T15:17:54.135908+00:00,2026-07-10T17:00:50.954064+00:00,1.7158,used,3,1,0,5.147,3.433,0.550,0,fused-memory/src/fused_memory/middleware;fused-memory/src/fused_memory/server;fused-memory/tests/test_execution_class_guard.py
dark_factory,2235,high,2026-07-10T15:17:29.936106+00:00,2026-07-10T17:36:02.584743+00:00,2.3091,era_death,22,1,0,50.800,41.406,0.071,75,orchestrator/src/orchestrator/harness.py;orchestrator/src/orchestrator/scheduler.py;orchestrator/src/orchestrator/workflow.py;orchestrator/tests/_workflow_helpers.py;orchestrator/tests/test_harness_action_dispatch.py;orchestrator/tests/test_harness_cancel_workflow.py;orchestrator/tests/test_harness_park_stop.py;orchestrator/tests/test_harness_scheduler_seam.py;orchestrator/tests/test_harness_starvation_watchdog.py;orchestrator/tests/test_harness_warm_lane_wiring.py;orchestrator/tests/test_pyright_gate_for_workflow_e2e.py;orchestrator/tests/test_reconcile_stranded.py;orchestrator/tests/test_retry_cap.py;orchestrator/tests/test_scheduler.py;orchestrator/tests/test_scheduler_callbacks.py;orchestrator/tests/test_scheduler_deterministic.py;orchestrator/tests/test_scheduler_landed_dispatch_gate.py;orchestrator/tests/test_scheduler_state.py;orchestrator/tests/test_stranded_blocked_sweep.py;orchestrator/tests/test_warm_lane_pool_hard_down.py;orchestrator/tests/test_workflow_dry_run_hook.py;orchestrator/tests/test_workflow_e2e.py
dark_factory,2200,high,2026-07-10T17:07:07.876353+00:00,2026-07-10T17:36:02.584743+00:00,0.4819,era_death,2,1,0,0.964,0.482,0.057,0,orchestrator/src/orchestrator/verify.py;orchestrator/tests/test_harness.py
dark_factory,2200,high,2026-07-10T17:39:33.194615+00:00,2026-07-10T18:11:21.324400+00:00,0.5300,era_death,4,1,0,2.120,1.590,0.650,0,orchestrator/src/orchestrator/harness.py;orchestrator/src/orchestrator/verify.py;orchestrator/src/orchestrator/workflow.py;orchestrator/tests/test_harness.py
dark_factory,2235,high,2026-07-10T18:19:52.172732+00:00,2026-07-10T18:50:21.742723+00:00,0.5082,used,22,1,0,11.181,10.164,1.691,0,orchestrator/src/orchestrator/harness.py;orchestrator/src/orchestrator/scheduler.py;orchestrator/src/orchestrator/workflow.py;orchestrator/tests/_workflow_helpers.py;orchestrator/tests/test_harness_action_dispatch.py;orchestrator/tests/test_harness_cancel_workflow.py;orchestrator/tests/test_harness_park_stop.py;orchestrator/tests/test_harness_scheduler_seam.py;orchestrator/tests/test_harness_starvation_watchdog.py;orchestrator/tests/test_harness_warm_lane_wiring.py;orchestrator/tests/test_pyright_gate_for_workflow_e2e.py;orchestrator/tests/test_reconcile_stranded.py;orchestrator/tests/test_retry_cap.py;orchestrator/tests/test_scheduler.py;orchestrator/tests/test_scheduler_callbacks.py;orchestrator/tests/test_scheduler_deterministic.py;orchestrator/tests/test_scheduler_landed_dispatch_gate.py;orchestrator/tests/test_scheduler_state.py;orchestrator/tests/test_stranded_blocked_sweep.py;orchestrator/tests/test_warm_lane_pool_hard_down.py;orchestrator/tests/test_workflow_dry_run_hook.py;orchestrator/tests/test_workflow_e2e.py
dark_factory,2247,high,2026-07-10T18:50:30.248784+00:00,2026-07-10T20:31:35.775104+00:00,1.6849,era_death,4,1,0,6.739,3.370,0.004,0,orchestrator/src/orchestrator/harness.py;orchestrator/src/orchestrator/workflow.py;orchestrator/src/orchestrator/workflow_types.py;orchestrator/tests/test_workflow_terminal_report.py
dark_factory,2235,high,2026-07-10T20:32:13.675608+00:00,2026-07-10T20:46:36.530527+00:00,0.2397,used,22,1,0,5.273,4.559,1.221,0,orchestrator/src/orchestrator/harness.py;orchestrator/src/orchestrator/scheduler.py;orchestrator/src/orchestrator/workflow.py;orchestrator/tests/_workflow_helpers.py;orchestrator/tests/test_harness_action_dispatch.py;orchestrator/tests/test_harness_cancel_workflow.py;orchestrator/tests/test_harness_park_stop.py;orchestrator/tests/test_harness_scheduler_seam.py;orchestrator/tests/test_harness_starvation_watchdog.py;orchestrator/tests/test_harness_warm_lane_wiring.py;orchestrator/tests/test_pyright_gate_for_workflow_e2e.py;orchestrator/tests/test_reconcile_stranded.py;orchestrator/tests/test_retry_cap.py;orchestrator/tests/test_scheduler.py;orchestrator/tests/test_scheduler_callbacks.py;orchestrator/tests/test_scheduler_deterministic.py;orchestrator/tests/test_scheduler_landed_dispatch_gate.py;orchestrator/tests/test_scheduler_state.py;orchestrator/tests/test_stranded_blocked_sweep.py;orchestrator/tests/test_warm_lane_pool_hard_down.py;orchestrator/tests/test_workflow_dry_run_hook.py;orchestrator/tests/test_workflow_e2e.py
dark_factory,2247,high,2026-07-10T20:46:42.537166+00:00,2026-07-10T20:49:16.401108+00:00,0.0427,era_death,4,1,0,0.171,0.086,0.008,0,orchestrator/src/orchestrator/harness.py;orchestrator/src/orchestrator/workflow.py;orchestrator/src/orchestrator/workflow_types.py;orchestrator/tests/test_workflow_terminal_report.py
dark_factory,2247,high,2026-07-10T20:49:54.610290+00:00,2026-07-10T21:59:38.988723+00:00,1.1623,era_death,4,1,0,4.649,2.325,0.003,81,orchestrator/src/orchestrator/harness.py;orchestrator/src/orchestrator/workflow.py;orchestrator/src/orchestrator/workflow_types.py;orchestrator/tests/test_workflow_terminal_report.py
dark_factory,2235,high,2026-07-10T22:00:09.771887+00:00,2026-07-10T22:28:34.988961+00:00,0.4737,used,22,1,0,10.421,9.947,0.088,0,orchestrator/src/orchestrator/harness.py;orchestrator/src/orchestrator/scheduler.py;orchestrator/src/orchestrator/workflow.py;orchestrator/tests/_workflow_helpers.py;orchestrator/tests/test_harness_action_dispatch.py;orchestrator/tests/test_harness_cancel_workflow.py;orchestrator/tests/test_harness_park_stop.py;orchestrator/tests/test_harness_scheduler_seam.py;orchestrator/tests/test_harness_starvation_watchdog.py;orchestrator/tests/test_harness_warm_lane_wiring.py;orchestrator/tests/test_pyright_gate_for_workflow_e2e.py;orchestrator/tests/test_reconcile_stranded.py;orchestrator/tests/test_retry_cap.py;orchestrator/tests/test_scheduler.py;orchestrator/tests/test_scheduler_callbacks.py;orchestrator/tests/test_scheduler_deterministic.py;orchestrator/tests/test_scheduler_landed_dispatch_gate.py;orchestrator/tests/test_scheduler_state.py;orchestrator/tests/test_stranded_blocked_sweep.py;orchestrator/tests/test_warm_lane_pool_hard_down.py;orchestrator/tests/test_workflow_dry_run_hook.py;orchestrator/tests/test_workflow_e2e.py
dark_factory,2247,high,2026-07-10T22:28:42.103002+00:00,2026-07-10T22:33:09.899790+00:00,0.0744,era_death,4,1,0,0.298,0.150,0.011,11,orchestrator/src/orchestrator/harness.py;orchestrator/src/orchestrator/workflow.py;orchestrator/src/orchestrator/workflow_types.py;orchestrator/tests/test_workflow_terminal_report.py
dark_factory,2372,critical,2026-07-10T22:29:29.116826+00:00,2026-07-10T22:33:09.899790+00:00,0.0613,era_death,5,1,0,0.307,0.185,3.040,0,orchestrator/src/orchestrator/artifacts.py;orchestrator/src/orchestrator/workflow.py;orchestrator/tests/test_artifacts.py;orchestrator/tests/test_workflow_e2e.py;orchestrator/tests/test_workflow_merge_provenance.py
dark_factory,2235,high,2026-07-10T22:34:08.381436+00:00,2026-07-11T00:25:43.948287+00:00,1.8599,era_death,22,1,0,40.917,37.198,0.085,0,orchestrator/src/orchestrator/harness.py;orchestrator/src/orchestrator/scheduler.py;orchestrator/src/orchestrator/workflow.py;orchestrator/tests/_workflow_helpers.py;orchestrator/tests/test_harness_action_dispatch.py;orchestrator/tests/test_harness_cancel_workflow.py;orchestrator/tests/test_harness_park_stop.py;orchestrator/tests/test_harness_scheduler_seam.py;orchestrator/tests/test_harness_starvation_watchdog.py;orchestrator/tests/test_harness_warm_lane_wiring.py;orchestrator/tests/test_pyright_gate_for_workflow_e2e.py;orchestrator/tests/test_reconcile_stranded.py;orchestrator/tests/test_retry_cap.py;orchestrator/tests/test_scheduler.py;orchestrator/tests/test_scheduler_callbacks.py;orchestrator/tests/test_scheduler_deterministic.py;orchestrator/tests/test_scheduler_landed_dispatch_gate.py;orchestrator/tests/test_scheduler_state.py;orchestrator/tests/test_stranded_blocked_sweep.py;orchestrator/tests/test_warm_lane_pool_hard_down.py;orchestrator/tests/test_workflow_dry_run_hook.py;orchestrator/tests/test_workflow_e2e.py
dark_factory,2235,high,2026-07-11T00:30:56.069077+00:00,2026-07-11T01:13:15.513063+00:00,0.7054,era_death,22,1,0,15.519,14.108,0.011,0,orchestrator/src/orchestrator/harness.py;orchestrator/src/orchestrator/scheduler.py;orchestrator/src/orchestrator/workflow.py;orchestrator/tests/_workflow_helpers.py;orchestrator/tests/test_harness_action_dispatch.py;orchestrator/tests/test_harness_cancel_workflow.py;orchestrator/tests/test_harness_park_stop.py;orchestrator/tests/test_harness_scheduler_seam.py;orchestrator/tests/test_harness_starvation_watchdog.py;orchestrator/tests/test_harness_warm_lane_wiring.py;orchestrator/tests/test_pyright_gate_for_workflow_e2e.py;orchestrator/tests/test_reconcile_stranded.py;orchestrator/tests/test_retry_cap.py;orchestrator/tests/test_scheduler.py;orchestrator/tests/test_scheduler_callbacks.py;orchestrator/tests/test_scheduler_deterministic.py;orchestrator/tests/test_scheduler_landed_dispatch_gate.py;orchestrator/tests/test_scheduler_state.py;orchestrator/tests/test_stranded_blocked_sweep.py;orchestrator/tests/test_warm_lane_pool_hard_down.py;orchestrator/tests/test_workflow_dry_run_hook.py;orchestrator/tests/test_workflow_e2e.py
dark_factory,2235,high,2026-07-11T01:14:01.589910+00:00,2026-07-11T01:35:33.514828+00:00,0.3589,used,22,1,0,7.895,7.180,0.208,0,orchestrator/src/orchestrator/harness.py;orchestrator/src/orchestrator/scheduler.py;orchestrator/src/orchestrator/workflow.py;orchestrator/tests/_workflow_helpers.py;orchestrator/tests/test_harness_action_dispatch.py;orchestrator/tests/test_harness_cancel_workflow.py;orchestrator/tests/test_harness_park_stop.py;orchestrator/tests/test_harness_scheduler_seam.py;orchestrator/tests/test_harness_starvation_watchdog.py;orchestrator/tests/test_harness_warm_lane_wiring.py;orchestrator/tests/test_pyright_gate_for_workflow_e2e.py;orchestrator/tests/test_reconcile_stranded.py;orchestrator/tests/test_retry_cap.py;orchestrator/tests/test_scheduler.py;orchestrator/tests/test_scheduler_callbacks.py;orchestrator/tests/test_scheduler_deterministic.py;orchestrator/tests/test_scheduler_landed_dispatch_gate.py;orchestrator/tests/test_scheduler_state.py;orchestrator/tests/test_stranded_blocked_sweep.py;orchestrator/tests/test_warm_lane_pool_hard_down.py;orchestrator/tests/test_workflow_dry_run_hook.py;orchestrator/tests/test_workflow_e2e.py
dark_factory,2247,high,2026-07-11T01:35:40.120659+00:00,2026-07-11T01:48:01.665231+00:00,0.2060,used,4,1,0,0.824,0.458,0.374,0,orchestrator/src/orchestrator/harness.py;orchestrator/src/orchestrator/workflow.py;orchestrator/src/orchestrator/workflow_types.py;orchestrator/tests/test_workflow_terminal_report.py
dark_factory,2360,high,2026-07-11T01:48:06.013472+00:00,2026-07-11T02:10:28.629857+00:00,0.3729,used,12,1,0,4.475,4.104,0.688,0,orchestrator/src/orchestrator/agents;orchestrator/src/orchestrator/config.py;orchestrator/src/orchestrator/defaults.yaml;orchestrator/src/orchestrator/dry_run_unblock.py;orchestrator/src/orchestrator/workflow.py;orchestrator/tests/test_config.py;orchestrator/tests/test_dry_run_unblock.py;orchestrator/tests/test_invoke.py;orchestrator/tests/test_workflow_invocation_end_truthful.py;orchestrator/tests/test_workflow_resume_on_progress.py;shared/src/shared/cli_invoke.py;shared/tests/test_cli_invoke.py
dark_factory,2383,high,2026-07-11T02:10:37.869489+00:00,2026-07-11T02:19:43.622091+00:00,0.1516,era_death,10,1,0,1.516,1.364,0.004,0,orchestrator/src/orchestrator/merge_queue.py;orchestrator/src/orchestrator/merge_types.py;orchestrator/src/orchestrator/workflow.py;orchestrator/tests/test_merge_queue.py;orchestrator/tests/test_merge_queue_train_attribution.py;orchestrator/tests/test_merge_types.py;orchestrator/tests/test_merge_types_invariants.py;orchestrator/tests/test_workflow.py;plans/merge-skew-attribution-prd.capability-manifest.md;plans/merge-skew-attribution-prd.md
dark_factory,2383,high,2026-07-11T02:20:02.094164+00:00,2026-07-11T02:51:44.715471+00:00,0.5285,used,10,1,0,5.285,4.757,5.725,0,orchestrator/src/orchestrator/merge_queue.py;orchestrator/src/orchestrator/merge_types.py;orchestrator/src/orchestrator/workflow.py;orchestrator/tests/test_merge_queue.py;orchestrator/tests/test_merge_queue_train_attribution.py;orchestrator/tests/test_merge_types.py;orchestrator/tests/test_merge_types_invariants.py;orchestrator/tests/test_workflow.py;plans/merge-skew-attribution-prd.capability-manifest.md;plans/merge-skew-attribution-prd.md
dark_factory,2391,high,2026-07-11T02:51:47.574120+00:00,2026-07-11T03:15:01.003088+00:00,0.3871,era_death,9,1,0,3.484,3.097,0.005,0,orchestrator/src/orchestrator/harness.py;orchestrator/src/orchestrator/review_checkpoint.py;orchestrator/src/orchestrator/verify.py;orchestrator/tests/test_harness_main_tip_sweep.py;orchestrator/tests/test_review_checkpoint_cap.py;orchestrator/tests/test_review_checkpoint_full_gate.py;orchestrator/tests/test_verify.py;orchestrator/tests/test_verify_main_tip_sweep.py;orchestrator/tests/test_verify_role_integration.py
dark_factory,2391,high,2026-07-11T03:15:21.344328+00:00,2026-07-11T04:38:44.671497+00:00,1.3898,used,9,1,0,12.508,11.119,0.200,0,orchestrator/src/orchestrator/harness.py;orchestrator/src/orchestrator/review_checkpoint.py;orchestrator/src/orchestrator/verify.py;orchestrator/tests/test_harness_main_tip_sweep.py;orchestrator/tests/test_review_checkpoint_cap.py;orchestrator/tests/test_review_checkpoint_full_gate.py;orchestrator/tests/test_verify.py;orchestrator/tests/test_verify_main_tip_sweep.py;orchestrator/tests/test_verify_role_integration.py
dark_factory,2395,high,2026-07-11T04:38:48.186884+00:00,2026-07-11T04:50:43.883688+00:00,0.1988,used,1,1,0,0.199,0.001,3.742,0,orchestrator/src/orchestrator/harness.py
dark_factory,2396,high,2026-07-11T04:50:47.628576+00:00,2026-07-11T05:07:00.779935+00:00,0.2703,era_death,8,1,0,2.163,1.892,0.014,0,orchestrator/src/orchestrator/harness.py;orchestrator/src/orchestrator/service_restart.py;orchestrator/tests/test_harness_service_restart.py;orchestrator/tests/test_service_restart.py;scripts/orchestrator-watchdog.py;scripts/restart-all-orchestrators.sh;tests/scripts/test_orchestrator_watchdog.py;tests/scripts/test_restart_all_orchestrators.py
dark_factory,2396,high,2026-07-11T05:07:56.877549+00:00,2026-07-11T08:29:31.988212+00:00,3.3598,era_death,8,1,0,26.878,23.519,0.096,0,orchestrator/src/orchestrator/harness.py;orchestrator/src/orchestrator/service_restart.py;orchestrator/tests/test_harness_service_restart.py;orchestrator/tests/test_service_restart.py;scripts/orchestrator-watchdog.py;scripts/restart-all-orchestrators.sh;tests/scripts/test_orchestrator_watchdog.py;tests/scripts/test_restart_all_orchestrators.py
dark_factory,2300,high,2026-07-11T08:35:22.848980+00:00,2026-07-11T08:37:43.146738+00:00,0.0390,used,5,1,0,0.195,0.195,60.631,0,cockpit/pyproject.toml;cockpit/src/cockpit/backends;cockpit/tests/smoke/conftest.py;cockpit/tests/smoke/test_live_backends.py;cockpit/tests/test_backends_tmux.py
dark_factory,2383,high,2026-07-11T08:37:54.117782+00:00,2026-07-11T08:55:05.082990+00:00,0.2864,gc_deps_unsatisfied,5,1,0,1.432,0.859,9.636,0,orchestrator/src/orchestrator/merge_queue.py;orchestrator/src/orchestrator/workflow.py;orchestrator/tests/test_merge_queue_disposition_wiring.py;orchestrator/tests/test_merge_skew_end_to_end.py;orchestrator/tests/test_workflow_skew_surfacing.py
dark_factory,2395,high,2026-07-11T09:00:06.758842+00:00,2026-07-11T18:30:01.412974+00:00,9.4985,era_death,1,1,0,9.499,0.000,0.053,0,orchestrator/src/orchestrator/harness.py
dark_factory,2383,high,2026-07-11T09:00:10.029950+00:00,2026-07-11T18:30:01.412974+00:00,9.4976,era_death,5,1,0,47.488,28.493,0.053,0,orchestrator/src/orchestrator/merge_queue.py;orchestrator/src/orchestrator/workflow.py;orchestrator/tests/test_merge_queue_disposition_wiring.py;orchestrator/tests/test_merge_skew_end_to_end.py;orchestrator/tests/test_workflow_skew_surfacing.py
dark_factory,2214,high,2026-07-11T21:59:27.270051+00:00,2026-07-11T22:01:07.887012+00:00,0.0279,used,2,1,0,0.056,0.056,222.410,0,escalation/tests/test_task_status_authority.py;orchestrator/tests/test_task_status_authority.py
dark_factory,2383,high,2026-07-11T18:33:26.885250+00:00,2026-07-11T22:22:52.668121+00:00,3.8238,era_death,5,1,0,19.119,11.865,0.018,0,orchestrator/src/orchestrator/merge_queue.py;orchestrator/src/orchestrator/workflow.py;orchestrator/tests/test_merge_queue_disposition_wiring.py;orchestrator/tests/test_merge_skew_end_to_end.py;orchestrator/tests/test_workflow_skew_surfacing.py
dark_factory,2370,high,2026-07-11T22:24:23.474898+00:00,2026-07-12T00:38:01.045952+00:00,2.2271,era_death,4,1,0,8.908,4.455,0.015,82,orchestrator/src/orchestrator/harness.py;orchestrator/src/orchestrator/verify.py;orchestrator/tests/test_harness_main_tip_sweep.py;orchestrator/tests/test_verify_main_tip_sweep.py
dark_factory,2237,high,2026-07-11T23:01:48.155498+00:00,2026-07-12T00:38:01.045952+00:00,1.6036,era_death,4,1,0,6.414,6.414,57.251,0,orchestrator/src/orchestrator/proc_supervision.py;orchestrator/src/orchestrator/service_restart.py;orchestrator/tests/test_proc_supervision.py;orchestrator/tests/test_service_restart.py
dark_factory,2231,high,2026-07-11T23:35:08.166972+00:00,2026-07-12T00:38:01.045952+00:00,1.0480,era_death,3,1,0,3.144,1.049,0.251,0,fused-memory/src/fused_memory/reconciliation;fused-memory/src/fused_memory/server;fused-memory/tests/test_recon_prompts_self_model.py
dark_factory,2214,high,2026-07-12T00:39:11.526664+00:00,2026-07-12T00:39:32.066010+00:00,0.0057,used,3,1,0,0.017,0.017,63.977,0,escalation/tests/test_status_authority_gate.py;fused-memory/tests/test_status_authority_gate.py;orchestrator/tests/test_status_authority_gate.py
dark_factory,2247,high,2026-07-12T00:40:01.903712+00:00,2026-07-12T06:38:00.856466+00:00,5.9664,gc_terminal:done,4,1,0,23.866,17.899,0.003,69,orchestrator/src/orchestrator/harness.py;orchestrator/src/orchestrator/workflow.py;orchestrator/src/orchestrator/workflow_types.py;orchestrator/tests/test_workflow_terminal_report.py
dark_factory,2370,high,2026-07-12T06:08:44.071910+00:00,2026-07-12T07:00:40.745137+00:00,0.8657,era_death,3,1,0,2.597,1.731,0.015,0,orchestrator/src/orchestrator/verify.py;orchestrator/tests/test_harness_main_tip_sweep.py;orchestrator/tests/test_verify_main_tip_sweep.py
dark_factory,2370,high,2026-07-12T07:03:02.335228+00:00,2026-07-12T14:47:51.982961+00:00,7.7471,era_death,4,1,0,30.988,15.495,0.087,0,orchestrator/src/orchestrator/harness.py;orchestrator/src/orchestrator/verify.py;orchestrator/tests/test_harness_main_tip_sweep.py;orchestrator/tests/test_verify_main_tip_sweep.py
dark_factory,2214,high,2026-07-12T14:53:16.836498+00:00,2026-07-12T14:54:17.692235+00:00,0.0169,used,3,1,0,0.051,0.051,49.731,0,escalation/tests/test_status_authority_gate.py;fused-memory/tests/test_status_authority_gate.py;orchestrator/tests/test_status_authority_gate.py
dark_factory,2370,high,2026-07-12T14:55:41.723154+00:00,2026-07-12T15:28:57.627124+00:00,0.5544,era_death,4,1,0,2.218,1.109,0.129,0,orchestrator/src/orchestrator/harness.py;orchestrator/src/orchestrator/verify.py;orchestrator/tests/test_harness_main_tip_sweep.py;orchestrator/tests/test_verify_main_tip_sweep.py
dark_factory,2214,high,2026-07-12T15:36:56.672520+00:00,2026-07-12T15:37:18.927661+00:00,0.0062,used,3,1,0,0.019,0.019,49.014,0,escalation/tests/test_status_authority_gate.py;fused-memory/tests/test_status_authority_gate.py;orchestrator/tests/test_status_authority_gate.py
dark_factory,2370,high,2026-07-12T15:38:38.702501+00:00,2026-07-12T20:50:38.557491+00:00,5.2000,era_death,4,1,0,20.800,10.401,0.073,0,orchestrator/src/orchestrator/harness.py;orchestrator/src/orchestrator/verify.py;orchestrator/tests/test_harness_main_tip_sweep.py;orchestrator/tests/test_verify_main_tip_sweep.py
dark_factory,2370,high,2026-07-12T20:56:51.616529+00:00,2026-07-13T02:43:57.298145+00:00,5.7849,era_death,4,1,0,23.140,11.571,0.049,0,orchestrator/src/orchestrator/harness.py;orchestrator/src/orchestrator/verify.py;orchestrator/tests/test_harness_main_tip_sweep.py;orchestrator/tests/test_verify_main_tip_sweep.py
dark_factory,2370,high,2026-07-13T02:48:05.092938+00:00,2026-07-13T09:07:41.927675+00:00,6.3269,era_death,4,1,0,25.308,12.654,0.012,0,orchestrator/src/orchestrator/harness.py;orchestrator/src/orchestrator/verify.py;orchestrator/tests/test_harness_main_tip_sweep.py;orchestrator/tests/test_verify_main_tip_sweep.py
dark_factory,2248,high,2026-07-13T09:09:23.400552+00:00,2026-07-13T09:09:48.129299+00:00,0.0069,used,4,1,0,0.027,0.027,14.995,0,orchestrator/src/orchestrator/steward.py;orchestrator/src/orchestrator/workflow.py;orchestrator/src/orchestrator/workflow_types.py;orchestrator/tests/test_steward_outcome.py
dark_factory,2370,high,2026-07-13T09:10:12.860935+00:00,2026-07-13T21:02:58.789920+00:00,11.8794,era_death,4,1,0,47.518,23.759,0.058,0,orchestrator/src/orchestrator/harness.py;orchestrator/src/orchestrator/verify.py;orchestrator/tests/test_harness_main_tip_sweep.py;orchestrator/tests/test_verify_main_tip_sweep.py
dark_factory,2248,high,2026-07-13T21:08:36.562812+00:00,2026-07-13T21:11:01.472908+00:00,0.0403,used,4,1,0,0.161,0.161,2.975,0,orchestrator/src/orchestrator/steward.py;orchestrator/src/orchestrator/workflow.py;orchestrator/src/orchestrator/workflow_types.py;orchestrator/tests/test_steward_outcome.py
dark_factory,2370,high,2026-07-13T21:12:03.666952+00:00,2026-07-13T22:22:22.450921+00:00,1.1719,era_death,4,1,0,4.688,2.345,0.088,0,orchestrator/src/orchestrator/harness.py;orchestrator/src/orchestrator/verify.py;orchestrator/tests/test_harness_main_tip_sweep.py;orchestrator/tests/test_verify_main_tip_sweep.py
dark_factory,2242,high,2026-07-13T22:29:32.216733+00:00,2026-07-13T22:34:33.778134+00:00,0.0838,used,2,1,0,0.168,0.168,46.823,0,orchestrator/src/orchestrator/task_ground_truth.py;orchestrator/tests/test_task_ground_truth.py
dark_factory,2370,high,2026-07-13T22:35:46.065943+00:00,2026-07-14T01:00:37.423184+00:00,2.4143,silent_owner_dispatch_then_release,4,1,1,9.657,3.249,0.036,94,orchestrator/src/orchestrator/harness.py;orchestrator/src/orchestrator/verify.py;orchestrator/tests/test_harness_main_tip_sweep.py;orchestrator/tests/test_verify_main_tip_sweep.py
dark_factory,2370,high,2026-07-14T01:03:52.576241+00:00,2026-07-14T01:42:11.923624+00:00,0.6387,era_death,4,1,0,2.555,1.278,0.044,0,orchestrator/src/orchestrator/harness.py;orchestrator/src/orchestrator/verify.py;orchestrator/tests/test_harness_main_tip_sweep.py;orchestrator/tests/test_verify_main_tip_sweep.py
dark_factory,2370,high,2026-07-14T01:45:52.907610+00:00,2026-07-14T04:06:06.149123+00:00,2.3370,era_death,4,1,0,9.348,5.457,0.033,81,orchestrator/src/orchestrator/harness.py;orchestrator/src/orchestrator/verify.py;orchestrator/tests/test_harness_main_tip_sweep.py;orchestrator/tests/test_verify_main_tip_sweep.py
dark_factory,2147,high,2026-07-14T03:19:40.497182+00:00,2026-07-14T04:06:06.149123+00:00,0.7738,era_death,1,1,0,0.774,0.000,0.246,0,orchestrator/src/orchestrator/git_ops.py
dark_factory,2251,high,2026-07-14T05:04:16.882905+00:00,2026-07-14T05:06:34.288897+00:00,0.0382,used,3,1,0,0.115,0.115,1.381,0,orchestrator/src/orchestrator/agents;orchestrator/src/orchestrator/workflow.py;orchestrator/tests/test_agent_capability_wiring.py
dark_factory,2370,high,2026-07-14T04:08:43.945888+00:00,2026-07-14T05:36:13.889275+00:00,1.4583,era_death,4,1,0,5.833,2.917,0.045,0,orchestrator/src/orchestrator/harness.py;orchestrator/src/orchestrator/verify.py;orchestrator/tests/test_harness_main_tip_sweep.py;orchestrator/tests/test_verify_main_tip_sweep.py
dark_factory,2370,high,2026-07-14T05:39:35.922392+00:00,2026-07-14T07:02:58.665912+00:00,1.3897,era_death,4,1,0,5.559,1.849,0.059,59,orchestrator/src/orchestrator/harness.py;orchestrator/src/orchestrator/verify.py;orchestrator/tests/test_harness_main_tip_sweep.py;orchestrator/tests/test_verify_main_tip_sweep.py
dark_factory,2252,high,2026-07-14T06:29:43.306574+00:00,2026-07-14T07:02:58.665912+00:00,0.5543,era_death,3,1,0,1.663,1.109,2.772,0,orchestrator/src/orchestrator/workflow.py;orchestrator/src/orchestrator/workflow_types.py;orchestrator/tests/test_workflow_cancellation.py
dark_factory,2241,high,2026-07-14T06:35:44.417927+00:00,2026-07-14T07:02:58.665912+00:00,0.4540,era_death,4,1,0,1.816,1.816,122.366,0,orchestrator/src/orchestrator/background_service.py;orchestrator/src/orchestrator/cli.py;orchestrator/tests/test_background_service.py;orchestrator/tests/test_harness_lifecycle.py
dark_factory,2252,high,2026-07-14T07:07:02.818562+00:00,2026-07-14T08:44:45.057615+00:00,1.6284,era_death,4,1,0,6.514,4.885,0.012,0,orchestrator/src/orchestrator/harness.py;orchestrator/src/orchestrator/workflow.py;orchestrator/src/orchestrator/workflow_types.py;orchestrator/tests/test_workflow_cancellation.py
dark_factory,2252,high,2026-07-14T08:45:40.886976+00:00,2026-07-14T09:45:18.662720+00:00,0.9938,era_death,4,1,0,3.975,2.981,0.059,0,orchestrator/src/orchestrator/harness.py;orchestrator/src/orchestrator/workflow.py;orchestrator/src/orchestrator/workflow_types.py;orchestrator/tests/test_workflow_cancellation.py
dark_factory,2252,high,2026-07-14T09:49:17.479018+00:00,2026-07-14T10:04:17.431961+00:00,0.2500,era_death,4,1,0,1.000,0.500,0.009,0,orchestrator/src/orchestrator/harness.py;orchestrator/src/orchestrator/workflow.py;orchestrator/src/orchestrator/workflow_types.py;orchestrator/tests/test_workflow_cancellation.py
dark_factory,2252,high,2026-07-14T10:05:05.893471+00:00,2026-07-14T11:22:33.801323+00:00,1.2911,era_death,4,1,0,5.164,2.700,0.011,0,orchestrator/src/orchestrator/harness.py;orchestrator/src/orchestrator/workflow.py;orchestrator/src/orchestrator/workflow_types.py;orchestrator/tests/test_workflow_cancellation.py
dark_factory,2252,high,2026-07-14T11:23:28.436968+00:00,2026-07-14T11:59:04.076086+00:00,0.5932,era_death,4,1,0,2.373,1.780,0.011,0,orchestrator/src/orchestrator/harness.py;orchestrator/src/orchestrator/workflow.py;orchestrator/src/orchestrator/workflow_types.py;orchestrator/tests/test_workflow_cancellation.py
dark_factory,2252,high,2026-07-14T11:59:55.776197+00:00,2026-07-14T13:11:07.924759+00:00,1.1867,era_death,4,1,0,4.747,3.560,0.039,0,orchestrator/src/orchestrator/harness.py;orchestrator/src/orchestrator/workflow.py;orchestrator/src/orchestrator/workflow_types.py;orchestrator/tests/test_workflow_cancellation.py
dark_factory,2252,high,2026-07-14T13:13:44.242451+00:00,2026-07-14T15:22:22.745314+00:00,2.1440,silent_owner_dispatch_then_release,4,1,1,8.576,2.342,0.062,162,orchestrator/src/orchestrator/harness.py;orchestrator/src/orchestrator/workflow.py;orchestrator/src/orchestrator/workflow_types.py;orchestrator/tests/test_workflow_cancellation.py
dark_factory,2243,high,2026-07-14T14:00:29.538449+00:00,2026-07-14T15:22:22.881801+00:00,1.3648,era_death,2,1,0,2.730,2.730,0.439,0,orchestrator/tests/test_harness_deterministic_recon_sweep.py;orchestrator/tests/test_harness_reconcile.py
dark_factory,2252,high,2026-07-14T15:26:17.139626+00:00,2026-07-14T16:35:26.261070+00:00,1.1525,era_death,4,1,0,4.610,2.305,0.045,0,orchestrator/src/orchestrator/harness.py;orchestrator/src/orchestrator/workflow.py;orchestrator/src/orchestrator/workflow_types.py;orchestrator/tests/test_workflow_cancellation.py
dark_factory,2252,high,2026-07-14T16:38:21.034614+00:00,2026-07-14T18:12:15.010242+00:00,1.5650,era_death,4,1,0,6.260,3.131,0.006,0,orchestrator/src/orchestrator/harness.py;orchestrator/src/orchestrator/workflow.py;orchestrator/src/orchestrator/workflow_types.py;orchestrator/tests/test_workflow_cancellation.py
dark_factory,2252,high,2026-07-14T18:12:46.029407+00:00,2026-07-14T19:09:17.582861+00:00,0.9421,era_death,4,1,0,3.768,2.050,0.004,0,orchestrator/src/orchestrator/harness.py;orchestrator/src/orchestrator/workflow.py;orchestrator/src/orchestrator/workflow_types.py;orchestrator/tests/test_workflow_cancellation.py
dark_factory,2252,high,2026-07-14T19:09:41.998709+00:00,2026-07-14T20:07:19.694133+00:00,0.9605,era_death,4,1,0,3.842,1.921,0.143,0,orchestrator/src/orchestrator/harness.py;orchestrator/src/orchestrator/workflow.py;orchestrator/src/orchestrator/workflow_types.py;orchestrator/tests/test_workflow_cancellation.py
dark_factory,2252,high,2026-07-14T20:16:09.889799+00:00,2026-07-14T21:36:04.638166+00:00,1.3319,era_death,4,1,0,5.327,3.104,0.004,0,orchestrator/src/orchestrator/harness.py;orchestrator/src/orchestrator/workflow.py;orchestrator/src/orchestrator/workflow_types.py;orchestrator/tests/test_workflow_cancellation.py
dark_factory,2252,high,2026-07-14T21:36:29.771038+00:00,2026-07-14T22:20:56.331986+00:00,0.7407,era_death,4,1,0,2.963,1.482,0.005,0,orchestrator/src/orchestrator/harness.py;orchestrator/src/orchestrator/workflow.py;orchestrator/src/orchestrator/workflow_types.py;orchestrator/tests/test_workflow_cancellation.py
dark_factory,2252,high,2026-07-14T22:21:22.652060+00:00,2026-07-14T22:51:39.348118+00:00,0.5046,era_death,4,1,0,2.019,1.223,11.600,0,orchestrator/src/orchestrator/harness.py;orchestrator/src/orchestrator/workflow.py;orchestrator/src/orchestrator/workflow_types.py;orchestrator/tests/test_workflow_cancellation.py
dark_factory,2252,high,2026-07-15T10:28:04.624387+00:00,2026-07-15T11:33:09.880590+00:00,1.0848,era_death,4,1,0,4.339,2.344,0.432,0,orchestrator/src/orchestrator/harness.py;orchestrator/src/orchestrator/workflow.py;orchestrator/src/orchestrator/workflow_types.py;orchestrator/tests/test_workflow_cancellation.py
dark_factory,2370,high,2026-07-15T11:39:31.747857+00:00,2026-07-15T12:13:43.729191+00:00,0.5700,era_death,4,1,0,2.280,1.393,0.049,0,orchestrator/src/orchestrator/harness.py;orchestrator/src/orchestrator/verify.py;orchestrator/tests/test_harness_main_tip_sweep.py;orchestrator/tests/test_verify_main_tip_sweep.py
dark_factory,2370,high,2026-07-15T12:16:50.659710+00:00,2026-07-15T13:47:17.980324+00:00,1.5076,era_death,4,1,0,6.030,3.300,0.051,0,orchestrator/src/orchestrator/harness.py;orchestrator/src/orchestrator/verify.py;orchestrator/tests/test_harness_main_tip_sweep.py;orchestrator/tests/test_verify_main_tip_sweep.py
dark_factory,2370,high,2026-07-15T13:50:40.743949+00:00,2026-07-15T14:21:44.233934+00:00,0.5176,era_death,4,1,0,2.071,1.553,0.008,0,orchestrator/src/orchestrator/harness.py;orchestrator/src/orchestrator/verify.py;orchestrator/tests/test_harness_main_tip_sweep.py;orchestrator/tests/test_verify_main_tip_sweep.py
dark_factory,2370,high,2026-07-15T14:22:24.343954+00:00,2026-07-15T15:32:10.401999+00:00,1.1628,era_death,4,1,0,4.651,3.488,0.009,0,orchestrator/src/orchestrator/harness.py;orchestrator/src/orchestrator/verify.py;orchestrator/tests/test_harness_main_tip_sweep.py;orchestrator/tests/test_verify_main_tip_sweep.py
dark_factory,2370,high,2026-07-15T15:33:04.439321+00:00,2026-07-15T16:02:29.775932+00:00,0.4904,era_death,4,1,0,1.961,0.981,0.007,0,orchestrator/src/orchestrator/harness.py;orchestrator/src/orchestrator/verify.py;orchestrator/tests/test_harness_main_tip_sweep.py;orchestrator/tests/test_verify_main_tip_sweep.py
dark_factory,2370,high,2026-07-15T16:03:15.564944+00:00,2026-07-15T16:41:56.154590+00:00,0.6446,era_death,4,1,0,2.578,1.290,0.101,0,orchestrator/src/orchestrator/harness.py;orchestrator/src/orchestrator/verify.py;orchestrator/tests/test_harness_main_tip_sweep.py;orchestrator/tests/test_verify_main_tip_sweep.py
dark_factory,2370,high,2026-07-15T16:48:15.356489+00:00,2026-07-15T20:11:15.191196+00:00,3.3833,era_death,4,1,0,13.533,9.706,1.211,0,orchestrator/src/orchestrator/harness.py;orchestrator/src/orchestrator/verify.py;orchestrator/tests/test_harness_main_tip_sweep.py;orchestrator/tests/test_verify_main_tip_sweep.py
dark_factory,2500,critical,2026-07-15T20:48:53.242248+00:00,2026-07-15T21:23:56.072164+00:00,0.5841,used,7,1,0,4.089,3.508,2.306,0,orchestrator/src/orchestrator/git_ops.py;orchestrator/src/orchestrator/harness.py;orchestrator/src/orchestrator/task_ground_truth.py;orchestrator/tests/test_git_ops.py;orchestrator/tests/test_harness_already_landed_gate_wiring.py;orchestrator/tests/test_reconcile_stranded.py;orchestrator/tests/test_task_ground_truth.py
dark_factory,2396,high,2026-07-15T20:17:09.747001+00:00,2026-07-15T21:30:57.957279+00:00,1.2301,era_death,8,1,0,9.840,8.614,0.005,64,orchestrator/src/orchestrator/harness.py;orchestrator/src/orchestrator/service_restart.py;orchestrator/tests/test_harness_service_restart.py;orchestrator/tests/test_service_restart.py;scripts/orchestrator-watchdog.py;scripts/restart-all-orchestrators.sh;tests/scripts/test_orchestrator_watchdog.py;tests/scripts/test_restart_all_orchestrators.py
dark_factory,2396,high,2026-07-15T21:31:30.091165+00:00,2026-07-15T22:13:35.402008+00:00,0.7015,era_death,8,1,0,5.612,4.910,0.006,0,orchestrator/src/orchestrator/harness.py;orchestrator/src/orchestrator/service_restart.py;orchestrator/tests/test_harness_service_restart.py;orchestrator/tests/test_service_restart.py;scripts/orchestrator-watchdog.py;scripts/restart-all-orchestrators.sh;tests/scripts/test_orchestrator_watchdog.py;tests/scripts/test_restart_all_orchestrators.py
dark_factory,2244,high,2026-07-15T22:34:37.455108+00:00,2026-07-15T22:37:33.229825+00:00,0.0488,used,1,1,0,0.049,0.049,125.803,0,orchestrator/tests/test_supervision_composition_integration_gate.py
dark_factory,2396,high,2026-07-15T22:14:07.565442+00:00,2026-07-15T23:42:18.661489+00:00,1.4697,used,8,1,0,11.758,10.290,3.254,0,orchestrator/src/orchestrator/harness.py;orchestrator/src/orchestrator/service_restart.py;orchestrator/tests/test_harness_service_restart.py;orchestrator/tests/test_service_restart.py;scripts/orchestrator-watchdog.py;scripts/restart-all-orchestrators.sh;tests/scripts/test_orchestrator_watchdog.py;tests/scripts/test_restart_all_orchestrators.py
dark_factory,2408,high,2026-07-15T23:42:35.515528+00:00,2026-07-16T00:09:46.050935+00:00,0.4529,era_death,8,1,0,3.623,2.718,0.010,0,orchestrator/src/orchestrator/config.py;orchestrator/src/orchestrator/harness.py;orchestrator/src/orchestrator/scheduler.py;orchestrator/tests/test_scheduler.py;orchestrator/tests/test_scheduler_stranded_blocked_redispatch.py;orchestrator/tests/test_scheduler_tick_phases.py;shared/src/shared/task_claimant.py;shared/tests/test_task_claimant.py
dark_factory,2408,high,2026-07-16T00:10:31.067773+00:00,2026-07-16T01:08:30.515981+00:00,0.9665,era_death,8,1,0,7.732,6.766,0.023,0,orchestrator/src/orchestrator/config.py;orchestrator/src/orchestrator/harness.py;orchestrator/src/orchestrator/scheduler.py;orchestrator/tests/test_scheduler.py;orchestrator/tests/test_scheduler_stranded_blocked_redispatch.py;orchestrator/tests/test_scheduler_tick_phases.py;shared/src/shared/task_claimant.py;shared/tests/test_task_claimant.py
dark_factory,2408,high,2026-07-16T01:10:09.634752+00:00,2026-07-16T01:55:16.055279+00:00,0.7518,era_death,8,1,0,6.014,4.511,0.024,0,orchestrator/src/orchestrator/config.py;orchestrator/src/orchestrator/harness.py;orchestrator/src/orchestrator/scheduler.py;orchestrator/tests/test_scheduler.py;orchestrator/tests/test_scheduler_stranded_blocked_redispatch.py;orchestrator/tests/test_scheduler_tick_phases.py;shared/src/shared/task_claimant.py;shared/tests/test_task_claimant.py
dark_factory,2408,high,2026-07-16T01:56:56.052244+00:00,2026-07-16T02:55:42.787156+00:00,0.9796,era_death,8,1,0,7.837,6.271,0.030,51,orchestrator/src/orchestrator/config.py;orchestrator/src/orchestrator/harness.py;orchestrator/src/orchestrator/scheduler.py;orchestrator/tests/test_scheduler.py;orchestrator/tests/test_scheduler_stranded_blocked_redispatch.py;orchestrator/tests/test_scheduler_tick_phases.py;shared/src/shared/task_claimant.py;shared/tests/test_task_claimant.py
dark_factory,2398,high,2026-07-16T02:32:22.902372+00:00,2026-07-16T02:55:42.787156+00:00,0.3889,era_death,1,1,0,0.389,0.389,65.348,0,orchestrator/src/orchestrator/service_restart.py
dark_factory,2408,high,2026-07-16T02:57:41.310809+00:00,2026-07-16T04:36:47.669144+00:00,1.6518,used,8,1,0,13.214,9.925,2.905,0,orchestrator/src/orchestrator/config.py;orchestrator/src/orchestrator/harness.py;orchestrator/src/orchestrator/scheduler.py;orchestrator/tests/test_scheduler.py;orchestrator/tests/test_scheduler_stranded_blocked_redispatch.py;orchestrator/tests/test_scheduler_tick_phases.py;shared/src/shared/task_claimant.py;shared/tests/test_task_claimant.py
dark_factory,2531,high,2026-07-16T04:36:58.588646+00:00,2026-07-16T06:25:24.627626+00:00,1.8072,era_death,2,1,0,3.614,1.211,0.016,0,orchestrator/src/orchestrator/config.py;orchestrator/src/orchestrator/workflow.py
dark_factory,2531,high,2026-07-16T06:26:34.692021+00:00,2026-07-16T07:31:04.242676+00:00,1.0749,used,2,1,0,2.150,1.078,1.010,0,orchestrator/src/orchestrator/config.py;orchestrator/src/orchestrator/workflow.py
dark_factory,2533,high,2026-07-16T07:31:20.146134+00:00,2026-07-16T09:44:50.814692+00:00,2.2252,used,4,1,0,8.901,5.741,0.204,0,orchestrator/src/orchestrator/event_store.py;orchestrator/src/orchestrator/harness.py;orchestrator/src/orchestrator/workflow.py;shared/src/shared/task_metadata.py
dark_factory,2589,high,2026-07-16T09:45:03.373331+00:00,2026-07-16T13:36:53.570758+00:00,3.8639,gc_terminal:done,6,1,1,23.184,5.612,0.003,326,orchestrator/src/orchestrator/config.py;orchestrator/src/orchestrator/defaults.yaml;orchestrator/src/orchestrator/merge_queue.py;orchestrator/src/orchestrator/verify.py;orchestrator/src/orchestrator/verify_plan.py;orchestrator/src/orchestrator/workflow.py
dark_factory,2535,high,2026-07-16T11:26:00.402569+00:00,2026-07-16T13:37:04.243604+00:00,2.1844,used,1,1,0,2.184,2.184,3.503,0,orchestrator/src/orchestrator/routing.py
dark_factory,2583,high,2026-07-16T13:37:16.453931+00:00,2026-07-16T14:26:39.649418+00:00,0.8231,era_death,4,1,0,3.292,1.646,0.258,0,CLAUDE.md;orchestrator/src/orchestrator/config.py;orchestrator/src/orchestrator/harness.py;orchestrator/src/orchestrator/scheduler.py
dark_factory,2583,high,2026-07-16T14:42:14.231817+00:00,2026-07-16T17:06:49.766160+00:00,2.4099,used,4,1,0,9.639,7.230,2.354,0,CLAUDE.md;orchestrator/src/orchestrator/config.py;orchestrator/src/orchestrator/harness.py;orchestrator/src/orchestrator/scheduler.py
dark_factory,2591,high,2026-07-16T17:28:52.212147+00:00,2026-07-16T18:51:06.528925+00:00,1.3706,used,2,1,0,2.741,1.373,1.986,0,orchestrator/src/orchestrator/merge_queue.py;orchestrator/src/orchestrator/workflow.py
dark_factory,2629,high,2026-07-16T17:07:02.636025+00:00,2026-07-16T19:28:03.173644+00:00,2.3501,used,6,1,0,14.101,9.403,1.955,0,orchestrator/src/orchestrator/config.py;orchestrator/src/orchestrator/defaults.yaml;orchestrator/src/orchestrator/harness.py;orchestrator/tests/test_config.py;orchestrator/tests/test_harness_watcher_supervisor.py;skills/escalation-watcher-auto/SKILL.md
dark_factory,2592,high,2026-07-16T20:47:56.428621+00:00,2026-07-16T20:50:05.191754+00:00,0.0358,used,1,1,0,0.036,0.036,103.594,0,orchestrator/tests/test_verify_scope_inversion_boundary.py
dark_factory,2677,high,2026-07-16T19:28:29.136604+00:00,2026-07-16T21:25:21.624175+00:00,1.9479,used,9,1,0,17.531,14.263,0.309,0,orchestrator/src/orchestrator/harness.py;orchestrator/src/orchestrator/merge_queue.py;orchestrator/src/orchestrator/scheduler.py;orchestrator/tests/test_harness.py;orchestrator/tests/test_harness_already_landed_gate_wiring.py;orchestrator/tests/test_harness_landed_dispatch_gate_wiring.py;orchestrator/tests/test_merge_queue_landed_dispatch_gate.py;orchestrator/tests/test_merge_queue_landed_reconciler.py;orchestrator/tests/test_scheduler_landed_dispatch_gate.py
dark_factory,2678,high,2026-07-16T21:25:30.883463+00:00,2026-07-16T21:43:54.719837+00:00,0.3066,used,8,1,0,2.453,0.920,0.936,0,orchestrator/src/orchestrator/harness.py;orchestrator/src/orchestrator/merge_queue.py;orchestrator/tests/test_harness_already_landed_gate_wiring.py;orchestrator/tests/test_harness_landed_dispatch_gate_wiring.py;orchestrator/tests/test_harness_reblock_guard.py;orchestrator/tests/test_harness_reblock_signature_guard.py;orchestrator/tests/test_merge_queue_coalesce.py;orchestrator/tests/test_merge_queue_landed_dispatch_gate.py
dark_factory,2677,high,2026-07-16T21:44:03.282135+00:00,2026-07-16T22:33:43.006228+00:00,0.8277,era_death,10,1,0,8.277,3.311,3.008,0,orchestrator/src/orchestrator/harness.py;orchestrator/src/orchestrator/merge_queue.py;orchestrator/src/orchestrator/provenance_conflict.py;orchestrator/src/orchestrator/scheduler.py;orchestrator/tests/test_harness_already_landed_gate_wiring.py;orchestrator/tests/test_merge_queue_coalesce.py;orchestrator/tests/test_merge_queue_landed_reconciler.py;orchestrator/tests/test_provenance_conflict_sink.py;orchestrator/tests/test_reconcile_stranded.py;orchestrator/tests/test_scheduler.py
dark_factory,2678,high,2026-07-16T22:40:07.286867+00:00,2026-07-17T00:49:38.444635+00:00,2.1587,era_death,8,1,0,17.269,6.476,0.006,0,orchestrator/src/orchestrator/harness.py;orchestrator/src/orchestrator/landing_evidence.py;orchestrator/src/orchestrator/merge_queue.py;orchestrator/tests/test_harness_already_landed_gate_wiring.py;orchestrator/tests/test_landing_evidence.py;orchestrator/tests/test_merge_queue_coalesce.py;orchestrator/tests/test_provenance_gate_integration.py;orchestrator/tests/test_reconcile_stranded.py
dark_factory,2678,high,2026-07-17T00:50:06.170949+00:00,2026-07-17T01:34:13.354825+00:00,0.7353,used,8,1,0,5.883,2.217,3.471,0,orchestrator/src/orchestrator/harness.py;orchestrator/src/orchestrator/landing_evidence.py;orchestrator/src/orchestrator/merge_queue.py;orchestrator/tests/test_harness_already_landed_gate_wiring.py;orchestrator/tests/test_landing_evidence.py;orchestrator/tests/test_merge_queue_coalesce.py;orchestrator/tests/test_provenance_gate_integration.py;orchestrator/tests/test_reconcile_stranded.py
dark_factory,2685,high,2026-07-17T01:34:25.333517+00:00,2026-07-17T06:53:03.986708+00:00,5.3107,silent_owner_dispatch_then_release,5,1,1,26.554,13.869,0.001,700,orchestrator/src/orchestrator/git_ops.py;orchestrator/src/orchestrator/merge_queue.py;orchestrator/src/orchestrator/verify_cancel.py;orchestrator/src/orchestrator/verify_runner.py;orchestrator/tests/test_merge_verify_lease_guard.py
dark_factory,2677,high,2026-07-17T02:19:48.722094+00:00,2026-07-17T06:53:08.945528+00:00,4.5556,used,9,1,0,41.001,28.920,2.813,0,orchestrator/src/orchestrator/harness.py;orchestrator/src/orchestrator/provenance_conflict.py;orchestrator/src/orchestrator/scheduler.py;orchestrator/tests/test_harness_already_landed_gate_wiring.py;orchestrator/tests/test_merge_queue_coalesce.py;orchestrator/tests/test_merge_queue_landed_reconciler.py;orchestrator/tests/test_provenance_conflict_sink.py;orchestrator/tests/test_reconcile_stranded.py;orchestrator/tests/test_scheduler.py
dark_factory,2696,high,2026-07-17T06:53:17.136247+00:00,2026-07-17T08:50:49.324865+00:00,1.9589,era_death,8,1,0,15.672,11.754,0.011,0,orchestrator/src/orchestrator/config.py;orchestrator/tests/conftest.py;orchestrator/tests/test_config.py;orchestrator/tests/test_merge_queue_coalesce.py;orchestrator/tests/test_verify.py;orchestrator/tests/test_verify_admission_integration_gate.py;orchestrator/tests/test_verify_admission_wiring.py;orchestrator/tests/test_verify_reverse_dep.py
dark_factory,2696,high,2026-07-17T08:51:37.273136+00:00,2026-07-17T08:57:54.158371+00:00,0.1047,era_death,8,1,0,0.838,0.628,0.016,0,orchestrator/src/orchestrator/config.py;orchestrator/tests/conftest.py;orchestrator/tests/test_config.py;orchestrator/tests/test_merge_queue_coalesce.py;orchestrator/tests/test_verify.py;orchestrator/tests/test_verify_admission_integration_gate.py;orchestrator/tests/test_verify_admission_wiring.py;orchestrator/tests/test_verify_reverse_dep.py
dark_factory,2696,high,2026-07-17T08:58:58.652770+00:00,2026-07-17T09:41:55.494450+00:00,0.7158,used,8,1,0,5.726,5.012,3.358,0,orchestrator/src/orchestrator/config.py;orchestrator/tests/conftest.py;orchestrator/tests/test_config.py;orchestrator/tests/test_merge_queue_coalesce.py;orchestrator/tests/test_verify.py;orchestrator/tests/test_verify_admission_integration_gate.py;orchestrator/tests/test_verify_admission_wiring.py;orchestrator/tests/test_verify_reverse_dep.py
dark_factory,2178,medium,2026-07-17T09:42:21.606743+00:00,2026-07-17T13:03:23.417532+00:00,3.3505,used,19,2,0,63.660,59.909,0.364,0,escalation/src/escalation/server.py;orchestrator/src/orchestrator/git_ops.py;orchestrator/src/orchestrator/harness.py;orchestrator/src/orchestrator/merge_gates.py;orchestrator/src/orchestrator/merge_queue.py;orchestrator/src/orchestrator/merge_queue_store.py;orchestrator/src/orchestrator/merge_request_ledger.py;orchestrator/src/orchestrator/merge_types.py;orchestrator/src/orchestrator/suffix_graph.py;orchestrator/src/orchestrator/workflow.py;orchestrator/tests/conftest.py;orchestrator/tests/test_git_ops.py;orchestrator/tests/test_merge_item_union.py;orchestrator/tests/test_merge_queue.py;orchestrator/tests/test_merge_queue_frozen_prefix.py;orchestrator/tests/test_merge_queue_store.py;orchestrator/tests/test_merge_request_ledger.py;orchestrator/tests/test_merge_types.py;orchestrator/tests/test_warm_lane_integration_gate.py
dark_factory,2359,medium,2026-07-17T13:04:00.549383+00:00,2026-07-17T13:25:14.053025+00:00,0.3538,used,4,2,0,1.415,0.708,3.669,0,orchestrator/src/orchestrator/config.py;orchestrator/src/orchestrator/harness.py;orchestrator/src/orchestrator/merge_queue.py;orchestrator/tests/test_merge_queue_speculative_probe.py
dark_factory,2382,medium,2026-07-17T13:25:29.078658+00:00,2026-07-17T16:59:00.111604+00:00,3.5586,era_death,8,2,0,28.469,14.236,0.106,0,orchestrator/src/orchestrator/config.py;orchestrator/src/orchestrator/git_ops.py;orchestrator/src/orchestrator/harness.py;orchestrator/src/orchestrator/merge_skew_tripwire.py;orchestrator/tests/test_config.py;orchestrator/tests/test_git_ops.py;orchestrator/tests/test_harness_pipeline_tripwire.py;orchestrator/tests/test_merge_skew_tripwire.py
dark_factory,2700,high,2026-07-17T15:54:54.403697+00:00,2026-07-17T16:59:00.111604+00:00,1.0683,era_death,5,1,0,5.341,5.341,6.550,0,fused-memory/src/fused_memory/config;fused-memory/src/fused_memory/server;fused-memory/tests/test_config_schema.py;fused-memory/tests/test_operator_signal_handler.py;fused-memory/tests/test_server_shutdown.py
dark_factory,2711,high,2026-07-17T17:05:23.135475+00:00,2026-07-17T18:03:49.901969+00:00,0.9741,used,4,1,0,3.896,1.957,4.994,0,fused-memory/src/fused_memory/reconciliation;fused-memory/tests/test_event_buffer.py;fused-memory/tests/test_harness.py;fused-memory/tests/test_journal.py
dark_factory,2706,high,2026-07-17T18:04:05.066869+00:00,2026-07-17T20:19:10.652660+00:00,2.2516,used,8,1,0,18.012,13.514,7.493,0,orchestrator/src/orchestrator/deterministic_runner.py;orchestrator/src/orchestrator/fm_retry.py;orchestrator/src/orchestrator/mcp_lifecycle.py;orchestrator/src/orchestrator/scheduler.py;orchestrator/tests/test_deterministic_runner.py;orchestrator/tests/test_fm_retry.py;orchestrator/tests/test_mcp_retry.py;orchestrator/tests/test_scheduler.py
dark_factory,2702,high,2026-07-17T20:19:31.513811+00:00,2026-07-17T23:03:28.962151+00:00,2.7326,used,2,1,0,5.465,0.009,1.975,0,fused-memory/src/fused_memory/reconciliation;fused-memory/tests/test_harness.py
dark_factory,2715,high,2026-07-17T23:03:48.456211+00:00,2026-07-18T01:00:18.386986+00:00,1.9416,era_death,5,1,0,9.708,7.767,0.456,0,fused-memory/src/fused_memory/models;fused-memory/src/fused_memory/reconciliation;fused-memory/tests/reconciliation/test_harness_session_config_dir.py;fused-memory/tests/reconciliation/test_recon_session_capture.py;fused-memory/tests/test_journal.py
dark_factory,2709,high,2026-07-18T01:02:03.864723+00:00,2026-07-18T01:07:49.598093+00:00,0.0960,era_death,6,1,0,0.576,0.385,0.027,0,fused-memory/src/fused_memory/reconciliation;fused-memory/src/fused_memory/server;fused-memory/tests/test_dead_letters_tool.py;fused-memory/tests/test_event_buffer.py;fused-memory/tests/test_event_journal.py;fused-memory/tests/test_event_queue.py
dark_factory,2706,high,2026-07-18T01:09:36.399797+00:00,2026-07-18T01:09:57.400279+00:00,0.0058,used,8,1,0,0.047,0.047,2.647,0,orchestrator/src/orchestrator/deterministic_runner.py;orchestrator/src/orchestrator/fm_retry.py;orchestrator/src/orchestrator/mcp_lifecycle.py;orchestrator/src/orchestrator/scheduler.py;orchestrator/tests/test_deterministic_runner.py;orchestrator/tests/test_fm_retry.py;orchestrator/tests/test_mcp_retry.py;orchestrator/tests/test_scheduler.py
dark_factory,2709,high,2026-07-18T01:10:03.738109+00:00,2026-07-18T01:27:39.531540+00:00,0.2933,used,6,1,0,1.760,1.466,4.505,0,fused-memory/src/fused_memory/reconciliation;fused-memory/src/fused_memory/server;fused-memory/tests/test_dead_letters_tool.py;fused-memory/tests/test_event_buffer.py;fused-memory/tests/test_event_journal.py;fused-memory/tests/test_event_queue.py
dark_factory,2716,high,2026-07-18T01:27:48.633831+00:00,2026-07-18T05:57:56.982544+00:00,4.5023,used,3,1,0,13.507,9.007,0.358,0,fused-memory/src/fused_memory/config;fused-memory/src/fused_memory/server;fused-memory/tests/server/test_recon_report_store.py
dark_factory,2710,high,2026-07-18T05:58:04.023541+00:00,2026-07-18T06:18:28.699104+00:00,0.3402,era_death,4,1,0,1.361,1.021,0.016,0,fused-memory/src/fused_memory/server;fused-memory/src/fused_memory/services;fused-memory/tests/test_mem0_intent_recovery.py;fused-memory/tests/test_write_journal.py
dark_factory,2710,high,2026-07-18T06:19:36.605153+00:00,2026-07-18T09:09:04.221509+00:00,2.8243,era_death,4,1,0,11.297,8.473,0.029,0,fused-memory/src/fused_memory/server;fused-memory/src/fused_memory/services;fused-memory/tests/test_mem0_intent_recovery.py;fused-memory/tests/test_write_journal.py
dark_factory,2716,high,2026-07-18T09:10:56.975733+00:00,2026-07-18T09:11:33.377417+00:00,0.0101,era_death,3,1,0,0.030,0.020,0.005,0,fused-memory/src/fused_memory/config;fused-memory/src/fused_memory/server;fused-memory/tests/server/test_recon_report_store.py
dark_factory,2716,high,2026-07-18T09:11:55.281690+00:00,2026-07-18T09:26:32.849259+00:00,0.2438,used,3,1,0,0.731,0.488,3.363,0,fused-memory/src/fused_memory/config;fused-memory/src/fused_memory/server;fused-memory/tests/server/test_recon_report_store.py
dark_factory,2710,high,2026-07-18T09:26:52.715832+00:00,2026-07-18T12:48:19.620611+00:00,3.3575,used,4,1,0,13.430,10.074,2.041,0,fused-memory/src/fused_memory/server;fused-memory/src/fused_memory/services;fused-memory/tests/test_mem0_intent_recovery.py;fused-memory/tests/test_write_journal.py
dark_factory,2742,high,2026-07-18T12:48:36.119223+00:00,2026-07-18T15:28:45.797238+00:00,2.6694,used,6,1,0,16.016,13.349,0.945,0,orchestrator/src/orchestrator/config.py;orchestrator/src/orchestrator/workflow.py;orchestrator/tests/test_transcript_archive_config.py;orchestrator/tests/test_transcript_archive_producer_hook.py;shared/src/shared/transcript_archive.py;shared/tests/test_transcript_archive.py
dark_factory,2700,high,2026-07-18T15:28:58.927528+00:00,2026-07-18T17:13:11.052463+00:00,1.7367,era_death,5,1,0,8.684,5.491,0.065,0,fused-memory/src/fused_memory/config;fused-memory/src/fused_memory/server;fused-memory/tests/test_config_schema.py;fused-memory/tests/test_operator_signal_handler.py;fused-memory/tests/test_server_shutdown.py
dark_factory,2751,high,2026-07-18T17:13:55.279941+00:00,2026-07-18T17:17:05.316764+00:00,0.0528,used,7,1,0,0.370,0.317,1.494,0,fused-memory/src/fused_memory/backends;fused-memory/src/fused_memory/middleware;fused-memory/src/fused_memory/reconciliation;fused-memory/src/fused_memory/server;fused-memory/tests/test_sqlite_task_backend.py;fused-memory/tests/test_task_interceptor.py;scripts/migrate_metadata_modules_to_files.py
dark_factory,2753,high,2026-07-18T17:17:08.617174+00:00,2026-07-18T20:16:33.861639+00:00,2.9903,used,10,1,0,29.903,21.437,4.872,0,orchestrator/src/orchestrator/config.py;orchestrator/src/orchestrator/harness.py;orchestrator/src/orchestrator/scheduler.py;orchestrator/src/orchestrator/service_restart.py;orchestrator/src/orchestrator/workflow.py;orchestrator/tests/test_config.py;orchestrator/tests/test_harness_service_restart.py;orchestrator/tests/test_scheduler_callbacks.py;orchestrator/tests/test_service_restart.py;orchestrator/tests/test_workflow.py
dark_factory,2754,high,2026-07-18T20:16:46.905916+00:00,2026-07-19T01:08:54.590567+00:00,4.8688,used,4,1,0,19.475,14.609,0.134,0,orchestrator/src/orchestrator/workflow.py;orchestrator/tests/test_workflow_merge_retry_pending.py;shared/src/shared/task_metadata.py;shared/tests/test_task_metadata.py
dark_factory,2757,high,2026-07-19T01:09:04.835128+00:00,2026-07-19T01:15:22.857085+00:00,0.1050,era_death,6,1,0,0.630,0.525,0.026,0,escalation/src/escalation/queue.py;escalation/tests/test_queue.py;orchestrator/src/orchestrator/event_store.py;orchestrator/src/orchestrator/workflow.py;orchestrator/tests/test_event_store.py;orchestrator/tests/test_workflow_merge_blocked_surfacing.py
dark_factory,2771,high,2026-07-19T01:17:02.123655+00:00,2026-07-19T01:18:08.561538+00:00,0.0185,era_death,4,1,0,0.074,0.055,0.005,0,orchestrator/src/orchestrator/artifacts.py;orchestrator/src/orchestrator/workflow.py;orchestrator/tests/test_artifacts.py;orchestrator/tests/test_workflow_agent_session_preserve.py
dark_factory,2701,high,2026-07-19T02:48:54.401579+00:00,2026-07-19T04:31:14.373162+00:00,1.7055,used,4,1,0,6.822,4.096,5.652,0,fused-memory/src/fused_memory/server;fused-memory/src/fused_memory/services;fused-memory/tests/test_memory_service.py;fused-memory/tests/test_server_shutdown.py
dark_factory,2771,high,2026-07-19T01:18:30.271300+00:00,2026-07-19T05:43:02.274442+00:00,4.4089,used,4,1,0,17.636,13.231,2.503,0,orchestrator/src/orchestrator/artifacts.py;orchestrator/src/orchestrator/workflow.py;orchestrator/tests/test_artifacts.py;orchestrator/tests/test_workflow_agent_session_preserve.py
dark_factory,2757,high,2026-07-19T05:43:18.583997+00:00,2026-07-19T09:19:16.462010+00:00,3.5994,silent_owner_dispatch_then_release,6,1,1,21.596,12.543,2.826,0,escalation/src/escalation/queue.py;escalation/tests/test_queue.py;orchestrator/src/orchestrator/event_store.py;orchestrator/src/orchestrator/workflow.py;orchestrator/tests/test_event_store.py;orchestrator/tests/test_workflow_merge_blocked_surfacing.py
dark_factory,2772,critical,2026-07-19T08:10:21.237163+00:00,2026-07-19T09:19:17.158819+00:00,1.1489,era_death,4,1,0,4.595,3.447,2.825,0,orchestrator/src/orchestrator/harness.py;orchestrator/tests/test_crash_recovery.py;orchestrator/tests/test_harness_resume_scheduler.py;orchestrator/tests/test_harness_warm_lane_wiring.py
dark_factory,2758,critical,2026-07-19T09:21:28.683749+00:00,2026-07-19T12:08:48.668309+00:00,2.7889,used,12,1,0,33.467,29.402,2.034,0,orchestrator/src/orchestrator/git_ops.py;orchestrator/src/orchestrator/harness.py;orchestrator/src/orchestrator/merge_gates.py;orchestrator/src/orchestrator/merge_queue.py;orchestrator/src/orchestrator/merge_types.py;orchestrator/src/orchestrator/workflow.py;orchestrator/tests/_serial_merge_worker.py;orchestrator/tests/test_git_ops.py;orchestrator/tests/test_halt_owner.py;orchestrator/tests/test_merge_gates.py;orchestrator/tests/test_merge_queue.py;orchestrator/tests/test_workflow_halt_owner.py
dark_factory,2759,critical,2026-07-19T12:09:00.606118+00:00,2026-07-19T14:10:52.444694+00:00,2.0311,used,2,1,0,4.062,2.035,2.812,0,orchestrator/src/orchestrator/workflow.py;orchestrator/tests/test_workflow_truthful_commit_stamp.py
dark_factory,2760,critical,2026-07-19T14:11:03.578699+00:00,2026-07-19T16:59:36.620613+00:00,2.8092,used,4,1,0,11.237,8.429,1.713,0,orchestrator/src/orchestrator/event_store.py;orchestrator/src/orchestrator/workflow.py;orchestrator/tests/test_workflow_amendment_wip_guard.py;orchestrator/tests/test_workflow_e2e.py
dark_factory,2762,critical,2026-07-19T16:59:44.159284+00:00,2026-07-19T17:20:16.056108+00:00,0.3422,era_death,4,1,0,1.369,0.342,0.013,0,orchestrator/src/orchestrator/git_ops.py;orchestrator/src/orchestrator/workflow.py;orchestrator/tests/test_git_ops.py;orchestrator/tests/test_reconcile_done_step_commits.py
dark_factory,2774,critical,2026-07-19T17:21:06.504099+00:00,2026-07-19T18:42:22.851532+00:00,1.3545,used,6,1,0,8.127,6.780,2.625,0,orchestrator/src/orchestrator/config.py;orchestrator/src/orchestrator/event_store.py;orchestrator/src/orchestrator/harness.py;orchestrator/tests/test_config.py;orchestrator/tests/test_crash_recovery.py;shared/src/shared/cli_invoke.py
dark_factory,2763,critical,2026-07-19T18:42:31.226140+00:00,2026-07-19T21:19:52.813537+00:00,2.6227,used,7,1,0,18.359,14.018,5.827,0,orchestrator/src/orchestrator/agents;orchestrator/src/orchestrator/artifacts.py;orchestrator/src/orchestrator/harness.py;orchestrator/src/orchestrator/workflow.py;orchestrator/tests/test_artifacts.py;orchestrator/tests/test_reconcile_stranded.py;orchestrator/tests/test_workflow.py
dark_factory,2764,critical,2026-07-19T21:20:17.339261+00:00,2026-07-20T01:21:12.880448+00:00,4.0154,era_death,4,1,0,16.062,4.017,0.038,0,orchestrator/src/orchestrator/artifacts.py;orchestrator/src/orchestrator/workflow.py;orchestrator/tests/test_artifacts.py;orchestrator/tests/test_reconcile_done_step_commits.py
dark_factory,2764,critical,2026-07-20T01:23:42.317002+00:00,2026-07-20T01:37:40.240469+00:00,0.2328,era_death,4,1,0,0.931,0.236,0.007,0,orchestrator/src/orchestrator/artifacts.py;orchestrator/src/orchestrator/workflow.py;orchestrator/tests/test_artifacts.py;orchestrator/tests/test_reconcile_done_step_commits.py
dark_factory,2764,critical,2026-07-20T01:38:20.206767+00:00,2026-07-20T03:09:31.722899+00:00,1.5199,used,4,1,0,6.079,1.779,1.654,0,orchestrator/src/orchestrator/artifacts.py;orchestrator/src/orchestrator/workflow.py;orchestrator/tests/test_artifacts.py;orchestrator/tests/test_reconcile_done_step_commits.py
dark_factory,2795,critical,2026-07-20T03:09:47.325109+00:00,2026-07-20T04:48:45.754871+00:00,1.6496,used,4,1,0,6.598,4.964,4.877,0,orchestrator/src/orchestrator/workflow.py;orchestrator/tests/test_workflow_merge_retry_pending.py;shared/src/shared/task_metadata.py;shared/tests/test_task_metadata.py
dark_factory,2763,critical,2026-07-20T04:48:55.196194+00:00,2026-07-20T09:39:20.557392+00:00,4.8404,era_death,7,1,0,33.883,25.854,0.036,0,orchestrator/src/orchestrator/agents;orchestrator/src/orchestrator/artifacts.py;orchestrator/src/orchestrator/harness.py;orchestrator/src/orchestrator/workflow.py;orchestrator/tests/test_artifacts.py;orchestrator/tests/test_reconcile_stranded.py;orchestrator/tests/test_workflow.py
dark_factory,2487,medium,2026-07-20T09:41:52.469012+00:00,2026-07-20T09:42:43.603532+00:00,0.0142,era_death,1,2,0,0.014,0.000,0.004,0,orchestrator/src/orchestrator/workflow.py
dark_factory,2487,medium,2026-07-20T09:43:23.266541+00:00,2026-07-20T09:50:32.437131+00:00,0.1192,used,1,2,0,0.119,0.029,1.991,0,orchestrator/src/orchestrator/workflow.py
dark_factory,2493,medium,2026-07-20T09:51:14.742973+00:00,2026-07-20T11:49:59.606296+00:00,1.9791,used,7,2,0,13.854,11.696,1.128,0,orchestrator/src/orchestrator/agents;orchestrator/src/orchestrator/evals;orchestrator/src/orchestrator/workflow.py;orchestrator/tests/test_reviewer_prompt_loader_wiring.py;orchestrator/tests/test_reviewer_prompt_split.py;orchestrator/tests/test_reviewer_trial_runner.py;orchestrator/tests/test_reviewer_trial_variants.py
dark_factory,2505,medium,2026-07-20T11:50:36.962663+00:00,2026-07-20T12:57:39.022617+00:00,1.1172,used,12,2,0,13.407,11.183,3.195,0,escalation/src/escalation/models.py;escalation/src/escalation/queue.py;escalation/src/escalation/server.py;escalation/tests/test_models.py;escalation/tests/test_queue.py;escalation/tests/test_server.py;orchestrator/src/orchestrator/agents;orchestrator/src/orchestrator/artifacts.py;orchestrator/src/orchestrator/workflow.py;orchestrator/tests/_workflow_helpers.py;orchestrator/tests/test_artifacts.py;orchestrator/tests/test_workflow_status_on_resume.py
dark_factory,2852,high,2026-07-20T14:51:02.469571+00:00,2026-07-20T15:22:13.210244+00:00,0.5197,used,2,1,0,1.039,0.522,1.475,0,orchestrator/src/orchestrator/merge_queue.py;orchestrator/tests/test_merge_queue_duplicate_submission.py
dark_factory,2523,medium,2026-07-20T12:58:14.621188+00:00,2026-07-20T16:09:21.223550+00:00,3.1852,used,6,2,0,19.111,15.927,1.448,0,orchestrator/src/orchestrator/config.py;orchestrator/src/orchestrator/defaults.yaml;orchestrator/src/orchestrator/review_suggestions;orchestrator/src/orchestrator/workflow.py;orchestrator/tests/test_review_suggestions_prior_round.py;orchestrator/tests/test_workflow_resettled_suppression.py
dark_factory,2540,medium,2026-07-20T16:09:44.118004+00:00,2026-07-20T17:36:13.652277+00:00,1.4415,used,8,2,0,11.532,10.092,1.347,0,dark-factory-orchestrator.yaml;orchestrator/src/orchestrator/defaults.yaml;orchestrator/src/orchestrator/harness.py;orchestrator/src/orchestrator/module_tagger_prompt.py;orchestrator/tests/test_module_tagger_prompt.py;plans/module-tagger-haiku-trial-report.md;scripts/trial_module_tagger_haiku.py;tests/scripts/test_trial_module_tagger_haiku.py
dark_factory,2542,medium,2026-07-20T17:36:20.107509+00:00,2026-07-20T17:43:55.551263+00:00,0.1265,era_death,4,2,0,0.506,0.127,0.016,0,escalation/src/escalation/server.py;orchestrator/src/orchestrator/defaults.yaml;orchestrator/src/orchestrator/harness.py;orchestrator/src/orchestrator/workflow.py
dark_factory,2542,medium,2026-07-20T17:45:03.149355+00:00,2026-07-20T18:57:01.415173+00:00,1.1995,used,4,2,0,4.798,2.733,2.551,0,escalation/src/escalation/server.py;orchestrator/src/orchestrator/defaults.yaml;orchestrator/src/orchestrator/harness.py;orchestrator/src/orchestrator/workflow.py
dark_factory,2543,medium,2026-07-20T18:57:25.864778+00:00,2026-07-20T21:30:03.225145+00:00,2.5437,used,2,2,0,5.087,2.294,0.540,0,orchestrator/src/orchestrator/defaults.yaml;orchestrator/src/orchestrator/workflow.py
dark_factory,2640,medium,2026-07-20T21:30:07.787149+00:00,2026-07-20T22:02:27.930565+00:00,0.5389,used,4,2,0,2.156,1.618,1.088,0,orchestrator/src/orchestrator/agents;orchestrator/src/orchestrator/workflow.py;orchestrator/tests/test_task_creation_migration.py;orchestrator/tests/test_workflow_amendment.py
dark_factory,2681,medium,2026-07-20T22:02:50.011219+00:00,2026-07-20T23:07:44.971980+00:00,1.0819,used,6,2,0,6.492,5.411,0.651,0,orchestrator/src/orchestrator/landed_outbox.py;orchestrator/src/orchestrator/merge_queue.py;orchestrator/src/orchestrator/workflow.py;orchestrator/tests/test_landed_outbox.py;orchestrator/tests/test_merge_queue_landed_reconciler.py;orchestrator/tests/test_workflow.py
dark_factory,2789,medium,2026-07-20T23:08:06.532747+00:00,2026-07-20T23:46:47.126804+00:00,0.6446,used,3,2,0,1.934,1.290,1.119,0,orchestrator/src/orchestrator/config.py;orchestrator/src/orchestrator/offline_lane.py;orchestrator/src/orchestrator/workflow.py
dark_factory,2780,medium,2026-07-20T23:47:04.933751+00:00,2026-07-21T00:53:56.316092+00:00,1.1143,used,5,2,0,5.571,4.457,0.856,0,orchestrator/src/orchestrator/workflow.py;orchestrator/tests/_orch_helpers.py;orchestrator/tests/conftest.py;orchestrator/tests/test_concurrent_verify_boundary.py;orchestrator/tests/test_workflow_claimant.py
dark_factory,2798,medium,2026-07-21T00:54:14.137373+00:00,2026-07-21T01:45:03.262238+00:00,0.8470,era_death,14,2,0,11.858,11.011,0.004,0,escalation/src/escalation/server.py;escalation/tests/test_server.py;escalation/tests/test_server_chokepoint.py;orchestrator/src/orchestrator/git_ops.py;orchestrator/src/orchestrator/harness.py;orchestrator/src/orchestrator/merge_gates.py;orchestrator/src/orchestrator/merge_queue.py;orchestrator/src/orchestrator/merge_queue_store.py;orchestrator/src/orchestrator/merge_request_ledger.py;orchestrator/src/orchestrator/merge_types.py;orchestrator/src/orchestrator/suffix_graph.py;orchestrator/src/orchestrator/workflow.py;orchestrator/tests/test_git_ops.py;orchestrator/tests/test_merge_queue_store.py
dark_factory,2553,medium,2026-07-21T01:45:36.540054+00:00,2026-07-21T01:47:44.842994+00:00,0.0356,used,1,2,0,0.036,0.001,0.041,0,orchestrator/src/orchestrator/workflow.py
dark_factory,2789,medium,2026-07-21T01:48:04.747379+00:00,2026-07-21T01:50:11.872449+00:00,0.0353,used,3,2,0,0.106,0.071,0.000,0,orchestrator/src/orchestrator/config.py;orchestrator/src/orchestrator/offline_lane.py;orchestrator/src/orchestrator/workflow.py
dark_factory,2798,medium,2026-07-21T01:50:32.346664+00:00,2026-07-21T02:31:59.576600+00:00,0.6909,used,14,2,0,9.673,8.982,0.088,0,escalation/src/escalation/server.py;escalation/tests/test_server.py;escalation/tests/test_server_chokepoint.py;orchestrator/src/orchestrator/git_ops.py;orchestrator/src/orchestrator/harness.py;orchestrator/src/orchestrator/merge_gates.py;orchestrator/src/orchestrator/merge_queue.py;orchestrator/src/orchestrator/merge_queue_store.py;orchestrator/src/orchestrator/merge_request_ledger.py;orchestrator/src/orchestrator/merge_types.py;orchestrator/src/orchestrator/suffix_graph.py;orchestrator/src/orchestrator/workflow.py;orchestrator/tests/test_git_ops.py;orchestrator/tests/test_merge_queue_store.py
dark_factory,2858,medium,2026-07-21T02:32:18.420648+00:00,2026-07-21T02:37:15.055547+00:00,0.0824,used,4,2,0,0.330,0.247,0.678,0,orchestrator/src/orchestrator/routing.py;orchestrator/src/orchestrator/workflow.py;orchestrator/tests/test_routing.py;orchestrator/tests/test_workflow.py
dark_factory,2789,medium,2026-07-21T02:37:35.473571+00:00,2026-07-21T03:17:56.871318+00:00,0.6726,used,3,2,0,2.018,1.346,0.102,0,orchestrator/src/orchestrator/config.py;orchestrator/src/orchestrator/offline_lane.py;orchestrator/src/orchestrator/workflow.py
dark_factory,2543,medium,2026-07-21T03:18:01.120969+00:00,2026-07-21T03:24:03.915965+00:00,0.1008,used,2,2,0,0.202,0.101,0.106,0,orchestrator/src/orchestrator/defaults.yaml;orchestrator/src/orchestrator/workflow.py
dark_factory,2553,medium,2026-07-21T03:24:23.954734+00:00,2026-07-21T03:30:25.840555+00:00,0.1005,used,1,2,0,0.101,0.000,0.921,0,orchestrator/src/orchestrator/workflow.py
dark_factory,2798,medium,2026-07-21T03:30:43.582892+00:00,2026-07-21T07:26:22.004931+00:00,3.9273,silent_owner_dispatch_then_release,15,2,1,58.910,0.000,0.001,758,escalation/src/escalation/server.py;escalation/tests/test_server.py;escalation/tests/test_server_chokepoint.py;orchestrator/src/orchestrator/git_ops.py;orchestrator/src/orchestrator/harness.py;orchestrator/src/orchestrator/merge_gates.py;orchestrator/src/orchestrator/merge_queue.py;orchestrator/src/orchestrator/merge_queue_store.py;orchestrator/src/orchestrator/merge_request_ledger.py;orchestrator/src/orchestrator/merge_types.py;orchestrator/src/orchestrator/suffix_graph.py;orchestrator/src/orchestrator/workflow.py;orchestrator/tests;orchestrator/tests/test_git_ops.py;orchestrator/tests/test_merge_queue_store.py
dark_factory,2789,medium,2026-07-21T03:46:39.031529+00:00,2026-07-21T07:26:24.494568+00:00,3.6626,used,2,2,0,7.325,7.325,11.405,0,orchestrator/src/orchestrator/config.py;orchestrator/src/orchestrator/offline_lane.py
dark_factory,2543,medium,2026-07-21T07:26:42.838373+00:00,2026-07-21T07:34:47.480111+00:00,0.1346,used,4,2,0,0.538,0.404,0.175,0,orchestrator/src/orchestrator/defaults.yaml;orchestrator/src/orchestrator/workflow.py;orchestrator/tests/test_routing_simple_saturated.py;orchestrator/tests/test_simple_task_workflow.py
dark_factory,2553,medium,2026-07-21T07:34:49.143115+00:00,2026-07-21T07:45:18.283217+00:00,0.1748,used,2,47,0,0.350,0.175,1.412,0,orchestrator/src/orchestrator/workflow.py;orchestrator/tests/test_workflow_e2e.py
dark_factory,2280,low,2026-07-21T07:46:07.748958+00:00,2026-07-21T09:09:59.861838+00:00,1.3978,used,4,4,0,5.591,4.198,0.907,0,orchestrator/src/orchestrator/harness.py;orchestrator/src/orchestrator/merge_queue.py;orchestrator/src/orchestrator/workflow.py;orchestrator/tests/test_merge_queue_landed_reconciler.py
dark_factory,2373,low,2026-07-21T09:13:34.941692+00:00,2026-07-21T09:46:18.407013+00:00,0.5454,era_death,3,4,0,1.636,1.091,0.004,0,orchestrator/src/orchestrator/workflow.py;orchestrator/tests/test_train_integration.py;orchestrator/tests/test_workflow.py
dark_factory,2373,low,2026-07-21T09:47:18.311500+00:00,2026-07-21T09:49:44.859791+00:00,0.0407,era_death,3,4,0,0.122,0.081,0.003,0,orchestrator/src/orchestrator/workflow.py;orchestrator/tests/test_train_integration.py;orchestrator/tests/test_workflow.py
dark_factory,2868,high,2026-07-21T10:01:34.056512+00:00,2026-07-21T10:01:50.051571+00:00,0.0044,used,1,1,0,0.004,0.004,48.774,0,orchestrator/src/orchestrator/scheduler.py
dark_factory,2870,high,2026-07-21T10:02:08.187015+00:00,2026-07-21T10:04:26.499696+00:00,0.0384,used,1,1,0,0.038,0.000,8.339,0,orchestrator/src/orchestrator/harness.py
dark_factory,2373,low,2026-07-21T09:50:42.830086+00:00,2026-07-21T10:04:26.975633+00:00,0.2289,used,3,4,0,0.687,0.458,1.199,0,orchestrator/src/orchestrator/workflow.py;orchestrator/tests/test_train_integration.py;orchestrator/tests/test_workflow.py
dark_factory,2868,high,2026-07-21T10:12:14.424621+00:00,2026-07-21T11:16:23.208610+00:00,1.0691,used,3,1,0,3.207,1.069,0.436,0,orchestrator/src/orchestrator/scheduler.py;orchestrator/src/orchestrator/workflow.py;orchestrator/tests/test_scheduler.py
dark_factory,2789,medium,2026-07-21T11:16:38.664228+00:00,2026-07-21T11:42:31.014351+00:00,0.4312,used,3,2,0,1.294,0.862,0.051,0,orchestrator/src/orchestrator/config.py;orchestrator/src/orchestrator/offline_lane.py;orchestrator/src/orchestrator/workflow.py
dark_factory,2543,medium,2026-07-21T11:42:46.298133+00:00,2026-07-21T11:45:33.599484+00:00,0.0465,used,2,2,0,0.093,0.047,0.054,0,orchestrator/src/orchestrator/defaults.yaml;orchestrator/src/orchestrator/workflow.py
dark_factory,2621,low,2026-07-21T10:05:12.368599+00:00,2026-07-21T11:48:46.911940+00:00,1.7263,used,5,4,0,8.631,6.905,6.792,364,fused-memory/src/fused_memory/reconciliation;fused-memory/tests/test_stages.py;fused-memory/tests/test_task_filter.py;orchestrator/src/orchestrator/workflow.py;orchestrator/tests/test_workflow_completion_memory.py
dark_factory,2540,high,2026-07-21T18:39:44.640942+00:00,2026-07-21T18:50:42.182669+00:00,0.1827,used,9,1,0,1.644,0.000,2.402,0,dark-factory-orchestrator.yaml;orchestrator/src/orchestrator/config.py;orchestrator/src/orchestrator/defaults.yaml;orchestrator/src/orchestrator/harness.py;orchestrator/src/orchestrator/module_tagger_prompt.py;orchestrator/tests/test_module_tagger_prompt.py;plans/module-tagger-haiku-trial-report.md;scripts/trial_module_tagger_haiku.py;tests/scripts/test_trial_module_tagger_haiku.py
dark_factory,2874,high,2026-07-21T18:50:42.609255+00:00,2026-07-21T18:51:13.698578+00:00,0.0086,used,2,1,0,0.017,0.017,2.394,0,orchestrator/src/orchestrator/workflow.py;orchestrator/tests/test_workflow_metadata_files_reconcile.py
dark_factory,2543,medium,2026-07-21T18:36:19.797209+00:00,2026-07-21T21:14:50.697156+00:00,2.6419,used,2,2,0,5.284,1.714,5.266,44,orchestrator/src/orchestrator/defaults.yaml;orchestrator/src/orchestrator/workflow.py
dark_factory,2789,medium,2026-07-22T02:28:56.945460+00:00,2026-07-22T02:30:47.514754+00:00,0.0307,used,3,2,0,0.092,0.092,0.210,0,orchestrator/src/orchestrator/config.py;orchestrator/src/orchestrator/offline_lane.py;orchestrator/src/orchestrator/workflow.py
dark_factory,2543,medium,2026-07-22T02:30:48.076129+00:00,2026-07-22T02:43:24.507859+00:00,0.2101,used,2,2,0,0.420,0.210,10.017,0,orchestrator/src/orchestrator/defaults.yaml;orchestrator/src/orchestrator/workflow.py
dark_factory,2881,high,2026-07-22T09:54:35.544723+00:00,2026-07-22T09:55:50.897845+00:00,0.0209,era_death,3,1,0,0.063,0.063,0.003,0,orchestrator/src/orchestrator/cli.py;orchestrator/src/orchestrator/evals;orchestrator/tests/test_snapshots.py
dark_factory,2881,high,2026-07-22T09:56:02.004153+00:00,2026-07-22T11:21:58.299505+00:00,1.4323,era_death,3,1,0,4.297,2.865,50.473,0,orchestrator/src/orchestrator/cli.py;orchestrator/src/orchestrator/evals;orchestrator/tests/test_snapshots.py
dark_factory,2763,critical,2026-07-22T12:44:26.971335+00:00,2026-07-22T15:10:01.827207+00:00,2.4263,used,8,1,0,19.411,16.976,0.701,0,orchestrator/src/orchestrator/agents;orchestrator/src/orchestrator/artifacts.py;orchestrator/src/orchestrator/mcp;orchestrator/src/orchestrator/workflow.py;orchestrator/tests/test_artifacts.py;orchestrator/tests/test_plan_tools_server.py;orchestrator/tests/test_roles_staging_command.py;orchestrator/tests/test_workflow.py
dark_factory,2884,high,2026-07-22T11:23:47.348150+00:00,2026-07-22T19:24:36.837486+00:00,8.0137,era_death,1,1,0,8.014,0.000,0.036,0,orchestrator/src/orchestrator/verify_runner.py
dark_factory,2884,high,2026-07-22T19:27:03.447562+00:00,2026-07-22T19:27:56.199781+00:00,0.0147,era_death,1,1,0,0.015,0.000,0.016,0,orchestrator/src/orchestrator/verify_runner.py
dark_factory,2763,critical,2026-07-22T20:07:44.458926+00:00,2026-07-23T01:50:20.302924+00:00,5.7100,used,8,1,0,45.680,34.269,0.608,0,orchestrator/src/orchestrator/agents;orchestrator/src/orchestrator/artifacts.py;orchestrator/src/orchestrator/mcp;orchestrator/src/orchestrator/workflow.py;orchestrator/tests/test_artifacts.py;orchestrator/tests/test_plan_tools_server.py;orchestrator/tests/test_roles_staging_command.py;orchestrator/tests/test_workflow.py
dark_factory,2884,high,2026-07-22T19:29:07.651661+00:00,2026-07-23T03:29:27.508114+00:00,8.0055,era_death,1,1,1,8.006,0.001,161.056,0,orchestrator/src/orchestrator/verify_runner.py
dark_factory,2926,high,2026-07-23T01:51:01.759973+00:00,2026-07-23T03:29:27.508114+00:00,1.6405,era_death,6,1,0,9.843,6.763,0.008,149,orchestrator/src/orchestrator/harness.py;orchestrator/src/orchestrator/merge_queue.py;orchestrator/src/orchestrator/merge_queue_store.py;orchestrator/tests/test_harness_merge_store_wiring.py;orchestrator/tests/test_merge_queue.py;orchestrator/tests/test_merge_queue_store.py
dark_factory,2885,high,2026-07-23T03:30:11.776267+00:00,2026-07-23T05:54:45.834883+00:00,2.4095,used,3,1,0,7.228,2.411,0.002,0,orchestrator/src/orchestrator/event_store.py;orchestrator/src/orchestrator/merge_queue.py;orchestrator/tests/test_merge_queue_chain_intact.py
dark_factory,2889,high,2026-07-23T05:54:52.064532+00:00,2026-07-23T07:05:59.214546+00:00,1.1853,used,7,1,0,8.297,7.115,0.661,0,escalation/src/escalation/server.py;orchestrator/src/orchestrator/config.py;orchestrator/src/orchestrator/harness.py;orchestrator/src/orchestrator/merge_queue.py;orchestrator/src/orchestrator/stranded_verified_green.py;orchestrator/tests/test_merge_queue.py;orchestrator/tests/test_stranded_verified_green.py
dark_factory,2927,high,2026-07-23T07:06:12.466513+00:00,2026-07-23T07:45:39.475278+00:00,0.6575,used,1,1,0,0.658,0.037,3.030,0,orchestrator/src/orchestrator/merge_queue.py
dark_factory,2926,high,2026-07-23T07:45:48.642065+00:00,2026-07-23T10:46:57.852354+00:00,3.0192,era_death,6,1,0,18.115,13.680,0.009,0,orchestrator/src/orchestrator/harness.py;orchestrator/src/orchestrator/merge_queue.py;orchestrator/src/orchestrator/merge_queue_store.py;orchestrator/tests/test_harness_merge_store_wiring.py;orchestrator/tests/test_merge_queue.py;orchestrator/tests/test_merge_queue_store.py
dark_factory,2926,high,2026-07-23T10:47:59.787356+00:00,2026-07-23T10:52:37.242655+00:00,0.0771,era_death,6,1,0,0.462,0.385,0.013,0,orchestrator/src/orchestrator/harness.py;orchestrator/src/orchestrator/merge_queue.py;orchestrator/src/orchestrator/merge_queue_store.py;orchestrator/tests/test_harness_merge_store_wiring.py;orchestrator/tests/test_merge_queue.py;orchestrator/tests/test_merge_queue_store.py
dark_factory,2763,critical,2026-07-23T11:08:26.621909+00:00,2026-07-23T11:32:07.267968+00:00,0.3946,used,8,1,0,3.157,2.767,0.749,0,orchestrator/src/orchestrator/agents;orchestrator/src/orchestrator/artifacts.py;orchestrator/src/orchestrator/mcp;orchestrator/src/orchestrator/workflow.py;orchestrator/tests/test_artifacts.py;orchestrator/tests/test_plan_tools_server.py;orchestrator/tests/test_roles_staging_command.py;orchestrator/tests/test_workflow.py
dark_factory,2926,high,2026-07-23T10:54:07.301653+00:00,2026-07-23T14:01:41.051388+00:00,3.1260,era_death,6,1,0,18.756,15.631,0.055,0,orchestrator/src/orchestrator/harness.py;orchestrator/src/orchestrator/merge_queue.py;orchestrator/src/orchestrator/merge_queue_store.py;orchestrator/tests/test_harness_merge_store_wiring.py;orchestrator/tests/test_merge_queue.py;orchestrator/tests/test_merge_queue_store.py
dark_factory,2763,critical,2026-07-23T13:09:31.798087+00:00,2026-07-23T14:01:41.051388+00:00,0.8692,era_death,8,1,0,6.954,5.397,0.083,0,orchestrator/src/orchestrator/agents;orchestrator/src/orchestrator/artifacts.py;orchestrator/src/orchestrator/mcp;orchestrator/src/orchestrator/workflow.py;orchestrator/tests/test_artifacts.py;orchestrator/tests/test_plan_tools_server.py;orchestrator/tests/test_roles_staging_command.py;orchestrator/tests/test_workflow.py
dark_factory,2869,high,2026-07-23T14:03:35.812932+00:00,2026-07-23T14:05:00.469856+00:00,0.0235,used,4,1,0,0.094,0.094,1.953,0,orchestrator/src/orchestrator/merge_disposition.py;orchestrator/src/orchestrator/merge_queue.py;orchestrator/tests/test_merge_disposition.py;orchestrator/tests/test_merge_queue_disposition_wiring.py
dark_factory,2885,high,2026-07-23T14:05:12.546806+00:00,2026-07-23T16:02:16.751670+00:00,1.9512,silent_owner_dispatch_then_release,3,1,1,5.854,3.901,0.004,0,orchestrator/src/orchestrator/event_store.py;orchestrator/src/orchestrator/merge_queue.py;orchestrator/tests/test_merge_queue_chain_intact.py
dark_factory,2763,critical,2026-07-23T14:32:11.715785+00:00,2026-07-23T22:04:00.448859+00:00,7.5302,era_death,7,1,0,52.711,31.267,0.033,0,orchestrator/src/orchestrator/agents;orchestrator/src/orchestrator/artifacts.py;orchestrator/src/orchestrator/harness.py;orchestrator/src/orchestrator/workflow.py;orchestrator/tests/test_artifacts.py;orchestrator/tests/test_reconcile_stranded.py;orchestrator/tests/test_workflow.py
dark_factory,2885,high,2026-07-23T22:06:00.862851+00:00,2026-07-23T22:20:32.121277+00:00,0.2420,used,3,1,0,0.726,0.528,1.061,0,orchestrator/src/orchestrator/event_store.py;orchestrator/src/orchestrator/merge_queue.py;orchestrator/tests/test_merge_queue_chain_intact.py
dark_factory,2926,high,2026-07-23T22:21:09.230609+00:00,2026-07-23T23:22:19.490343+00:00,1.0195,era_death,6,1,0,6.117,5.098,0.024,0,orchestrator/src/orchestrator/harness.py;orchestrator/src/orchestrator/merge_queue.py;orchestrator/src/orchestrator/merge_queue_store.py;orchestrator/tests/test_harness_merge_store_wiring.py;orchestrator/tests/test_merge_queue.py;orchestrator/tests/test_merge_queue_store.py
dark_factory,2928,high,2026-07-23T23:24:31.281951+00:00,2026-07-24T03:06:41.394375+00:00,3.7028,used,1,1,0,3.703,0.002,0.361,0,orchestrator/src/orchestrator/merge_queue.py
dark_factory,2945,high,2026-07-24T03:06:58.570552+00:00,2026-07-24T03:28:21.676046+00:00,0.3564,used,4,1,0,1.426,1.069,3.981,0,escalation/src/escalation/server.py;escalation/tests/test_server_merge_request.py;orchestrator/src/orchestrator/merge_queue.py;orchestrator/tests/test_merge_queue.py
dark_factory,3006,critical,2026-07-24T03:59:27.088618+00:00,2026-07-24T07:15:35.295675+00:00,3.2689,used,4,1,0,13.076,9.810,0.458,0,orchestrator/src/orchestrator/deterministic_runner.py;orchestrator/src/orchestrator/harness.py;orchestrator/tests/test_deterministic_runner.py;orchestrator/tests/test_harness_deterministic_recon_sweep.py
dark_factory,2988,high,2026-07-24T03:28:46.373821+00:00,2026-07-24T07:24:53.809024+00:00,3.9354,era_death,6,1,0,23.612,12.127,0.033,334,escalation/src/escalation/queue.py;orchestrator/src/orchestrator/config.py;orchestrator/src/orchestrator/git_ops.py;orchestrator/src/orchestrator/harness.py;orchestrator/src/orchestrator/workflow_types.py;tests/test_warm_lane_pool_exhausted_does_not_count.py
dark_factory,2945,high,2026-07-24T07:28:07.546506+00:00,2026-07-24T08:48:29.606967+00:00,1.3395,era_death,4,1,0,5.358,1.340,0.007,0,escalation/src/escalation/server.py;escalation/tests/test_server_chokepoint.py;orchestrator/src/orchestrator/merge_queue.py;orchestrator/tests/test_merge_guard_pipeline.py
dark_factory,2929,high,2026-07-24T12:32:31.168941+00:00,2026-07-24T13:31:58.669024+00:00,0.9910,used,1,1,0,0.991,0.006,0.306,0,orchestrator/src/orchestrator/harness.py
dark_factory,2989,high,2026-07-24T13:32:22.881827+00:00,2026-07-24T13:50:20.664010+00:00,0.2994,used,5,1,0,1.497,1.207,3.319,0,orchestrator/src/orchestrator/cli.py;orchestrator/src/orchestrator/config.py;orchestrator/src/orchestrator/harness.py;orchestrator/tests/test_config_unknown_keys.py;orchestrator/tests/test_harness_config_unknown_keys.py
dark_factory,2945,high,2026-07-24T08:49:02.457633+00:00,2026-07-24T16:51:26.253484+00:00,8.0399,silent_owner_dispatch_then_release,4,1,1,32.160,3.824,0.001,0,escalation/src/escalation/server.py;escalation/tests/test_server_chokepoint.py;orchestrator/src/orchestrator/merge_queue.py;orchestrator/tests/test_merge_guard_pipeline.py
dark_factory,2991,high,2026-07-24T13:50:42.690821+00:00,2026-07-24T17:09:29.237594+00:00,3.3129,used,5,1,0,16.565,6.667,93.422,0,orchestrator/src/orchestrator/config.py;orchestrator/src/orchestrator/harness.py;orchestrator/src/orchestrator/workflow.py;orchestrator/tests/test_orphan_l0_reaper.py;orchestrator/tests/test_workflow_merge_phase_liveness.py
dark_factory,3003,high,2026-07-24T17:09:44.637666+00:00,2026-07-24T19:23:00.286169+00:00,2.2210,era_death,4,1,0,8.884,6.663,98.155,0,orchestrator/src/orchestrator/git_ops.py;orchestrator/src/orchestrator/merge_liveness.py;orchestrator/src/orchestrator/merge_queue.py;orchestrator/tests/test_merge_queue.py
dark_factory,3072,critical,2026-07-28T16:35:06.258514+00:00,2026-07-28T16:36:44.400148+00:00,0.0273,used,1,1,0,0.027,0.027,,0,task-3072
dark_factory,2991,high,2026-07-28T14:35:31.857993+00:00,2026-07-28T19:04:58.170527+00:00,4.4906,silent_owner_dispatch_then_release,5,1,1,22.453,6.661,0.007,0,orchestrator/src/orchestrator/config.py;orchestrator/src/orchestrator/harness.py;orchestrator/src/orchestrator/workflow.py;orchestrator/tests/test_orphan_l0_reaper.py;orchestrator/tests/test_workflow_merge_phase_liveness.py
dark_factory,3072,critical,2026-07-28T16:47:32.469319+00:00,2026-07-28T19:45:36.600633+00:00,2.9678,era_death,21,1,0,62.324,59.356,14.295,0,orchestrator/scripts/warm-lane/README.md;orchestrator/scripts/warm-lane/lib_live_refs.sh;orchestrator/scripts/warm-lane/lib_portable.sh;orchestrator/scripts/warm-lane/provision-warm-lane-fs.sh;orchestrator/scripts/warm-lane/thin-warm-lane.sh;orchestrator/scripts/warm-lane/warm-lane-audit.sh;orchestrator/scripts/warm-lane/warm-lane-degenerate-ref-check.sh;orchestrator/scripts/warm-lane/warm-lane-disk-guard.sh;orchestrator/scripts/warm-lane/warm-lane-gc-sweep.sh;orchestrator/scripts/warm-lane/warm-lane-gc.sh;orchestrator/src/orchestrator/git_ops.py;orchestrator/tests/conftest.py;orchestrator/tests/test_git_ops.py;orchestrator/tests/test_harness_warm_lane_gc.py;orchestrator/tests/test_pool_storage_guard.py;orchestrator/tests/test_warm_lane_disk_guard.py;orchestrator/tests/test_warm_lane_integration_gate.py;orchestrator/tests/test_warm_lane_pool.py;orchestrator/tests/test_warm_lane_script_resolution.py;orchestrator/tests/test_warm_lane_scripts_shipped.py;orchestrator/tests/test_warm_lane_soft_floor.py
dark_factory,2991,high,2026-07-28T21:35:53.447065+00:00,2026-07-29T06:18:52.070595+00:00,8.7163,era_death,6,1,0,52.298,40.969,3.717,0,orchestrator/src/orchestrator/config.py;orchestrator/src/orchestrator/harness.py;orchestrator/src/orchestrator/workflow.py;orchestrator/tests/test_orphan_l0_reaper.py;orchestrator/tests/test_workflow_merge_phase_liveness.py;orchestrator/tests/test_workflow_merge_retry_pending.py
dark_factory,2991,high,2026-07-29T10:02:34.342605+00:00,2026-07-29T16:52:47.059044+00:00,6.8369,era_death,6,1,0,41.021,34.184,1.167,0,orchestrator/src/orchestrator/config.py;orchestrator/src/orchestrator/harness.py;orchestrator/src/orchestrator/workflow.py;orchestrator/tests/test_orphan_l0_reaper.py;orchestrator/tests/test_workflow_merge_phase_liveness.py;orchestrator/tests/test_workflow_merge_retry_pending.py
dark_factory,3072,critical,2026-07-29T10:54:34.492877+00:00,2026-07-29T16:52:47.059044+00:00,5.9702,era_death,21,1,0,125.373,119.403,3.974,0,orchestrator/scripts/warm-lane/README.md;orchestrator/scripts/warm-lane/lib_live_refs.sh;orchestrator/scripts/warm-lane/lib_portable.sh;orchestrator/scripts/warm-lane/provision-warm-lane-fs.sh;orchestrator/scripts/warm-lane/thin-warm-lane.sh;orchestrator/scripts/warm-lane/warm-lane-audit.sh;orchestrator/scripts/warm-lane/warm-lane-degenerate-ref-check.sh;orchestrator/scripts/warm-lane/warm-lane-disk-guard.sh;orchestrator/scripts/warm-lane/warm-lane-gc-sweep.sh;orchestrator/scripts/warm-lane/warm-lane-gc.sh;orchestrator/src/orchestrator/git_ops.py;orchestrator/tests/conftest.py;orchestrator/tests/test_git_ops.py;orchestrator/tests/test_harness_warm_lane_gc.py;orchestrator/tests/test_pool_storage_guard.py;orchestrator/tests/test_warm_lane_disk_guard.py;orchestrator/tests/test_warm_lane_integration_gate.py;orchestrator/tests/test_warm_lane_pool.py;orchestrator/tests/test_warm_lane_script_resolution.py;orchestrator/tests/test_warm_lane_scripts_shipped.py;orchestrator/tests/test_warm_lane_soft_floor.py
dark_factory,2991,high,2026-07-29T18:03:45.379938+00:00,2026-07-30T00:53:06.319338+00:00,6.8225,silent_owner_dispatch_then_release,6,1,1,40.935,28.280,0.027,0,orchestrator/src/orchestrator/config.py;orchestrator/src/orchestrator/harness.py;orchestrator/src/orchestrator/workflow.py;orchestrator/tests/test_orphan_l0_reaper.py;orchestrator/tests/test_workflow_merge_phase_liveness.py;orchestrator/tests/test_workflow_merge_retry_pending.py
dark_factory,3003,high,2026-07-30T01:27:35.155731+00:00,2026-07-30T02:14:36.205538+00:00,0.7836,used,7,1,0,5.485,4.740,2.844,0,orchestrator/src/orchestrator/git_ops.py;orchestrator/src/orchestrator/merge_liveness.py;orchestrator/src/orchestrator/merge_queue.py;orchestrator/src/orchestrator/workflow_types.py;orchestrator/tests/test_block_disposition.py;orchestrator/tests/test_merge_queue_request_liveness.py;orchestrator/tests/test_merge_verify_lease_guard.py
dark_factory,3170,critical,2026-07-30T05:12:04.908936+00:00,2026-07-30T05:37:55.670198+00:00,0.4308,used,4,1,0,1.723,0.433,4.545,0,orchestrator/src/orchestrator/steward.py;orchestrator/src/orchestrator/workflow.py;orchestrator/tests/test_steward.py;orchestrator/tests/test_workflow_escalated_steward_stall.py
dark_factory,3031,high,2026-07-30T02:16:22.270642+00:00,2026-07-30T07:18:32.835703+00:00,5.0363,era_death,9,1,0,45.326,36.936,0.050,17,orchestrator/src/orchestrator/artifacts.py;orchestrator/src/orchestrator/harness.py;orchestrator/src/orchestrator/mcp;orchestrator/src/orchestrator/stranded_verified_green.py;orchestrator/src/orchestrator/workflow.py;orchestrator/tests/test_artifacts.py;orchestrator/tests/test_plan_tools_server.py;orchestrator/tests/test_stranded_verified_green.py;orchestrator/tests/test_workflow_ready_to_merge.py
dark_factory,3073,critical,2026-07-30T07:07:15.383361+00:00,2026-07-30T07:18:32.835703+00:00,0.1882,era_death,15,1,0,2.823,1.317,5.088,0,orchestrator/pyproject.toml;orchestrator/scripts/warm-lane/README.md;orchestrator/tests/test_warm_lane_bash_suite.py;orchestrator/tests/warm-lane/README.md;orchestrator/tests/warm-lane/lib_warm_lane_paths.sh;orchestrator/tests/warm-lane/test_helpers.sh;orchestrator/tests/warm-lane/test_provision_warm_lane_fs.sh;orchestrator/tests/warm-lane/test_thin_warm_lane.sh;orchestrator/tests/warm-lane/test_warm_lane_audit.sh;orchestrator/tests/warm-lane/test_warm_lane_degenerate_ref.sh;orchestrator/tests/warm-lane/test_warm_lane_disk_guard.sh;orchestrator/tests/warm-lane/test_warm_lane_gc.sh;orchestrator/tests/warm-lane/test_warm_lane_gc_sweep.sh;orchestrator/tests/warm-lane/test_warm_lane_sizing_lifecycle.sh;plans/warm-lane-infra-repatriation-prd.md
dark_factory,3074,critical,2026-07-30T07:21:31.814796+00:00,2026-07-30T12:23:49.230990+00:00,5.0382,used,6,1,0,30.229,25.215,4.078,0,orchestrator/scripts/warm-lane/README.md;orchestrator/scripts/warm-lane/lib_lane_state.sh;orchestrator/scripts/warm-lane/warm-lane-audit.sh;orchestrator/src/orchestrator/git_ops.py;orchestrator/tests/test_lane_state_lib.py;orchestrator/tests/test_warm_lane_scripts_shipped.py
dark_factory,3075,critical,2026-07-30T16:30:28.847243+00:00,2026-07-30T16:32:21.666876+00:00,0.0313,used,2,1,0,0.063,0.063,16.781,0,orchestrator/scripts/warm-lane/warm-lane-gc.sh;orchestrator/tests/warm-lane/test_warm_lane_reclaim.sh
dark_factory,2991,high,2026-07-30T12:25:37.815485+00:00,2026-07-30T17:21:22.878099+00:00,4.9292,era_death,6,1,0,29.575,21.789,0.937,0,orchestrator/src/orchestrator/config.py;orchestrator/src/orchestrator/harness.py;orchestrator/src/orchestrator/workflow.py;orchestrator/tests/test_orphan_l0_reaper.py;orchestrator/tests/test_workflow_merge_phase_liveness.py;orchestrator/tests/test_workflow_merge_retry_pending.py
dark_factory,3031,high,2026-07-30T17:29:03.473435+00:00,2026-07-30T18:17:35.063461+00:00,0.8088,used,9,1,0,7.279,5.707,15.133,0,orchestrator/src/orchestrator/artifacts.py;orchestrator/src/orchestrator/harness.py;orchestrator/src/orchestrator/mcp;orchestrator/src/orchestrator/stranded_verified_green.py;orchestrator/src/orchestrator/workflow.py;orchestrator/tests/test_artifacts.py;orchestrator/tests/test_plan_tools_server.py;orchestrator/tests/test_stranded_verified_green.py;orchestrator/tests/test_workflow_ready_to_merge.py
dark_factory,3033,high,2026-07-30T18:19:26.505955+00:00,2026-07-31T03:03:25.836351+00:00,8.7331,era_death,3,1,0,26.199,17.467,0.056,0,orchestrator/src/orchestrator/agents;orchestrator/src/orchestrator/workflow.py;orchestrator/tests/test_architect_all_committed_plan.py
dark_factory,3033,high,2026-07-31T03:08:20.471363+00:00,2026-07-31T03:08:38.180078+00:00,0.0049,era_death,3,1,0,0.015,0.011,0.029,0,orchestrator/src/orchestrator/agents;orchestrator/src/orchestrator/workflow.py;orchestrator/tests/test_architect_all_committed_plan.py
dark_factory,3304,critical,2026-07-31T07:21:03.770509+00:00,2026-07-31T07:54:43.148784+00:00,0.5609,used,1,1,0,0.561,0.036,0.209,0,fused-memory/src/fused_memory/services
dark_factory,3304,critical,2026-07-31T08:36:40.701919+00:00,2026-07-31T08:58:52.123103+00:00,0.3698,used,3,1,0,1.110,0.375,4.439,0,dashboard/src/dashboard/data;fused-memory/src/fused_memory/services;fused-memory/tests/test_write_journal.py
dark_factory,3033,high,2026-07-31T03:13:00.727928+00:00,2026-07-31T09:25:32.853154+00:00,6.2089,used,3,1,0,18.627,12.420,3.161,0,orchestrator/src/orchestrator/agents;orchestrator/src/orchestrator/workflow.py;orchestrator/tests/test_architect_all_committed_plan.py
dark_factory,3057,high,2026-07-31T09:27:39.839309+00:00,2026-07-31T12:28:31.310838+00:00,3.0143,era_death,22,1,0,66.315,57.273,0.112,0,orchestrator/src/orchestrator/delivered_checks.py;orchestrator/src/orchestrator/harness.py;orchestrator/src/orchestrator/merge_queue.py;orchestrator/src/orchestrator/workflow.py;orchestrator/tests/test_coalesce_integration_gate.py;orchestrator/tests/test_delivered_check_gate.py;orchestrator/tests/test_delivered_check_gate_e2e.py;orchestrator/tests/test_harness_already_landed_gate_wiring.py;orchestrator/tests/test_harness_landed_dispatch_gate_wiring.py;orchestrator/tests/test_harness_merge_store_wiring.py;orchestrator/tests/test_harness_train_callbacks.py;orchestrator/tests/test_harness_warm_lane_wiring.py;orchestrator/tests/test_merge_queue.py;orchestrator/tests/test_merge_queue_coalesce.py;orchestrator/tests/test_merge_queue_landed_dispatch_gate.py;orchestrator/tests/test_merge_queue_landed_reconciler.py;orchestrator/tests/test_provenance_gate_integration.py;orchestrator/tests/test_reconcile_stranded.py;orchestrator/tests/test_scheduler_landed_dispatch_gate.py;orchestrator/tests/test_workflow_e2e.py;orchestrator/tests/test_workflow_merge_provenance.py;orchestrator/tests/test_workflow_state_machine_boundary.py
dark_factory,3057,high,2026-07-31T12:39:56.753131+00:00,2026-07-31T18:17:07.204603+00:00,5.6196,used,22,1,0,123.631,112.457,13.378,0,orchestrator/src/orchestrator/delivered_checks.py;orchestrator/src/orchestrator/harness.py;orchestrator/src/orchestrator/merge_queue.py;orchestrator/src/orchestrator/workflow.py;orchestrator/tests/test_coalesce_integration_gate.py;orchestrator/tests/test_delivered_check_gate.py;orchestrator/tests/test_delivered_check_gate_e2e.py;orchestrator/tests/test_harness_already_landed_gate_wiring.py;orchestrator/tests/test_harness_landed_dispatch_gate_wiring.py;orchestrator/tests/test_harness_merge_store_wiring.py;orchestrator/tests/test_harness_train_callbacks.py;orchestrator/tests/test_harness_warm_lane_wiring.py;orchestrator/tests/test_merge_queue.py;orchestrator/tests/test_merge_queue_coalesce.py;orchestrator/tests/test_merge_queue_landed_dispatch_gate.py;orchestrator/tests/test_merge_queue_landed_reconciler.py;orchestrator/tests/test_provenance_gate_integration.py;orchestrator/tests/test_reconcile_stranded.py;orchestrator/tests/test_scheduler_landed_dispatch_gate.py;orchestrator/tests/test_workflow_e2e.py;orchestrator/tests/test_workflow_merge_provenance.py;orchestrator/tests/test_workflow_state_machine_boundary.py
dark_factory,3060,high,2026-07-31T18:36:45.940153+00:00,2026-07-31T20:42:30.598207+00:00,2.0957,era_death,9,1,0,18.862,9.744,0.046,0,CLAUDE.md;OPERATIONS.md;orchestrator/src/orchestrator/config.py;orchestrator/src/orchestrator/git_ops.py;orchestrator/src/orchestrator/merge_gates.py;orchestrator/src/orchestrator/merge_queue.py;orchestrator/tests/test_config.py;orchestrator/tests/test_git_ops.py;orchestrator/tests/test_merge_gates.py
dark_factory,3060,high,2026-07-31T20:46:50.794919+00:00,2026-07-31T21:47:39.736546+00:00,1.0136,era_death,9,1,0,9.122,8.109,0.028,0,CLAUDE.md;OPERATIONS.md;orchestrator/src/orchestrator/config.py;orchestrator/src/orchestrator/git_ops.py;orchestrator/src/orchestrator/merge_gates.py;orchestrator/src/orchestrator/merge_queue.py;orchestrator/tests/test_config.py;orchestrator/tests/test_git_ops.py;orchestrator/tests/test_merge_gates.py
dark_factory,3060,high,2026-07-31T21:50:49.583735+00:00,2026-08-01T07:05:32.594539+00:00,9.2453,era_death,9,1,0,83.208,73.963,0.079,0,CLAUDE.md;OPERATIONS.md;orchestrator/src/orchestrator/config.py;orchestrator/src/orchestrator/git_ops.py;orchestrator/src/orchestrator/merge_gates.py;orchestrator/src/orchestrator/merge_queue.py;orchestrator/tests/test_config.py;orchestrator/tests/test_git_ops.py;orchestrator/tests/test_merge_gates.py
dark_factory,3060,high,2026-08-01T07:12:41.471753+00:00,2026-08-01T17:39:25.633282+00:00,10.4456,era_death,9,1,0,94.010,83.566,0.068,0,CLAUDE.md;OPERATIONS.md;orchestrator/src/orchestrator/config.py;orchestrator/src/orchestrator/git_ops.py;orchestrator/src/orchestrator/merge_gates.py;orchestrator/src/orchestrator/merge_queue.py;orchestrator/tests/test_config.py;orchestrator/tests/test_git_ops.py;orchestrator/tests/test_merge_gates.py
dark_factory,3060,high,2026-08-01T17:45:53.478269+00:00,2026-08-02T00:01:00.969859+00:00,6.2521,used,9,1,0,56.269,45.787,2.989,0,CLAUDE.md;OPERATIONS.md;orchestrator/src/orchestrator/config.py;orchestrator/src/orchestrator/git_ops.py;orchestrator/src/orchestrator/merge_gates.py;orchestrator/src/orchestrator/merge_queue.py;orchestrator/tests/test_config.py;orchestrator/tests/test_git_ops.py;orchestrator/tests/test_merge_gates.py
dark_factory,3076,high,2026-08-02T00:31:22.952923+00:00,2026-08-02T02:57:20.265938+00:00,2.4326,era_death,9,1,0,21.893,14.597,0.051,0,orchestrator/src/orchestrator/git_ops.py;orchestrator/src/orchestrator/harness.py;orchestrator/src/orchestrator/lane_lifecycle.py;orchestrator/src/orchestrator/workflow.py;orchestrator/tests/test_lane_in_use.py;orchestrator/tests/test_lane_lifecycle.py;orchestrator/tests/test_lane_lifecycle_gitops.py;orchestrator/tests/warm-lane/test_warm_lane_gc.sh;plans/warm-lane-infra-repatriation-prd.md
dark_factory,3060,high,2026-08-02T03:03:00.650562+00:00,2026-08-02T05:52:10.254169+00:00,2.8193,used,9,1,0,25.374,22.600,34.518,0,CLAUDE.md;OPERATIONS.md;orchestrator/src/orchestrator/config.py;orchestrator/src/orchestrator/git_ops.py;orchestrator/src/orchestrator/merge_gates.py;orchestrator/src/orchestrator/merge_queue.py;orchestrator/tests/test_config.py;orchestrator/tests/test_git_ops.py;orchestrator/tests/test_merge_gates.py
dark_factory,3076,high,2026-08-02T07:19:39.553335+00:00,2026-08-02T12:44:49.692038+00:00,5.4195,era_death,9,1,0,48.775,32.517,0.070,0,orchestrator/src/orchestrator/git_ops.py;orchestrator/src/orchestrator/harness.py;orchestrator/src/orchestrator/lane_lifecycle.py;orchestrator/src/orchestrator/workflow.py;orchestrator/tests/test_lane_in_use.py;orchestrator/tests/test_lane_lifecycle.py;orchestrator/tests/test_lane_lifecycle_gitops.py;orchestrator/tests/warm-lane/test_warm_lane_gc.sh;plans/warm-lane-infra-repatriation-prd.md
dark_factory,3076,high,2026-08-02T12:51:42.146792+00:00,2026-08-02T22:04:14.353909+00:00,9.2089,era_death,9,1,0,82.881,73.672,0.100,0,orchestrator/src/orchestrator/git_ops.py;orchestrator/src/orchestrator/harness.py;orchestrator/src/orchestrator/lane_lifecycle.py;orchestrator/src/orchestrator/workflow.py;orchestrator/tests/test_lane_in_use.py;orchestrator/tests/test_lane_lifecycle.py;orchestrator/tests/test_lane_lifecycle_gitops.py;orchestrator/tests/warm-lane/test_warm_lane_gc.sh;plans/warm-lane-infra-repatriation-prd.md
dark_factory,3076,high,2026-08-02T22:12:57.590689+00:00,2026-08-03T08:10:08.001634+00:00,9.9529,era_death,9,1,0,89.576,79.624,0.177,0,orchestrator/src/orchestrator/git_ops.py;orchestrator/src/orchestrator/harness.py;orchestrator/src/orchestrator/lane_lifecycle.py;orchestrator/src/orchestrator/workflow.py;orchestrator/tests/test_lane_in_use.py;orchestrator/tests/test_lane_lifecycle.py;orchestrator/tests/test_lane_lifecycle_gitops.py;orchestrator/tests/warm-lane/test_warm_lane_gc.sh;plans/warm-lane-infra-repatriation-prd.md
dark_factory,3076,high,2026-08-03T08:25:27.423428+00:00,2026-08-03T16:18:39.583412+00:00,7.8867,era_death,9,1,0,70.980,63.094,0.076,82,orchestrator/src/orchestrator/git_ops.py;orchestrator/src/orchestrator/harness.py;orchestrator/src/orchestrator/lane_lifecycle.py;orchestrator/src/orchestrator/workflow.py;orchestrator/tests/test_lane_in_use.py;orchestrator/tests/test_lane_lifecycle.py;orchestrator/tests/test_lane_lifecycle_gitops.py;orchestrator/tests/warm-lane/test_warm_lane_gc.sh;plans/warm-lane-infra-repatriation-prd.md
dark_factory,3256,critical,2026-08-03T09:39:42.962628+00:00,2026-08-03T16:18:39.583412+00:00,6.6491,era_death,6,1,0,39.894,33.246,0.313,0,orchestrator/src/orchestrator/config.py;orchestrator/src/orchestrator/event_store.py;orchestrator/src/orchestrator/harness.py;orchestrator/tests/test_crash_recovery.py;orchestrator/tests/test_session_resume_integration_gate.py;plans/warm-lane-session-resume-prd.md
dark_factory,3060,high,2026-08-03T16:25:57.534525+00:00,2026-08-03T17:29:58.666352+00:00,1.0670,silent_owner_dispatch_then_release,9,1,1,9.603,1.533,0.052,20,CLAUDE.md;OPERATIONS.md;orchestrator/src/orchestrator/config.py;orchestrator/src/orchestrator/git_ops.py;orchestrator/src/orchestrator/merge_gates.py;orchestrator/src/orchestrator/merge_queue.py;orchestrator/tests/test_config.py;orchestrator/tests/test_git_ops.py;orchestrator/tests/test_merge_gates.py
dark_factory,3256,critical,2026-08-03T16:37:27.272195+00:00,2026-08-03T17:30:01.550635+00:00,0.8762,era_death,7,1,0,6.133,0.002,42.478,0,orchestrator/src/orchestrator/config.py;orchestrator/src/orchestrator/event_store.py;orchestrator/src/orchestrator/harness.py;orchestrator/tests/test_config.py;orchestrator/tests/test_crash_recovery.py;orchestrator/tests/test_session_resume_integration_gate.py;plans/warm-lane-session-resume-prd.md
dark_factory,3060,high,2026-08-03T17:36:14.228899+00:00,2026-08-04T02:15:04.771987+00:00,8.6474,era_death,9,1,0,77.826,60.532,0.037,0,CLAUDE.md;OPERATIONS.md;orchestrator/src/orchestrator/config.py;orchestrator/src/orchestrator/git_ops.py;orchestrator/src/orchestrator/merge_gates.py;orchestrator/src/orchestrator/merge_queue.py;orchestrator/tests/test_config.py;orchestrator/tests/test_git_ops.py;orchestrator/tests/test_merge_gates.py
dark_factory,3060,high,2026-08-04T02:19:56.906384+00:00,2026-08-04T02:51:36.709765+00:00,0.5277,era_death,9,1,0,4.750,3.166,0.041,0,CLAUDE.md;OPERATIONS.md;orchestrator/src/orchestrator/config.py;orchestrator/src/orchestrator/git_ops.py;orchestrator/src/orchestrator/merge_gates.py;orchestrator/src/orchestrator/merge_queue.py;orchestrator/tests/test_config.py;orchestrator/tests/test_git_ops.py;orchestrator/tests/test_merge_gates.py
dark_factory,3060,high,2026-08-04T02:56:24.924893+00:00,2026-08-04T13:24:56.429626+00:00,10.4754,era_death,9,1,0,94.279,62.853,0.035,0,CLAUDE.md;OPERATIONS.md;orchestrator/src/orchestrator/config.py;orchestrator/src/orchestrator/git_ops.py;orchestrator/src/orchestrator/merge_gates.py;orchestrator/src/orchestrator/merge_queue.py;orchestrator/tests/test_config.py;orchestrator/tests/test_git_ops.py;orchestrator/tests/test_merge_gates.py
dark_factory,3060,high,2026-08-04T13:31:24.095122+00:00,2026-08-05T20:12:28.502533+00:00,30.6846,era_death,9,1,0,276.161,171.158,0.105,0,CLAUDE.md;OPERATIONS.md;orchestrator/src/orchestrator/config.py;orchestrator/src/orchestrator/git_ops.py;orchestrator/src/orchestrator/merge_gates.py;orchestrator/src/orchestrator/merge_queue.py;orchestrator/tests/test_config.py;orchestrator/tests/test_git_ops.py;orchestrator/tests/test_merge_gates.py
dark_factory,3536,critical,2026-08-05T10:16:08.686631+00:00,2026-08-05T20:12:28.502533+00:00,9.9388,era_death,2,1,1,19.878,8.848,,0,orchestrator/src/orchestrator/workflow.py;orchestrator/tests/test_workflow_merge_gating_strand.py
dark_factory,3060,high,2026-08-05T20:28:49.358326+00:00,2026-08-06T04:46:35.483831+00:00,8.2961,used,9,1,0,74.665,53.413,,0,CLAUDE.md;OPERATIONS.md;orchestrator/src/orchestrator/config.py;orchestrator/src/orchestrator/git_ops.py;orchestrator/src/orchestrator/merge_gates.py;orchestrator/src/orchestrator/merge_queue.py;orchestrator/tests/test_config.py;orchestrator/tests/test_git_ops.py;orchestrator/tests/test_merge_gates.py
dark_factory,3076,high,2026-08-06T05:55:07.528937+00:00,2026-08-06T14:48:47+00:00,8.8943,live,9,1,0,80.049,53.366,,31,orchestrator/src/orchestrator/git_ops.py;orchestrator/src/orchestrator/harness.py;orchestrator/src/orchestrator/lane_lifecycle.py;orchestrator/src/orchestrator/workflow.py;orchestrator/tests/test_lane_in_use.py;orchestrator/tests/test_lane_lifecycle.py;orchestrator/tests/test_lane_lifecycle_gitops.py;orchestrator/tests/warm-lane/test_warm_lane_gc.sh;plans/warm-lane-infra-repatriation-prd.md
dark_factory,3618,critical,2026-08-06T08:19:22.237135+00:00,2026-08-06T14:48:47+00:00,6.4902,live,17,1,0,110.334,84.373,,0,OPERATIONS.md;fused-memory/scripts/memory_eval_transcript_corpus.py;fused-memory/tests/test_memory_eval_transcript_corpus.py;orchestrator/src/orchestrator/git_ops.py;orchestrator/tests/test_transcript_archive_backstop.py;orchestrator/tests/test_transcript_archive_producer_hook.py;scripts/gc_agent_transcripts.py;scripts/legibility/digest.py;scripts/legibility/inventory.py;scripts/migrate_transcript_archive_gunzip.py;scripts/tests/test_gc_agent_transcripts.py;scripts/tests/test_legibility_digest.py;scripts/tests/test_legibility_inventory.py;scripts/tests/test_legibility_nightly.py;scripts/tests/test_migrate_transcript_archive_gunzip.py;shared/src/shared/transcript_archive.py;shared/tests/test_transcript_archive.py
